member_id,n_txns,first_txn,last_txn,days_since_last,active_span_days,lifetime_spend,avg_basket,points_balance,redemptions,channels_used,brands_used,main_brand,avg_gap_days,overdue_ratio,annualised_spend,tier,tier_rank,country,home_brand,email,flag_profile_conflicted,flag_shared_email
M11968,5,2023-11-11,2025-04-18,438,524,207.69,41.54,221.0,1,3,2,PulseEats,131.0,3.34,144.67,Platinum,4,US,PulseEats,member11968@example.com,false,false
M12014,7,2023-12-04,2025-07-23,342,597,433.39,61.91,788.0,0,3,3,PulseEats,99.5,3.44,264.97,Gold,3,IN,PulseEats,member12014@example.com,false,false
M12279,6,2024-10-04,2026-01-10,171,463,439.2,73.2,641.0,4,3,1,PulseHome,92.6,1.85,346.24,Silver,2,IN,PulseHome,member12279@example.com,false,false
M12622,4,2024-09-09,2025-09-28,275,384,274.12,68.53,564.0,1,2,2,PulseMart,128.0,2.15,260.56,Bronze,1,IN,PulseMart,member12622@example.com,false,false
M12640,4,2024-10-12,2025-10-24,249,377,214.42,53.61,376.0,0,2,1,PulseEats,125.7,1.98,207.59,Silver,2,US,PulseEats,member12640@example.com,false,false
M12778,7,2022-08-22,2025-06-29,366,1042,453.45,64.78,789.0,1,2,2,PulseHome,173.7,2.11,158.84,Bronze,1,US,PulseHome,member12778@example.com,false,false
M12810,6,2022-12-11,2025-05-08,418,879,433.93,72.32,749.0,1,3,2,PulseHome,175.8,2.38,180.19,Gold,3,IN,PulseHome,member12810@example.com,false,false
M12891,6,2024-05-17,2025-11-07,235,539,447.72,74.62,965.0,0,2,2,PulseMart,107.8,2.18,303.19,Silver,2,IN,PulseMart,member12891@example.com,false,false
M12902,6,2023-12-27,2025-06-13,382,534,334.6,55.77,618.0,1,3,1,PulseHome,106.8,3.58,228.71,Platinum,4,US,PulseHome,member12902@example.com,false,false
M12925,6,2024-08-13,2025-12-13,199,487,445.09,74.18,699.0,1,2,2,PulseEats,97.4,2.04,333.59,Gold,3,US,PulseEats,member12925@example.com,false,false
M13041,6,2024-12-05,2026-02-08,142,430,291.13,48.52,533.0,0,3,2,PulseEats,86.0,1.65,247.12,Silver,2,IN,PulseEats,member13041@example.com,false,false
M13284,5,2024-03-07,2025-06-09,386,459,210.62,42.12,369.0,0,2,1,PulseEats,114.8,3.36,167.49,Bronze,1,US,PulseEats,member13284@example.com,false,false
M13295,11,2025-03-08,2026-04-17,74,405,744.91,67.72,1409.0,1,3,2,PulseHome,40.5,1.83,671.34,Bronze,1,IN,PulseHome,member13295@example.com,false,false
M13641,6,2022-07-07,2025-03-03,484,970,429.51,71.58,901.0,1,3,1,PulseMart,194.0,2.49,161.62,Gold,3,US,PulseMart,member13641@example.com,false,false
M13883,4,2023-08-08,2025-07-05,360,697,256.07,64.02,449.0,0,2,1,PulseEats,232.3,1.55,134.1,Gold,3,IN,PulseEats,member13883@example.com,false,false
M14057,4,2023-05-14,2025-04-12,444,699,275.25,68.81,538.0,0,3,2,PulseHome,233.0,1.91,143.73,Silver,2,IN,PulseHome,member14057@example.com,false,false
M14435,4,2024-03-11,2025-04-30,426,415,352.87,88.22,725.0,0,2,2,PulseHome,138.3,3.08,310.36,Platinum,4,IN,PulseHome,member14435@example.com,false,false
M15283,4,2023-04-12,2025-05-01,425,750,159.88,39.97,284.0,1,2,1,PulseMart,250.0,1.7,77.81,Bronze,1,US,PulseMart,member15283@example.com,false,false
M15403,6,2021-05-24,2025-02-17,498,1365,345.44,57.57,643.0,0,2,2,PulseEats,273.0,1.82,92.37,Gold,3,SG,PulseEats,member15403@example.com,false,false
M15489,4,2022-09-16,2025-03-13,474,909,124.75,31.19,238.0,0,2,2,PulseHome,303.0,1.56,50.09,Silver,2,US,PulseHome,member15489@example.com,false,false
M15529,6,2024-09-30,2025-10-22,251,387,344.07,57.35,779.0,0,3,2,PulseMart,77.4,3.24,324.51,Silver,2,SG,PulseMart,member15529@example.com,false,false
M16301,8,2022-07-04,2025-08-06,328,1129,424.77,53.1,752.0,0,2,2,PulseEats,161.3,2.03,137.33,Bronze,1,IN,PulseEats,member16301@example.com,false,false
M16373,6,2024-03-08,2025-07-02,363,481,628.57,104.76,931.0,3,3,1,PulseEats,96.2,3.77,476.98,Bronze,1,US,PulseEats,member16373@example.com,false,false
M16941,4,2024-11-19,2025-12-04,208,380,240.64,60.16,314.0,1,3,1,PulseHome,126.7,1.64,231.14,Silver,2,US,PulseHome,member16941@example.com,false,false
M16983,7,2022-01-14,2025-04-13,443,1185,691.24,98.75,1124.0,2,3,3,PulseEats,197.5,2.24,212.91,Gold,3,GB,PulseEats,member16983@example.com,false,false
M17193,4,2023-10-03,2025-01-11,535,466,225.81,56.45,499.0,0,1,2,PulseMart,155.3,3.44,176.87,Gold,3,SG,PulseMart,member17193@example.com,false,false
M17725,5,2024-12-30,2026-01-27,154,393,528.57,105.71,1140.0,0,3,2,PulseHome,98.3,1.57,490.91,Gold,3,US,PulseHome,member17725@example.com,false,false
M17851,8,2023-02-27,2025-11-14,228,991,468.47,58.56,886.0,1,3,1,PulseHome,141.6,1.61,172.54,Bronze,1,IN,PulseHome,member17851@example.com,false,false
M17866,4,2023-04-23,2025-05-08,418,746,252.59,63.15,342.0,1,2,1,PulseEats,248.7,1.68,123.59,Gold,3,SG,PulseEats,member17866@example.com,false,false
M18055,5,2023-02-12,2025-03-26,461,773,157.41,31.48,226.0,1,2,1,PulseEats,193.3,2.39,74.33,Bronze,1,US,PulseEats,member18055@example.com,false,false
M18207,8,2023-01-19,2025-05-28,398,860,488.85,61.11,959.0,2,3,1,PulseMart,122.9,3.24,207.48,Gold,3,US,PulseMart,member18207@example.com,false,false
M18273,7,2022-12-22,2025-08-03,331,955,469.02,67.0,682.0,2,3,2,PulseHome,159.2,2.08,179.26,Bronze,1,US,PulseHome,member18273@example.com,false,false
M18302,5,2023-08-31,2025-02-24,491,543,377.3,75.46,711.0,0,2,3,PulseEats,135.8,3.62,253.62,Bronze,1,SG,PulseEats,member18302@example.com,false,false
M18582,4,2022-12-18,2025-02-15,500,790,201.89,50.47,199.0,2,3,2,PulseHome,263.3,1.9,93.28,Silver,2,IN,PulseHome,member18582@example.com,false,false
M18971,7,2022-04-17,2025-06-16,379,1156,730.65,104.38,1178.0,1,3,1,PulseEats,192.7,1.97,230.7,Gold,3,SG,PulseEats,member18971@example.com,false,false
M19186,5,2023-04-13,2025-01-19,527,647,310.97,62.19,715.0,0,3,1,PulseMart,161.8,3.26,175.43,Bronze,1,US,PulseMart,member19186@example.com,false,false
M19200,4,2023-01-30,2025-03-23,464,783,285.25,71.31,656.0,0,3,1,PulseMart,261.0,1.78,132.97,Bronze,1,IN,PulseMart,member19200@example.com,false,false
M19658,6,2024-02-24,2025-06-19,376,481,409.67,68.28,835.0,0,3,2,PulseHome,96.2,3.91,310.87,Bronze,1,GB,PulseHome,member19658@example.com,false,false
M19777,6,2022-12-14,2025-03-11,476,818,384.65,64.11,394.0,3,3,1,PulseEats,163.6,2.91,171.63,Bronze,1,IN,PulseEats,member19777@example.com,false,false
M20271,8,2023-04-18,2025-06-14,381,788,475.49,59.44,894.0,3,3,1,PulseMart,112.6,3.38,220.25,Platinum,4,SG,PulseMart,member20271@example.com,false,false
M20294,5,2022-04-01,2025-04-14,442,1109,354.57,70.91,716.0,1,3,1,PulseMart,277.3,1.59,116.7,Bronze,1,IN,PulseMart,member20294@example.com,false,false
M20557,6,2024-04-26,2025-10-11,262,533,329.54,54.92,545.0,1,2,2,PulseEats,106.6,2.46,225.67,Bronze,1,IN,PulseEats,member20557@example.com,false,false
M20650,10,2024-12-16,2026-04-06,85,476,838.8,83.88,1325.0,2,3,2,PulseEats,52.9,1.61,643.2,Silver,2,US,PulseEats,member20650@example.com,false,false
M21245,4,2023-09-05,2025-05-05,421,608,253.75,63.44,508.0,0,2,1,PulseHome,202.7,2.08,152.33,Platinum,4,IN,PulseHome,member21245@example.com,false,false
M21964,5,2024-04-25,2025-10-27,246,550,199.27,39.85,399.0,0,2,1,PulseHome,137.5,1.79,132.24,Bronze,1,US,PulseHome,member21964@example.com,false,false
M23023,7,2024-03-16,2025-11-22,220,616,519.45,74.21,891.0,2,3,2,PulseHome,102.7,2.14,307.79,Silver,2,IN,PulseHome,member23023@example.com,false,false
M23352,6,2022-10-17,2025-03-23,464,888,467.63,77.94,819.0,0,3,1,PulseEats,177.6,2.61,192.21,Silver,2,IN,PulseEats,member23352@example.com,false,false
M23522,5,2023-12-10,2025-05-30,396,537,507.8,101.56,906.0,2,3,1,PulseHome,134.3,2.95,345.15,Gold,3,GB,PulseHome,member23522@example.com,false,false
M23786,6,2023-02-13,2025-09-06,297,936,369.99,61.67,852.0,0,3,1,PulseMart,187.2,1.59,144.28,Bronze,1,AE,PulseMart,member23786@example.com,false,false
M23827,6,2021-11-29,2025-04-25,431,1243,502.0,83.67,946.0,2,2,1,PulseMart,248.6,1.73,147.41,Platinum,4,IN,PulseMart,member23827@example.com,false,false
M23959,7,2022-02-19,2025-05-02,424,1168,331.26,47.32,320.0,3,2,2,PulseEats,194.7,2.18,103.52,Bronze,1,US,PulseEats,member23959@example.com,false,false
M24379,7,2023-09-22,2025-11-17,225,787,546.65,78.09,956.0,0,3,1,PulseEats,131.2,1.72,253.53,Gold,3,IN,PulseEats,member24379@example.com,false,false
M24455,5,2024-09-11,2025-11-28,214,443,452.18,90.44,736.0,1,2,1,PulseEats,110.8,1.93,372.56,Bronze,1,IN,PulseEats,member24455@example.com,false,false
M24488,7,2024-02-07,2025-08-01,333,541,417.04,59.58,935.0,0,3,2,PulseMart,90.2,3.69,281.37,Silver,2,US,PulseMart,member24488@example.com,false,false
M25361,4,2023-09-07,2025-07-18,347,680,231.6,57.9,441.0,0,2,2,PulseHome,226.7,1.53,124.31,Platinum,4,US,PulseHome,member25361@example.com,false,false
M25812,6,2023-06-21,2025-09-06,297,808,390.65,65.11,536.0,2,2,1,PulseEats,161.6,1.84,176.47,Bronze,1,AE,PulseEats,member25812@example.com,false,false
M26335,4,2023-02-23,2025-01-13,533,690,324.45,81.11,584.0,0,3,2,PulseEats,230.0,2.32,171.63,Gold,3,US,PulseEats,member26335@example.com,false,false
M26542,4,2024-04-11,2025-07-21,344,466,231.86,57.97,506.0,0,3,2,PulseMart,155.3,2.21,181.61,Silver,2,US,PulseMart,member26542@example.com,false,false
M26987,4,2024-04-22,2025-06-14,381,418,230.56,57.64,461.0,0,2,1,PulseHome,139.3,2.73,201.33,Bronze,1,US,PulseHome,member26987@example.com,false,false
M27116,5,2023-09-16,2025-05-08,418,600,370.5,74.1,709.0,2,3,1,PulseMart,150.0,2.79,225.39,Bronze,1,US,PulseMart,member27116@example.com,false,false
M27170,5,2023-01-06,2025-06-30,365,906,503.86,100.77,892.0,0,3,2,PulseEats,226.5,1.61,202.99,Silver,2,AE,PulseEats,member27170@example.com,false,false
M27373,5,2023-10-16,2025-04-30,426,562,441.72,88.34,735.0,1,3,1,PulseEats,140.5,3.03,286.88,Bronze,1,IN,PulseEats,member27373@example.com,false,false
M27385,4,2023-10-06,2025-04-15,441,557,250.63,62.66,451.0,1,2,1,PulseHome,185.7,2.38,164.24,Bronze,1,US,PulseHome,member27385@example.com,false,false
M27519,4,2024-03-06,2025-05-19,407,439,250.82,62.71,502.0,1,2,1,PulseMart,146.3,2.78,208.54,Silver,2,IN,PulseMart,member27519@example.com,false,false
M27560,4,2024-06-04,2025-09-27,276,480,158.88,39.72,315.0,1,3,1,PulseMart,160.0,1.73,120.82,Bronze,1,SG,PulseMart,member27560@example.com,false,false
M27694,8,2024-02-05,2025-08-30,304,572,575.81,71.98,889.0,2,3,1,PulseEats,81.7,3.72,367.43,Gold,3,IN,PulseEats,member27694@example.com,false,false
M27769,7,2025-01-29,2026-03-09,113,404,235.23,33.6,407.0,1,3,2,PulseMart,67.3,1.68,212.52,Bronze,1,AE,PulseMart,member27769@example.com,false,false
M27893,5,2021-11-27,2025-02-13,502,1174,233.06,46.61,536.0,0,3,1,PulseMart,293.5,1.71,72.46,Bronze,1,SG,PulseMart,member27893@example.com,false,false
M27943,4,2023-05-30,2025-02-01,514,613,214.85,53.71,295.0,1,2,1,PulseMart,204.3,2.52,127.93,Platinum,4,IN,PulseMart,member27943@example.com,false,false
M28227,5,2024-05-16,2025-07-15,350,425,229.73,45.95,528.0,0,3,1,PulseMart,106.3,3.29,197.3,Gold,3,US,PulseMart,member28227@example.com,false,false
M28860,6,2024-03-17,2025-07-22,343,492,361.86,60.31,832.0,0,3,1,PulseMart,98.4,3.49,268.45,Silver,2,US,PulseMart,member28860@example.com,false,false
M29192,9,2023-04-23,2025-08-19,315,849,683.04,75.89,1295.0,1,3,2,PulseHome,106.1,2.97,293.65,Bronze,1,US,PulseHome,member29192@example.com,false,false
M29798,5,2024-01-07,2025-09-30,273,632,254.17,50.83,469.0,0,3,2,PulseEats,158.0,1.73,146.79,Bronze,1,AE,PulseEats,member29798@example.com,false,false
M30013,6,2024-06-15,2025-11-19,223,522,370.04,61.67,758.0,0,3,2,PulseHome,104.4,2.14,258.74,Silver,2,IN,PulseHome,member30013@example.com,false,false
M30259,5,2023-03-16,2025-01-08,538,664,331.33,66.27,663.0,0,2,1,PulseHome,166.0,3.24,182.13,Bronze,1,SG,PulseHome,member30259@example.com,false,false
M30323,4,2024-08-03,2025-08-05,329,367,229.96,57.49,529.0,0,1,1,PulseMart,122.3,2.69,228.71,Bronze,1,IN,PulseMart,member30323@example.com,false,false
M30641,5,2023-08-24,2025-02-28,487,554,242.52,48.5,308.0,3,3,1,PulseEats,138.5,3.52,159.78,Platinum,4,US,PulseEats,member30641@example.com,false,false
M30765,6,2023-08-11,2025-10-20,253,801,380.33,63.39,844.0,0,3,2,PulseMart,160.2,1.58,173.31,Silver,2,US,PulseMart,member30765@example.com,false,false
M30827,6,2024-02-26,2025-11-30,212,643,490.78,81.8,917.0,2,3,2,PulseMart,128.6,1.65,278.59,Gold,3,SG,PulseMart,member30827@example.com,false,false
M30834,4,2023-08-13,2025-05-21,405,647,541.12,135.28,643.0,2,2,1,PulseEats,215.7,1.88,305.27,Bronze,1,US,PulseEats,member30834@example.com,false,false
M31430,5,2024-03-29,2025-05-16,410,413,395.74,79.15,810.0,1,2,1,PulseMart,103.3,3.97,349.75,Bronze,1,SG,PulseMart,member31430@example.com,false,false
M31570,5,2024-08-15,2025-11-12,230,454,310.03,62.01,543.0,1,3,2,PulseHome,113.5,2.03,249.25,Silver,2,US,PulseHome,member31570@example.com,false,false
M31932,7,2023-09-08,2025-10-20,253,773,371.93,53.13,749.0,0,3,3,PulseHome,128.8,1.96,175.62,Bronze,1,US,PulseHome,member31932@example.com,false,false
M32695,7,2023-03-18,2025-08-30,304,896,478.83,68.4,958.0,0,3,1,PulseHome,149.3,2.04,195.06,Bronze,1,IN,PulseHome,member32695@example.com,false,false
M33075,10,2021-07-30,2025-09-07,296,1500,491.75,49.18,778.0,2,3,2,PulseEats,166.7,1.78,119.66,Bronze,1,US,PulseEats,member33075@example.com,false,false
M33085,7,2022-12-30,2025-07-03,362,916,554.88,79.27,993.0,1,3,2,PulseHome,152.7,2.37,221.1,Bronze,1,US,PulseHome,member33085@example.com,false,false
M33790,9,2022-12-30,2025-12-09,203,1075,647.51,71.95,897.0,3,3,2,PulseEats,134.4,1.51,219.85,Silver,2,IN,PulseEats,member33790@example.com,false,false
M33842,6,2024-02-27,2025-11-21,221,633,440.85,73.48,724.0,1,3,1,PulseEats,126.6,1.75,254.2,Gold,3,IN,PulseEats,member33842@example.com,false,false
M34662,7,2022-11-29,2025-08-02,332,977,403.63,57.66,725.0,0,3,2,PulseEats,162.8,2.04,150.79,Silver,2,IN,PulseEats,member34662@example.com,false,false
M34703,5,2022-09-22,2025-01-11,535,842,279.28,55.86,489.0,0,2,1,PulseEats,210.5,2.54,121.07,Gold,3,SG,PulseEats,member34703@example.com,false,false
M34736,9,2024-06-16,2026-02-17,133,611,606.61,67.4,1209.0,2,3,1,PulseMart,76.4,1.74,362.38,Platinum,4,IN,PulseMart,member34736@example.com,false,false
M35651,7,2021-12-29,2025-07-01,364,1280,642.17,91.74,1301.0,0,3,2,PulseHome,213.3,1.71,183.12,Gold,3,IN,PulseHome,member35651@example.com,false,false
M35847,6,2022-07-12,2025-07-04,361,1088,360.9,60.15,630.0,0,3,1,PulseEats,217.6,1.66,121.07,Bronze,1,SG,PulseEats,member35847@example.com,false,false
M36212,8,2023-08-10,2025-12-07,205,850,322.53,40.32,696.0,1,3,1,PulseMart,121.4,1.69,138.5,Gold,3,IN,PulseMart,member36212@example.com,false,false
M36278,5,2023-06-01,2025-04-08,448,677,415.5,83.1,955.0,0,3,1,PulseMart,169.3,2.65,224.01,Gold,3,IN,PulseMart,member36278@example.com,false,false
M36287,7,2022-10-30,2025-07-10,355,984,466.55,66.65,917.0,0,3,2,PulseEats,164.0,2.16,173.06,Bronze,1,IN,PulseEats,member36287@example.com,false,false
M36533,4,2023-07-01,2025-06-20,375,720,206.61,51.65,424.0,1,3,1,PulseMart,240.0,1.56,104.74,Silver,2,IN,PulseMart,member36533@example.com,false,false
M36837,5,2021-09-18,2025-01-06,540,1206,284.41,56.88,498.0,0,2,1,PulseEats,301.5,1.79,86.08,Bronze,1,IN,PulseEats,member36837@example.com,false,false
M37294,5,2024-03-02,2025-07-25,340,510,130.65,26.13,300.0,0,3,1,PulseMart,127.5,2.67,93.5,Bronze,1,US,PulseMart,member37294@example.com,false,false
M37544,6,2023-11-07,2025-09-02,301,665,273.44,45.57,453.0,1,3,2,PulseEats,133.0,2.26,150.08,Bronze,1,IN,PulseEats,member37544@example.com,false,false
M38128,4,2023-03-17,2025-04-14,442,759,283.0,70.75,569.0,1,3,2,PulseMart,253.0,1.75,136.09,Bronze,1,IN,PulseMart,member38128@example.com,false,false
M38187,4,2024-02-24,2025-04-17,439,418,248.16,62.04,571.0,0,3,1,PulseMart,139.3,3.15,216.69,Silver,2,IN,PulseMart,member38187@example.com,false,false
M38290,6,2022-04-20,2025-04-06,450,1082,513.23,85.54,779.0,2,3,2,PulseEats,216.4,2.08,173.13,Silver,2,US,PulseEats,member38290@example.com,false,false
M38379,5,2024-02-09,2025-09-07,296,576,373.36,74.67,521.0,2,3,1,PulseHome,144.0,2.06,236.59,Silver,2,IN,PulseHome,member38379@example.com,false,false
M38578,5,2024-07-13,2025-10-13,260,457,265.06,53.01,545.0,1,3,1,PulseMart,114.3,2.28,211.7,Bronze,1,US,PulseMart,member38578@example.com,false,false
M39256,4,2024-01-14,2025-03-24,463,435,219.7,54.93,334.0,1,3,1,PulseEats,145.0,3.19,184.35,Silver,2,IN,PulseEats,member39256@example.com,false,false
M39327,5,2024-07-26,2025-11-26,216,488,286.83,57.37,520.0,1,3,1,PulseHome,122.0,1.77,214.53,Silver,2,AE,PulseHome,member39327@example.com,false,false
M39411,4,2024-04-12,2025-09-07,296,513,183.1,45.78,356.0,0,2,2,PulseHome,171.0,1.73,130.28,Platinum,4,US,PulseHome,member39411@example.com,false,false
M39521,5,2022-12-22,2025-04-19,437,849,424.26,84.85,761.0,1,2,2,PulseEats,212.3,2.06,182.4,Platinum,4,AE,PulseEats,member39521@example.com,false,false
M39926,7,2023-09-18,2025-11-17,225,791,300.96,42.99,611.0,0,3,2,PulseHome,131.8,1.71,138.88,Platinum,4,SG,PulseHome,member39926@example.com,false,false
M02297,4,2024-07-27,2025-09-01,302,401,1396.06,349.02,2791.0,0,3,1,PulseHome,133.7,2.26,1270.73,Gold,3,AE,PulseHome,member02297@example.com,false,false
M15306,6,2024-09-06,2025-11-04,238,424,1792.97,298.83,3586.0,0,3,1,PulseHome,84.8,2.81,1543.48,Bronze,1,US,PulseHome,member15306@example.com,false,false
M39504,5,2024-06-24,2025-09-06,297,439,1648.48,329.7,3791.0,0,3,1,PulseMart,109.8,2.71,1370.6,Gold,3,US,PulseMart,member39504@example.com,false,false
M18242,4,2024-06-27,2025-07-06,359,374,1190.94,297.74,2382.0,0,2,1,PulseHome,124.7,2.88,1162.28,Silver,2,IN,PulseHome,member18242@example.com,false,false
M08580,6,2024-06-26,2025-10-24,249,485,1955.75,325.96,3912.0,0,2,1,PulseHome,97.0,2.57,1471.85,Gold,3,SG,PulseHome,member08580@example.com,false,false
M05847,6,2024-07-22,2025-10-28,245,463,1952.2,325.37,3906.0,0,3,1,PulseHome,92.6,2.65,1538.99,Gold,3,US,PulseHome,member05847@example.com,false,false
M11230,5,2024-10-01,2025-10-20,253,384,1621.98,324.4,2839.0,0,3,1,PulseEats,96.0,2.64,1541.73,Bronze,1,AE,PulseEats,member11230@example.com,false,false
M06855,5,2024-06-14,2025-07-08,357,389,1344.36,268.87,3092.0,0,3,1,PulseMart,97.3,3.67,1261.42,Gold,3,US,PulseMart,member06855@example.com,false,false
M36096,5,2024-09-03,2025-11-24,218,447,1505.83,301.17,2635.0,0,3,1,PulseEats,111.8,1.95,1229.59,Gold,3,SG,PulseEats,member36096@example.com,false,false
M39036,4,2024-10-21,2025-11-20,222,395,1102.58,275.65,2205.0,0,3,1,PulseHome,131.7,1.69,1018.84,Silver,2,SG,PulseHome,member39036@example.com,false,false
M05500,4,2024-06-10,2025-09-06,297,453,870.24,217.56,1740.0,0,3,1,PulseHome,151.0,1.97,701.19,Bronze,1,US,PulseHome,member05500@example.com,false,false
M15504,4,2024-11-14,2025-11-25,217,376,1311.53,327.88,3016.0,0,2,1,PulseMart,125.3,1.73,1273.16,Platinum,4,IN,PulseMart,member15504@example.com,false,false
M26749,6,2024-09-10,2025-10-01,272,386,2010.49,335.08,4020.0,0,2,1,PulseHome,77.2,3.52,1901.11,Bronze,1,AE,PulseHome,member26749@example.com,false,false
M11591,5,2023-12-16,2025-10-09,264,663,273.83,54.77,397.0,2,3,1,PulseHome,165.8,1.59,150.75,Platinum,4,SG,PulseHome,member11591@example.com,false,false
M00185,4,2024-08-25,2025-08-26,308,366,194.64,48.66,439.0,0,2,2,PulseMart,122.0,2.52,194.11,Bronze,1,US,PulseMart,member00185@example.com,false,false
M10956,6,2023-11-11,2025-11-07,235,727,341.39,56.9,576.0,1,3,2,PulseEats,145.4,1.62,171.4,Bronze,1,IN,PulseEats,member10956@example.com,false,false
M00906,4,2024-04-09,2025-09-10,293,519,306.34,76.59,497.0,1,2,1,PulseEats,173.0,1.69,215.44,Bronze,1,IN,PulseEats,member00906@example.com,false,false
M00363,5,2023-08-24,2025-06-26,369,672,169.71,33.94,376.0,0,2,2,PulseMart,168.0,2.2,92.18,Bronze,1,US,PulseMart,member00363@example.com,false,false
M00473,5,2024-01-26,2025-09-21,282,604,249.52,49.9,500.0,1,2,2,PulseMart,151.0,1.87,150.79,Bronze,1,IN,PulseMart,member00473@example.com,false,false
M00613,5,2024-05-18,2025-09-25,278,495,268.47,53.69,534.0,1,3,2,PulseHome,123.8,2.25,197.96,Bronze,1,SG,PulseHome,member00613@example.com,false,false
M00660,6,2024-01-16,2025-08-27,307,589,451.8,75.3,826.0,2,2,2,PulseMart,117.8,2.61,279.98,Silver,2,IN,PulseMart,member00660@example.com,false,false
M01237,6,2022-03-13,2025-03-02,485,1085,349.82,58.3,700.0,0,3,1,PulseHome,217.0,2.24,117.68,Bronze,1,US,PulseHome,member01237@example.com,false,false
M01275,4,2023-10-04,2025-05-22,404,596,214.63,53.66,411.0,0,3,2,PulseEats,198.7,2.03,131.44,Gold,3,IN,PulseEats,member01275@example.com,false,false
M01407,7,2024-11-20,2026-02-05,145,442,715.21,102.17,1643.0,0,3,1,PulseMart,73.7,1.97,590.61,Silver,2,US,PulseMart,member01407@example.com,false,false
M01560,5,2023-06-14,2025-06-28,367,745,188.61,37.72,378.0,0,3,1,PulseHome,186.3,1.97,92.41,Gold,3,US,PulseHome,member01560@example.com,false,false
M01673,6,2023-08-14,2025-09-22,281,770,434.51,72.42,713.0,1,3,1,PulseEats,154.0,1.82,205.97,Silver,2,IN,PulseEats,member01673@example.com,false,false
M01918,7,2022-06-16,2025-05-28,398,1077,532.44,76.06,1061.0,1,3,2,PulseHome,179.5,2.22,180.45,Gold,3,US,PulseHome,member01918@example.com,false,false
M02532,5,2024-06-14,2025-10-23,250,496,385.1,77.02,465.0,2,2,2,PulseHome,124.0,2.02,283.39,Gold,3,IN,PulseHome,member02532@example.com,false,false
M02694,9,2022-05-12,2025-02-25,490,1020,373.84,41.54,859.0,0,3,1,PulseMart,127.5,3.84,133.78,Silver,2,IN,PulseMart,member02694@example.com,false,false
M03013,9,2022-01-31,2025-04-29,427,1184,488.3,54.26,777.0,2,3,1,PulseHome,148.0,2.89,150.53,Bronze,1,IN,PulseHome,member03013@example.com,false,false
M03080,6,2022-03-02,2025-01-06,540,1041,615.31,102.55,962.0,1,3,1,PulseEats,208.2,2.59,215.74,Bronze,1,AE,PulseEats,member03080@example.com,false,false
M03456,7,2021-12-13,2025-05-28,398,1262,463.88,66.27,561.0,4,3,1,PulseHome,210.3,1.89,134.16,Silver,2,SG,PulseHome,member03456@example.com,false,false
M03494,5,2023-09-12,2025-07-17,348,674,421.44,84.29,906.0,1,2,1,PulseMart,168.5,2.07,228.23,Silver,2,SG,PulseMart,member03494@example.com,false,false
M03639,4,2024-07-14,2025-08-28,306,410,208.8,52.2,435.0,0,3,2,PulseHome,136.7,2.24,185.88,Silver,2,IN,PulseHome,member03639@example.com,false,false
M03695,7,2022-10-16,2025-10-03,270,1083,484.65,69.24,1094.0,0,3,2,PulseMart,180.5,1.5,163.34,Gold,3,US,PulseMart,member03695@example.com,false,false
M03788,7,2024-10-04,2026-01-06,175,459,419.46,59.92,687.0,1,3,2,PulseHome,76.5,2.29,333.56,Platinum,4,GB,PulseHome,member03788@example.com,false,false
M03815,5,2023-07-01,2025-08-06,328,767,274.12,54.82,480.0,0,1,1,PulseEats,191.8,1.71,130.45,Bronze,1,US,PulseEats,member03815@example.com,false,false
M04161,5,2024-07-25,2025-09-23,280,425,263.9,52.78,425.0,1,2,1,PulseEats,106.3,2.64,226.64,Silver,2,IN,PulseEats,member04161@example.com,false,false
M04794,7,2022-09-29,2025-09-01,302,1068,385.43,55.06,554.0,2,3,2,PulseHome,178.0,1.7,131.72,Silver,2,IN,PulseHome,member04794@example.com,false,false
M04828,4,2023-05-04,2025-05-16,410,743,160.38,40.1,321.0,0,3,1,PulseHome,247.7,1.66,78.79,Bronze,1,IN,PulseHome,member04828@example.com,false,false
M04879,5,2024-10-25,2025-11-01,241,372,268.75,53.75,325.0,2,3,1,PulseMart,93.0,2.59,263.69,Silver,2,AE,PulseMart,member04879@example.com,false,false
M05408,5,2024-05-23,2025-11-05,237,531,480.72,96.14,555.0,2,2,1,PulseEats,132.8,1.79,330.44,Bronze,1,AE,PulseEats,member05408@example.com,false,false
M05537,4,2023-06-16,2025-01-07,539,571,341.91,85.48,548.0,1,2,1,PulseEats,190.3,2.83,218.56,Bronze,1,IN,PulseEats,member05537@example.com,false,false
M05553,9,2021-07-02,2025-05-27,399,1425,1433.91,159.32,2815.0,1,3,2,PulseHome,178.1,2.24,367.28,Bronze,1,AE,PulseHome,member05553@example.com,false,false
M05650,6,2022-05-30,2025-03-22,465,1027,457.61,76.27,893.0,0,3,2,PulseHome,205.4,2.26,162.64,Silver,2,IN,PulseHome,member05650@example.com,false,false
M05812,4,2024-03-27,2025-08-18,316,509,197.36,49.34,81.0,3,2,1,PulseEats,169.7,1.86,141.53,Silver,2,IN,PulseEats,member05812@example.com,false,false
M06012,5,2023-06-12,2025-08-04,330,784,355.92,71.18,612.0,1,3,1,PulseHome,196.0,1.68,165.7,Silver,2,GB,PulseHome,member06012@example.com,false,false
M06441,7,2022-12-11,2025-05-31,395,902,379.67,54.24,644.0,1,3,2,PulseEats,150.3,2.63,153.64,Bronze,1,IN,PulseEats,member06441@example.com,false,false
M06612,6,2023-06-07,2025-08-27,307,812,311.37,51.9,717.0,0,3,1,PulseMart,162.4,1.89,139.96,Bronze,1,SG,PulseMart,member06612@example.com,false,false
M06711,5,2023-02-24,2025-05-27,399,823,732.33,146.47,1264.0,1,3,1,PulseHome,205.8,1.94,324.79,Bronze,1,GB,PulseHome,member06711@example.com,false,false
M06817,5,2023-01-01,2025-03-13,474,802,270.36,54.07,474.0,0,3,1,PulseEats,200.5,2.36,123.04,Silver,2,IN,PulseEats,member06817@example.com,false,false
M06879,4,2024-02-28,2025-09-13,290,563,149.48,37.37,288.0,0,2,2,PulseHome,187.7,1.55,96.91,Bronze,1,US,PulseHome,member06879@example.com,false,false
M07069,5,2024-06-16,2025-11-03,239,505,299.47,59.89,523.0,0,3,1,PulseEats,126.3,1.89,216.45,Bronze,1,IN,PulseEats,member07069@example.com,false,false
M07296,4,2023-03-19,2025-05-13,413,786,233.66,58.42,374.0,1,2,2,PulseMart,262.0,1.58,108.51,Bronze,1,AE,PulseMart,member07296@example.com,false,false
M07455,8,2023-10-26,2025-12-22,190,788,609.88,76.23,1066.0,0,2,1,PulseEats,112.6,1.69,282.5,Gold,3,US,PulseEats,member07455@example.com,false,false
M08028,4,2024-06-27,2025-09-24,279,454,246.72,61.68,417.0,1,2,1,PulseMart,151.3,1.84,198.35,Silver,2,US,PulseMart,member08028@example.com,false,false
M08039,4,2023-05-24,2025-04-23,433,700,470.98,117.75,824.0,0,2,1,PulseEats,233.3,1.86,245.58,Silver,2,AE,PulseEats,member08039@example.com,false,false
M08222,7,2023-08-05,2025-06-23,372,688,523.78,74.83,962.0,1,2,1,PulseHome,114.7,3.24,277.88,Silver,2,US,PulseHome,member08222@example.com,false,false
M08356,8,2024-02-10,2026-01-16,165,706,389.29,48.66,486.0,3,3,1,PulseHome,100.9,1.64,201.26,Bronze,1,IN,PulseHome,member08356@example.com,false,false
M08617,8,2022-07-02,2025-09-15,288,1171,626.23,78.28,949.0,2,3,3,PulseEats,167.3,1.72,195.2,Gold,3,AE,PulseEats,member08617@example.com,false,false
M08741,4,2023-11-04,2025-07-01,364,605,239.31,59.83,414.0,1,2,1,PulseMart,201.7,1.8,144.38,Silver,2,IN,PulseMart,member08741@example.com,false,false
M08761,7,2021-11-13,2025-04-27,429,1261,400.77,57.25,701.0,0,3,1,PulseEats,210.2,2.04,116.0,Silver,2,IN,PulseEats,member08761@example.com,false,false
M08911,9,2024-09-12,2026-02-14,136,520,539.49,59.94,1085.0,0,3,2,PulseHome,65.0,2.09,378.68,Bronze,1,US,PulseHome,member08911@example.com,false,false
M08980,4,2024-07-18,2025-07-28,337,375,335.06,83.77,670.0,0,3,1,PulseHome,125.0,2.7,326.13,Gold,3,SG,PulseHome,member08980@example.com,false,false
M09798,6,2022-03-04,2025-03-18,469,1110,369.73,61.62,769.0,0,3,2,PulseHome,222.0,2.11,121.58,Bronze,1,US,PulseHome,member09798@example.com,false,false
M10678,5,2023-09-05,2025-08-07,327,702,256.65,51.33,364.0,2,3,1,PulseHome,175.5,1.86,133.44,Bronze,1,AE,PulseHome,member10678@example.com,false,false
M10724,5,2023-03-16,2025-06-27,368,834,426.06,85.21,568.0,2,2,1,PulseEats,208.5,1.76,186.47,Gold,3,IN,PulseEats,member10724@example.com,false,false
M10798,5,2024-12-24,2026-01-06,175,378,247.14,49.43,433.0,0,2,1,PulseEats,94.5,1.85,238.64,Silver,2,GB,PulseEats,member10798@example.com,false,false
M10894,5,2023-06-13,2025-02-21,494,619,370.74,74.15,817.0,0,3,2,PulseMart,154.8,3.19,218.61,Bronze,1,US,PulseMart,member10894@example.com,false,false
M11393,6,2022-07-20,2025-05-02,424,1017,333.04,55.51,570.0,2,3,2,PulseMart,203.4,2.08,119.53,Silver,2,US,PulseMart,member11393@example.com,false,false
M11629,7,2025-01-22,2026-03-05,117,407,439.87,62.84,791.0,0,2,2,PulseEats,67.8,1.72,394.48,Gold,3,SG,PulseEats,member11629@example.com,false,false
M11938,4,2024-03-08,2025-09-17,286,558,159.49,39.87,319.0,0,3,1,PulseHome,186.0,1.54,104.33,Bronze,1,IN,PulseHome,member11938@example.com,false,false
M12025,5,2024-03-25,2025-08-17,317,510,204.57,40.91,376.0,0,2,2,PulseEats,127.5,2.49,146.41,Bronze,1,SG,PulseEats,member12025@example.com,false,false
M12046,5,2023-08-10,2025-05-15,411,644,422.93,84.59,740.0,0,3,1,PulseEats,161.0,2.55,239.7,Silver,2,US,PulseEats,member12046@example.com,false,false
M12457,8,2022-11-06,2025-07-02,363,969,443.22,55.4,685.0,2,2,3,PulseEats,138.4,2.62,166.95,Bronze,1,AE,PulseEats,member12457@example.com,false,false
M12479,7,2022-06-26,2025-06-15,380,1085,411.56,58.79,678.0,1,3,2,PulseMart,180.8,2.1,138.45,Silver,2,GB,PulseMart,member12479@example.com,false,false
M12527,7,2024-10-09,2026-02-05,145,484,319.35,45.62,506.0,2,3,1,PulseHome,80.7,1.8,240.83,Gold,3,IN,PulseHome,member12527@example.com,false,false
M12706,5,2024-05-30,2025-12-01,211,550,239.96,47.99,321.0,3,3,2,PulseHome,137.5,1.53,159.25,Bronze,1,US,PulseHome,member12706@example.com,false,false
M12784,6,2023-05-25,2025-05-10,416,716,613.89,102.32,1196.0,0,3,2,PulseHome,143.2,2.91,312.95,Bronze,1,IN,PulseHome,member12784@example.com,false,false
M12905,9,2023-02-05,2025-11-07,235,1006,1081.68,120.19,2058.0,1,3,2,PulseMart,125.8,1.87,392.46,Bronze,1,IN,PulseMart,member12905@example.com,false,false
M12914,5,2023-07-26,2025-05-11,415,655,245.9,49.18,433.0,1,3,1,PulseHome,163.8,2.53,137.03,Gold,3,US,PulseHome,member12914@example.com,false,false
M13153,9,2021-10-04,2025-05-10,416,1314,673.12,74.79,1462.0,1,3,1,PulseMart,164.3,2.53,186.98,Silver,2,SG,PulseMart,member13153@example.com,false,false
M13161,5,2023-06-29,2025-08-24,310,787,258.58,51.72,401.0,3,3,1,PulseMart,196.8,1.58,119.93,Silver,2,US,PulseMart,member13161@example.com,false,false
M13680,4,2023-11-07,2025-06-27,368,598,281.34,70.34,493.0,0,2,1,PulseEats,199.3,1.85,171.72,Silver,2,AE,PulseEats,member13680@example.com,false,false
M13809,7,2021-08-17,2025-06-06,389,1389,836.0,119.43,1572.0,3,2,1,PulseMart,231.5,1.68,219.68,Gold,3,AE,PulseMart,member13809@example.com,false,false
M13953,5,2022-02-13,2025-02-15,500,1098,495.05,99.01,1127.0,0,2,2,PulseMart,274.5,1.82,164.57,Platinum,4,IN,PulseMart,member13953@example.com,false,false
M14313,5,2023-08-30,2025-09-08,295,740,371.14,74.23,600.0,1,2,1,PulseEats,185.0,1.59,183.06,Gold,3,IN,PulseEats,member14313@example.com,false,false
M14707,5,2023-11-19,2025-04-14,442,512,334.82,66.96,505.0,1,3,1,PulseHome,128.0,3.45,238.69,Bronze,1,IN,PulseHome,member14707@example.com,false,false
M14854,4,2023-05-02,2025-04-02,454,701,191.57,47.89,233.0,2,2,1,PulseHome,233.7,1.94,99.75,Silver,2,US,PulseHome,member14854@example.com,false,false
M15029,10,2023-03-08,2025-10-11,262,948,553.31,55.33,894.0,3,3,1,PulseMart,105.3,2.49,213.04,Bronze,1,US,PulseMart,member15029@example.com,false,false
M15173,5,2024-03-01,2025-08-31,303,548,368.66,73.73,544.0,1,3,3,PulseEats,137.0,2.21,245.55,Silver,2,US,PulseEats,member15173@example.com,false,false
M15235,9,2022-02-16,2025-09-30,273,1322,427.78,47.53,805.0,1,3,1,PulseHome,165.3,1.65,118.11,Silver,2,IN,PulseHome,member15235@example.com,false,false
M15518,5,2022-06-23,2025-04-18,438,1030,234.26,46.85,368.0,1,2,1,PulseHome,257.5,1.7,83.01,Gold,3,IN,PulseHome,member15518@example.com,false,false
M15918,5,2024-05-30,2025-10-12,261,500,212.09,42.42,372.0,1,2,3,PulseEats,125.0,2.09,154.83,Gold,3,IN,PulseEats,member15918@example.com,false,false
M15975,4,2024-09-15,2025-11-14,228,425,324.81,81.2,598.0,0,2,2,PulseEats,141.7,1.61,278.95,Gold,3,GB,PulseEats,member15975@example.com,false,false
M15987,6,2022-09-24,2025-07-01,364,1011,348.51,58.09,635.0,1,3,1,PulseHome,202.2,1.8,125.82,Bronze,1,IN,PulseHome,member15987@example.com,false,false
M16010,5,2024-11-12,2025-12-22,190,405,235.98,47.2,473.0,0,3,1,PulseHome,101.3,1.88,212.67,Silver,2,US,PulseHome,member16010@example.com,false,false
M16114,5,2023-09-06,2025-08-24,310,718,462.18,92.44,782.0,1,3,2,PulseEats,179.5,1.73,234.95,Silver,2,US,PulseEats,member16114@example.com,false,false
M16219,4,2023-08-12,2025-05-10,416,637,270.24,67.56,493.0,0,3,2,PulseEats,212.3,1.96,154.85,Bronze,1,US,PulseEats,member16219@example.com,false,false
M16224,8,2024-01-11,2025-11-29,213,688,534.52,66.82,1019.0,1,3,1,PulseHome,98.3,2.17,283.58,Bronze,1,IN,PulseHome,member16224@example.com,false,false
M16294,5,2022-08-13,2025-05-12,414,1003,267.72,53.54,412.0,1,3,1,PulseEats,250.8,1.65,97.43,Silver,2,US,PulseEats,member16294@example.com,false,false
M16478,5,2024-08-09,2025-11-28,214,476,309.51,61.9,486.0,1,2,2,PulseHome,119.0,1.8,237.33,Silver,2,SG,PulseHome,member16478@example.com,false,false
M16763,7,2021-11-29,2025-03-18,469,1205,795.25,113.61,1592.0,0,3,3,PulseHome,200.8,2.34,240.88,Gold,3,US,PulseHome,member16763@example.com,false,false
M17357,7,2022-11-23,2025-05-22,404,911,486.98,69.57,836.0,1,2,2,PulseEats,151.8,2.66,195.11,Silver,2,SG,PulseEats,member17357@example.com,false,false
M17491,6,2023-06-04,2025-07-11,354,768,246.61,41.1,371.0,2,2,1,PulseHome,153.6,2.3,117.2,Gold,3,US,PulseHome,member17491@example.com,false,false
M17561,7,2024-04-04,2025-11-23,219,598,639.16,91.31,1119.0,0,3,1,PulseEats,99.7,2.2,390.12,Silver,2,IN,PulseEats,member17561@example.com,false,false
M17594,9,2022-05-09,2025-04-02,454,1059,611.93,67.99,805.0,5,3,3,PulseMart,132.4,3.43,210.91,Gold,3,US,PulseMart,member17594@example.com,false,false
M17676,4,2024-02-27,2025-09-14,289,565,252.88,63.22,581.0,0,3,1,PulseMart,188.3,1.53,163.36,Bronze,1,US,PulseMart,member17676@example.com,false,false
M17716,6,2022-09-27,2025-02-25,490,882,348.95,58.16,753.0,1,3,1,PulseMart,176.4,2.78,144.41,Silver,2,US,PulseMart,member17716@example.com,false,false
M17833,5,2023-10-12,2025-06-24,371,621,224.95,44.99,394.0,0,2,1,PulseEats,155.3,2.39,132.22,Platinum,4,IN,PulseEats,member17833@example.com,false,false
M17995,6,2023-06-28,2025-06-11,384,714,323.46,53.91,497.0,1,3,1,PulseHome,142.8,2.69,165.35,Silver,2,IN,PulseHome,member17995@example.com,false,false
M18056,6,2023-04-21,2025-06-14,381,785,277.04,46.17,474.0,2,3,2,PulseMart,157.0,2.43,128.81,Bronze,1,SG,PulseMart,member18056@example.com,false,false
M18129,8,2021-11-03,2025-04-20,436,1264,455.46,56.93,794.0,2,3,2,PulseMart,180.6,2.41,131.52,Platinum,4,SG,PulseMart,member18129@example.com,false,false
M18218,5,2022-06-19,2025-03-11,476,996,448.8,89.76,906.0,1,2,2,PulseMart,249.0,1.91,164.47,Silver,2,IN,PulseMart,member18218@example.com,false,false
M18547,4,2024-01-06,2025-02-15,500,406,218.03,54.51,425.0,1,3,2,PulseEats,135.3,3.69,196.01,Bronze,1,IN,PulseMart,member18547@example.com,false,false
M18621,10,2023-10-12,2026-01-05,176,816,553.41,55.34,804.0,2,3,1,PulseEats,90.7,1.94,247.54,Silver,2,US,PulseEats,member18621@example.com,false,false
M19011,6,2024-04-19,2025-10-05,268,534,382.75,63.79,723.0,2,3,2,PulseHome,106.8,2.51,261.62,Bronze,1,US,PulseHome,member19011@example.com,false,false
M19160,4,2023-04-25,2025-04-09,447,715,316.71,79.18,539.0,1,3,2,PulseEats,238.3,1.88,161.68,Bronze,1,IN,PulseEats,member19160@example.com,false,false
M19254,5,2023-06-28,2025-08-06,328,770,279.14,55.83,489.0,0,3,1,PulseEats,192.5,1.7,132.32,Bronze,1,IN,PulseEats,member19254@example.com,false,false
M19444,7,2022-11-05,2025-08-16,318,1015,333.09,47.58,644.0,0,3,3,PulseEats,169.2,1.88,119.78,Bronze,1,US,PulseEats,member19444@example.com,false,false
M19619,5,2021-12-05,2025-02-06,509,1159,335.43,67.09,587.0,0,3,1,PulseEats,289.8,1.76,105.64,Gold,3,IN,PulseEats,member19619@example.com,false,false
M19633,7,2024-12-23,2026-03-08,114,440,405.68,57.95,715.0,0,3,2,PulseEats,73.3,1.55,336.53,Silver,2,IN,PulseEats,member19633@example.com,false,false
M19816,8,2025-03-01,2026-03-22,100,386,531.74,66.47,1063.0,0,3,1,PulseHome,55.1,1.81,502.81,Silver,2,US,PulseHome,member19816@example.com,false,false
M19844,4,2022-11-17,2025-03-17,470,851,221.14,55.29,302.0,2,2,2,PulseHome,283.7,1.66,94.85,Silver,2,AE,PulseHome,member19844@example.com,false,false
M19884,7,2022-11-23,2025-08-21,313,1002,294.94,42.13,589.0,1,3,2,PulseMart,167.0,1.87,107.44,Gold,3,US,PulseMart,member19884@example.com,false,false
M19906,8,2024-01-20,2025-11-26,216,676,352.98,44.12,712.0,1,3,1,PulseMart,96.6,2.24,190.59,Bronze,1,US,PulseMart,member19906@example.com,false,false
M19947,6,2022-09-25,2025-07-17,348,1026,263.42,43.9,461.0,0,3,1,PulseEats,205.2,1.7,93.71,Gold,3,US,PulseEats,member19947@example.com,false,false
M20055,4,2024-09-23,2025-10-10,263,382,170.48,42.62,384.0,0,2,2,PulseMart,127.3,2.07,162.89,Bronze,1,AE,PulseMart,member20055@example.com,false,false
M20093,4,2024-01-04,2025-03-12,475,433,345.52,86.38,645.0,1,2,1,PulseMart,144.3,3.29,291.26,Bronze,1,IN,PulseMart,member20093@example.com,false,false
M20312,7,2024-03-05,2025-12-08,204,643,610.74,87.25,1044.0,1,2,3,PulseEats,107.2,1.9,346.69,Silver,2,GB,PulseEats,member20312@example.com,false,false
M20444,6,2023-12-18,2025-11-04,238,687,463.15,77.19,606.0,2,3,2,PulseEats,137.4,1.73,246.07,Gold,3,US,PulseEats,member20444@example.com,false,false
M20508,7,2024-06-14,2025-10-19,254,492,445.7,63.67,644.0,3,3,2,PulseEats,82.0,3.1,330.65,Bronze,1,US,PulseEats,member20508@example.com,false,false
M20543,5,2022-09-08,2025-01-15,531,860,258.52,51.7,595.0,0,3,1,PulseMart,215.0,2.47,109.72,Bronze,1,IN,PulseMart,member20543@example.com,false,false
M20640,10,2022-10-28,2025-09-21,282,1059,757.12,75.71,1203.0,4,3,1,PulseMart,117.7,2.4,260.95,Bronze,1,GB,PulseMart,member20640@example.com,false,false
M20658,6,2024-09-07,2025-11-28,214,447,440.78,73.46,897.0,1,2,2,PulseMart,89.4,2.39,359.92,Silver,2,US,PulseMart,member20658@example.com,false,false
M20748,4,2024-02-02,2025-08-15,319,560,195.71,48.93,342.0,0,2,1,PulseEats,186.7,1.71,127.56,Gold,3,US,PulseEats,member20748@example.com,false,false
M20930,8,2024-09-11,2026-01-22,159,498,567.6,70.95,1007.0,1,3,3,PulseEats,71.1,2.23,416.01,Silver,2,IN,PulseEats,member20930@example.com,false,false
M21452,5,2024-10-31,2025-12-23,189,418,259.18,51.84,398.0,2,3,2,PulseMart,104.5,1.81,226.32,Bronze,1,SG,PulseMart,member21452@example.com,false,false
M21509,4,2022-10-23,2025-01-24,522,824,194.22,48.56,339.0,0,2,1,PulseEats,274.7,1.9,86.03,Silver,2,US,PulseEats,member21509@example.com,false,false
M21627,6,2024-06-23,2025-08-17,317,420,232.99,38.83,416.0,1,3,1,PulseHome,84.0,3.77,202.48,Gold,3,IN,PulseHome,member21627@example.com,false,false
M21667,4,2024-04-27,2025-05-20,406,388,285.32,71.33,571.0,0,3,1,PulseHome,129.3,3.14,268.41,Bronze,1,US,PulseHome,member21667@example.com,false,false
M21705,6,2022-09-05,2025-06-20,375,1019,315.58,52.6,453.0,1,3,1,PulseEats,203.8,1.84,113.04,Silver,2,AE,PulseEats,member21705@example.com,false,false
M21922,6,2023-10-14,2025-04-28,428,562,485.72,80.95,778.0,1,3,2,PulseEats,112.4,3.81,315.46,Bronze,1,IN,PulseEats,member21922@example.com,false,false
M21954,5,2024-01-01,2025-10-17,256,655,447.18,89.44,894.0,0,3,1,PulseHome,163.8,1.56,249.19,Silver,2,GB,PulseHome,member21954@example.com,false,false
M22028,4,2024-01-16,2025-03-24,463,433,213.36,53.34,342.0,1,2,2,PulseEats,144.3,3.21,179.85,Silver,2,IN,PulseEats,member22028@example.com,false,false
M22108,4,2023-10-14,2025-04-24,432,558,190.66,47.67,339.0,1,3,1,PulseMart,186.0,2.32,124.71,Platinum,4,US,PulseMart,member22108@example.com,false,false
M22224,11,2022-03-26,2025-04-21,435,1122,980.49,89.14,1710.0,2,3,1,PulseHome,112.2,3.88,318.97,Gold,3,US,PulseHome,member22224@example.com,false,false
M22234,8,2024-11-22,2026-01-14,167,418,435.89,54.49,952.0,1,2,1,PulseMart,59.7,2.8,380.62,Silver,2,US,PulseMart,member22234@example.com,false,false
M22259,4,2024-04-18,2025-07-12,353,450,291.07,72.77,583.0,0,3,1,PulseHome,150.0,2.35,236.09,Gold,3,IN,PulseHome,member22259@example.com,false,false
M22490,4,2024-06-25,2025-08-20,314,421,245.85,61.46,392.0,1,2,1,PulseHome,140.3,2.24,213.15,Bronze,1,US,PulseHome,member22490@example.com,false,false
M22589,5,2024-01-03,2025-07-30,335,574,334.15,66.83,728.0,0,3,2,PulseMart,143.5,2.33,212.48,Silver,2,GB,PulseMart,member22589@example.com,false,false
M22890,7,2023-11-07,2025-09-28,275,691,541.5,77.36,1083.0,0,3,1,PulseHome,115.2,2.39,286.03,Gold,3,US,PulseHome,member22890@example.com,false,false
M23301,6,2022-12-17,2025-05-23,403,888,380.36,63.39,635.0,1,2,2,PulseEats,177.6,2.27,156.34,Platinum,4,IN,PulseEats,member23301@example.com,false,false
M23518,5,2024-11-16,2025-12-19,193,398,329.43,65.89,576.0,0,3,1,PulseEats,99.5,1.94,302.12,Gold,3,AE,PulseEats,member23518@example.com,false,false
M24256,6,2024-09-06,2025-10-28,245,417,445.25,74.21,779.0,0,2,1,PulseEats,83.4,2.94,389.73,Gold,3,US,PulseEats,member24256@example.com,false,false
M24284,5,2023-12-05,2025-08-29,305,633,360.64,72.13,648.0,3,3,1,PulseMart,158.3,1.93,207.95,Bronze,1,SG,PulseMart,member24284@example.com,false,false
M24501,5,2023-09-01,2025-02-07,508,525,319.44,63.89,680.0,0,3,2,PulseMart,131.3,3.87,222.09,Bronze,1,IN,PulseMart,member24501@example.com,false,false
M24595,7,2022-08-22,2025-01-18,528,880,444.32,63.47,739.0,2,3,1,PulseHome,146.7,3.6,184.29,Platinum,4,US,PulseHome,member24595@example.com,false,false
M24916,5,2022-05-01,2025-03-17,470,1051,278.26,55.65,506.0,0,2,2,PulseEats,262.8,1.79,96.64,Gold,3,SG,PulseEats,member24916@example.com,false,false
M25470,7,2023-05-25,2025-10-30,243,889,325.28,46.47,449.0,2,2,1,PulseEats,148.2,1.64,133.55,Silver,2,US,PulseEats,member25470@example.com,false,false
M25521,4,2023-05-16,2025-01-06,540,601,370.93,92.73,449.0,1,3,1,PulseEats,200.3,2.7,225.27,Bronze,1,IN,PulseEats,member25521@example.com,false,false
M25532,7,2025-02-23,2026-03-05,117,375,497.24,71.03,845.0,2,2,1,PulseHome,62.5,1.87,483.98,Silver,2,AE,PulseHome,member25532@example.com,false,false
M25593,5,2023-03-28,2025-02-19,496,694,331.72,66.34,655.0,0,3,2,PulseHome,173.5,2.86,174.46,Silver,2,SG,PulseHome,member25593@example.com,false,false
M25704,8,2021-06-05,2025-03-31,456,1395,355.95,44.49,489.0,2,3,1,PulseHome,199.3,2.29,93.13,Gold,3,IN,PulseHome,member25704@example.com,false,false
M25758,5,2025-01-20,2026-01-26,155,371,257.06,51.41,418.0,1,2,1,PulseEats,92.8,1.67,252.9,Bronze,1,GB,PulseEats,member25758@example.com,false,false
M26260,7,2022-08-01,2025-06-28,367,1062,405.42,57.92,933.0,0,3,1,PulseMart,177.0,2.07,139.34,Bronze,1,US,PulseMart,member26260@example.com,false,false
M26518,7,2024-06-28,2025-12-07,205,527,524.06,74.87,1205.0,0,3,1,PulseMart,87.8,2.33,362.96,Silver,2,GB,PulseMart,member26518@example.com,false,false
M26584,5,2023-08-22,2025-07-13,352,691,235.22,47.04,394.0,1,3,1,PulseHome,172.8,2.04,124.25,Bronze,1,AE,PulseHome,member26584@example.com,false,false
M26957,5,2023-07-29,2025-08-29,305,762,244.14,48.83,488.0,0,3,1,PulseHome,190.5,1.6,116.94,Silver,2,US,PulseHome,member26957@example.com,false,false
M27049,4,2024-08-24,2025-10-29,244,431,231.46,57.87,433.0,1,3,1,PulseMart,143.7,1.7,196.02,Bronze,1,US,PulseMart,member27049@example.com,false,false
M27451,6,2023-09-30,2025-09-07,296,708,294.14,49.02,677.0,0,3,1,PulseMart,141.6,2.09,151.64,Bronze,1,US,PulseMart,member27451@example.com,false,false
M27473,4,2024-06-01,2025-08-20,314,445,217.9,54.47,436.0,0,2,1,PulseHome,148.3,2.12,178.73,Bronze,1,IN,PulseHome,member27473@example.com,false,false
M27487,5,2023-09-29,2025-06-21,374,631,210.42,42.08,265.0,1,2,1,PulseHome,157.8,2.37,121.72,Bronze,1,IN,PulseHome,member27487@example.com,false,false
M27690,6,2021-03-25,2025-01-18,528,1395,431.55,71.93,754.0,0,3,1,PulseEats,279.0,1.89,112.91,Silver,2,IN,PulseEats,member27690@example.com,false,false
M27829,7,2022-06-11,2025-04-24,432,1048,652.96,93.28,1242.0,1,3,2,PulseHome,174.7,2.47,227.41,Silver,2,US,PulseHome,member27829@example.com,false,false
M28359,4,2023-09-11,2025-05-02,424,599,284.79,71.2,298.0,1,3,1,PulseEats,199.7,2.12,173.54,Silver,2,IN,PulseEats,member28359@example.com,false,false
M28758,6,2025-02-11,2026-02-13,137,367,871.14,145.19,1727.0,0,2,2,PulseHome,73.4,1.87,866.39,Silver,2,IN,PulseHome,member28758@example.com,false,false
M29295,6,2024-07-23,2025-11-21,221,486,366.5,61.08,613.0,1,2,2,PulseEats,97.2,2.27,275.25,Platinum,4,IN,PulseEats,member29295@example.com,false,false
M29489,6,2022-06-20,2025-03-10,477,994,382.47,63.75,879.0,0,3,1,PulseMart,198.8,2.4,140.44,Bronze,1,US,PulseMart,member29489@example.com,false,false
M29519,6,2022-03-11,2025-04-29,427,1145,265.43,44.24,590.0,0,3,2,PulseMart,229.0,1.86,84.61,Bronze,1,US,PulseMart,member29519@example.com,false,false
M29645,4,2023-01-02,2025-02-03,512,763,135.59,33.9,187.0,1,2,1,PulseEats,254.3,2.01,64.86,Bronze,1,IN,PulseEats,member29645@example.com,false,false
M30067,8,2024-01-04,2025-12-12,200,708,535.17,66.9,1115.0,1,3,2,PulseMart,101.1,1.98,275.9,Silver,2,US,PulseMart,member30067@example.com,false,false
M30338,7,2023-04-02,2025-07-23,342,843,377.21,53.89,533.0,2,3,2,PulseEats,140.5,2.43,163.32,Bronze,1,US,PulseEats,member30338@example.com,false,false
M30371,6,2022-12-31,2025-08-05,329,948,490.0,81.67,892.0,1,3,2,PulseHome,189.6,1.74,188.66,Bronze,1,IN,PulseHome,member30371@example.com,false,false
M30422,5,2023-08-31,2025-08-03,331,703,288.23,57.65,538.0,0,3,2,PulseEats,175.8,1.88,149.65,Gold,3,SG,PulseEats,member30422@example.com,false,false
M30503,7,2022-01-30,2025-04-06,450,1162,443.84,63.41,576.0,2,3,2,PulseEats,193.7,2.32,139.42,Silver,2,IN,PulseEats,member30503@example.com,false,false
M30616,4,2022-10-23,2025-03-16,471,875,152.75,38.19,182.0,1,3,1,PulseEats,291.7,1.61,63.72,Bronze,1,SG,PulseEats,member30616@example.com,false,false
M30638,4,2023-06-26,2025-04-24,432,668,190.2,47.55,313.0,1,2,2,PulseHome,222.7,1.94,103.93,Bronze,1,IN,PulseHome,member30638@example.com,false,false
M30753,6,2024-04-11,2025-10-13,260,550,369.72,61.62,851.0,0,3,1,PulseMart,110.0,2.36,245.36,Platinum,4,AE,PulseMart,member30753@example.com,false,false
M31542,5,2024-06-28,2025-11-17,225,507,504.45,100.89,987.0,0,3,2,PulseHome,126.8,1.78,363.16,Silver,2,GB,PulseHome,member31542@example.com,false,false
M31561,5,2024-08-12,2025-10-06,267,420,247.58,49.52,226.0,2,3,1,PulseEats,105.0,2.54,215.16,Silver,2,GB,PulseEats,member31561@example.com,false,false
M31701,7,2024-09-14,2026-01-03,178,476,228.53,32.65,328.0,2,3,2,PulseHome,79.3,2.24,175.24,Silver,2,GB,PulseHome,member31701@example.com,false,false
M32178,5,2022-06-08,2025-03-24,463,1020,308.6,61.72,236.0,3,3,1,PulseHome,255.0,1.82,110.43,Silver,2,US,PulseHome,member32178@example.com,false,false
M32630,4,2024-06-28,2025-08-04,330,402,373.84,93.46,860.0,0,2,1,PulseMart,134.0,2.46,339.43,Bronze,1,SG,PulseMart,member32630@example.com,false,false
M32651,8,2021-06-07,2025-07-27,338,1511,615.11,76.89,933.0,3,3,1,PulseHome,215.9,1.57,148.59,Platinum,4,IN,PulseHome,member32651@example.com,false,false
M32660,4,2024-10-18,2025-11-24,218,402,390.7,97.68,719.0,1,3,2,PulseHome,134.0,1.63,354.74,Gold,3,GB,PulseHome,member32660@example.com,false,false
M32874,6,2024-06-04,2025-11-08,234,522,424.71,70.79,767.0,0,3,2,PulseEats,104.4,2.24,296.97,Bronze,1,IN,PulseEats,member32874@example.com,false,false
M33175,6,2024-11-30,2025-12-28,184,393,480.79,80.13,741.0,1,3,1,PulseEats,78.6,2.34,446.54,Gold,3,IN,PulseEats,member33175@example.com,false,false
M33247,6,2021-03-02,2025-01-08,538,1408,307.99,51.33,697.0,0,2,2,PulseMart,281.6,1.91,79.84,Gold,3,GB,PulseMart,member33247@example.com,false,false
M33521,6,2024-12-05,2026-01-01,180,392,406.07,67.68,710.0,0,3,1,PulseEats,78.4,2.3,378.1,Bronze,1,US,PulseEats,member33521@example.com,false,false
M33867,6,2024-03-10,2025-10-26,247,595,368.9,61.48,849.0,0,3,1,PulseMart,119.0,2.08,226.3,Gold,3,IN,PulseMart,member33867@example.com,false,false
M34637,4,2024-09-06,2025-10-13,260,402,252.19,63.05,580.0,0,3,1,PulseMart,134.0,1.94,228.98,Bronze,1,GB,PulseMart,member34637@example.com,false,false
M34692,4,2024-02-24,2025-07-26,339,518,305.46,76.36,611.0,0,3,1,PulseHome,172.7,1.96,215.24,Bronze,1,IN,PulseHome,member34692@example.com,false,false
M34797,4,2024-01-26,2025-08-13,321,565,254.92,63.73,562.0,0,3,2,PulseMart,188.3,1.7,164.68,Silver,2,IN,PulseMart,member34797@example.com,false,false
M34980,6,2023-09-22,2025-05-24,402,610,263.65,43.94,564.0,0,3,3,PulseMart,122.0,3.3,157.76,Gold,3,GB,PulseMart,member34980@example.com,false,false
M34998,5,2023-10-29,2025-08-16,318,657,127.91,25.58,205.0,1,2,2,PulseEats,164.3,1.94,71.06,Silver,2,US,PulseEats,member34998@example.com,false,false
M35416,4,2023-01-19,2025-04-01,455,803,288.59,72.15,663.0,0,3,1,PulseMart,267.7,1.7,131.18,Bronze,1,US,PulseMart,member35416@example.com,false,false
M35430,7,2022-10-04,2025-06-20,375,990,268.06,38.29,468.0,0,3,1,PulseEats,165.0,2.27,98.83,Silver,2,US,PulseEats,member35430@example.com,false,false
M35583,5,2023-04-29,2025-07-10,355,803,357.59,71.52,715.0,0,3,1,PulseHome,200.8,1.77,162.54,Gold,3,AE,PulseHome,member35583@example.com,false,false
M35623,4,2024-09-16,2025-11-18,224,428,236.78,59.2,544.0,0,2,1,PulseMart,142.7,1.57,201.93,Bronze,1,SG,PulseMart,member35623@example.com,false,false
M35701,6,2022-12-02,2025-08-29,305,1001,295.36,49.23,536.0,1,3,2,PulseHome,200.2,1.52,107.7,Bronze,1,US,PulseHome,member35701@example.com,false,false
M35723,6,2024-12-21,2026-02-09,141,415,549.97,91.66,986.0,0,2,2,PulseEats,83.0,1.7,483.71,Bronze,1,IN,PulseEats,member35723@example.com,false,false
M35874,11,2023-09-27,2026-01-22,159,848,749.92,68.17,1592.0,1,3,2,PulseMart,84.8,1.88,322.78,Silver,2,US,PulseMart,member35874@example.com,false,false
M35880,8,2023-10-28,2026-01-07,174,802,377.12,47.14,588.0,1,3,2,PulseEats,114.6,1.52,171.63,Bronze,1,US,PulseEats,member35880@example.com,false,false
M36006,6,2023-01-12,2025-02-04,511,754,415.59,69.27,832.0,0,2,1,PulseHome,150.8,3.39,201.18,Bronze,1,GB,PulseHome,member36006@example.com,false,false
M36863,6,2023-08-22,2025-10-04,269,774,288.43,48.07,525.0,2,3,2,PulseMart,154.8,1.74,136.02,Silver,2,US,PulseMart,member36863@example.com,false,false
M36972,4,2024-09-08,2025-10-11,262,398,295.62,73.91,375.0,2,2,1,PulseHome,132.7,1.97,271.11,Gold,3,IN,PulseHome,member36972@example.com,false,false
M37072,6,2023-09-29,2025-07-05,360,645,328.57,54.76,592.0,0,3,2,PulseEats,129.0,2.79,185.93,Gold,3,IN,PulseEats,member37072@example.com,false,false
M37702,5,2023-03-24,2025-02-10,505,689,376.83,75.37,615.0,2,3,2,PulseMart,172.3,2.93,199.63,Bronze,1,AE,PulseMart,member37702@example.com,false,false
M37746,4,2024-07-29,2025-09-26,277,424,338.36,84.59,592.0,0,2,1,PulseEats,141.3,1.96,291.28,Bronze,1,US,PulseEats,member37746@example.com,false,false
M38030,6,2023-09-06,2025-10-26,247,781,326.18,54.36,253.0,3,3,1,PulseEats,156.2,1.58,152.44,Platinum,4,IN,PulseEats,member38030@example.com,false,false
M38450,4,2023-02-24,2025-05-17,409,813,292.35,73.09,673.0,0,2,1,PulseMart,271.0,1.51,131.25,Platinum,4,US,PulseMart,member38450@example.com,false,false
M39345,5,2024-07-17,2025-11-11,231,482,207.09,41.42,419.0,0,3,2,PulseHome,120.5,1.92,156.82,Gold,3,US,PulseHome,member39345@example.com,false,false
M39366,6,2023-01-31,2025-01-09,537,709,215.2,35.87,414.0,0,2,2,PulseHome,141.8,3.79,110.79,Bronze,1,IN,PulseHome,member39366@example.com,false,false
M39547,5,2022-10-09,2025-05-17,409,951,166.15,33.23,248.0,1,2,1,PulseHome,237.8,1.72,63.77,Bronze,1,SG,PulseHome,member39547@example.com,false,false
M39699,5,2022-02-14,2025-04-18,438,1159,344.16,68.83,641.0,1,2,1,PulseMart,289.8,1.51,108.39,Bronze,1,IN,PulseMart,member39699@example.com,false,false
M39875,6,2022-07-01,2025-05-18,408,1052,334.22,55.7,463.0,3,3,1,PulseHome,210.4,1.94,115.96,Bronze,1,US,PulseHome,member39875@example.com,false,false
M09329,6,2024-06-23,2025-10-17,256,481,1712.47,285.41,3939.0,0,2,1,PulseMart,96.2,2.66,1299.48,Bronze,1,IN,PulseMart,member09329@example.com,false,false
M20959,5,2024-07-27,2025-09-19,284,419,1464.82,292.96,3369.0,0,2,1,PulseMart,104.8,2.71,1276.04,Silver,2,GB,PulseMart,member20959@example.com,false,false
M35033,6,2024-09-03,2025-11-29,213,452,1885.8,314.3,3300.0,0,3,1,PulseEats,90.4,2.36,1522.83,Bronze,1,SG,PulseEats,member35033@example.com,false,false
M09580,6,2024-08-11,2025-11-23,219,469,1673.6,278.93,2929.0,0,3,1,PulseEats,93.8,2.33,1302.48,Bronze,1,US,PulseEats,member09580@example.com,false,false
M06377,5,2024-07-18,2025-11-16,226,486,1435.74,287.15,2872.0,0,3,1,PulseHome,121.5,1.86,1078.28,Bronze,1,US,PulseHome,member06377@example.com,false,false
M04248,4,2024-10-09,2025-10-23,250,379,1041.74,260.44,2084.0,0,3,1,PulseHome,126.3,1.98,1003.26,Bronze,1,US,PulseHome,member04248@example.com,false,false
M13204,6,2024-07-05,2025-12-29,183,542,1855.26,309.21,4267.0,0,2,1,PulseMart,108.4,1.69,1249.39,Bronze,1,SG,PulseMart,member13204@example.com,false,false
M35215,5,2024-06-20,2025-08-03,331,409,1630.6,326.12,2854.0,0,2,1,PulseEats,102.3,3.24,1455.18,Gold,3,IN,PulseEats,member35215@example.com,false,false
M34523,6,2024-07-24,2025-12-24,188,518,1581.85,263.64,2768.0,0,3,1,PulseEats,103.6,1.81,1114.62,Silver,2,IN,PulseEats,member34523@example.com,false,false
M22695,6,2024-07-07,2025-10-07,266,457,1651.91,275.32,3304.0,0,3,1,PulseHome,91.4,2.91,1319.36,Silver,2,IN,PulseHome,member22695@example.com,false,false
M10822,6,2024-07-16,2025-11-18,224,490,1635.5,272.58,3271.0,0,3,1,PulseHome,98.0,2.29,1218.28,Silver,2,SG,PulseHome,member10822@example.com,false,false
M09531,5,2024-12-06,2025-12-29,183,388,1985.53,397.11,3971.0,0,3,1,PulseHome,97.0,1.89,1867.83,Gold,3,IN,PulseHome,member09531@example.com,false,false
M37590,6,2024-09-21,2025-12-09,203,444,1657.97,276.33,3317.0,0,2,1,PulseHome,88.8,2.29,1362.97,Silver,2,IN,PulseHome,member37590@example.com,false,false
M34141,6,2024-08-30,2025-12-15,197,472,1739.01,289.84,3043.0,0,3,1,PulseEats,94.4,2.09,1344.79,Platinum,4,AE,PulseEats,member34141@example.com,false,false
M35042,6,2024-08-02,2025-11-17,225,472,1687.72,281.29,2952.0,0,2,1,PulseEats,94.4,2.38,1305.12,Bronze,1,IN,PulseEats,member35042@example.com,false,false
M05778,5,2024-06-15,2025-08-02,332,413,1380.18,276.04,3174.0,0,3,1,PulseMart,103.3,3.22,1219.77,Gold,3,IN,PulseMart,member05778@example.com,false,false
M14409,6,2024-08-09,2025-11-13,229,461,1932.71,322.12,3382.0,0,2,1,PulseEats,92.2,2.48,1530.24,Bronze,1,IN,PulseEats,member14409@example.com,false,false
M32115,4,2024-09-04,2025-10-08,265,399,1334.97,333.74,3070.0,0,2,1,PulseMart,133.0,1.99,1221.21,Silver,2,IN,PulseMart,member32115@example.com,false,false
M22008,5,2024-09-14,2025-11-03,239,415,1773.78,354.76,3547.0,0,3,1,PulseHome,103.8,2.3,1560.07,Gold,3,IN,PulseHome,member22008@example.com,false,false
M32629,4,2024-09-22,2025-11-26,216,430,997.81,249.45,1745.0,0,2,1,PulseEats,143.3,1.51,846.98,Silver,2,IN,PulseEats,member32629@example.com,false,false
M02644,7,2024-11-22,2026-02-21,129,456,462.33,66.05,938.0,0,3,3,PulseHome,76.0,1.7,370.07,Bronze,1,US,PulseHome,member02644@example.com,false,false
M08077,6,2023-12-06,2025-10-04,269,668,387.55,64.59,578.0,1,2,3,PulseHome,133.6,2.01,211.76,Gold,3,IN,PulseHome,member08077@example.com,false,false
M00095,6,2023-10-31,2025-10-18,255,718,427.41,71.24,869.0,0,3,2,PulseHome,143.6,1.78,217.28,Gold,3,US,PulseHome,member00095@example.com,false,false
M00211,5,2024-09-28,2025-12-25,187,453,500.59,100.12,982.0,1,3,2,PulseMart,113.3,1.65,403.35,Bronze,1,IN,PulseMart,member00211@example.com,false,false
M00638,5,2024-05-06,2025-11-25,217,568,378.44,75.69,662.0,0,3,1,PulseEats,142.0,1.53,243.19,Gold,3,IN,PulseEats,member00638@example.com,false,false
M00847,7,2024-07-02,2025-12-22,190,538,437.02,62.43,933.0,1,3,2,PulseMart,89.7,2.12,296.49,Bronze,1,US,PulseMart,member00847@example.com,false,false
M00952,6,2025-01-03,2026-02-03,147,396,421.63,70.27,793.0,1,3,1,PulseHome,79.2,1.86,388.62,Silver,2,IN,PulseHome,member00952@example.com,false,false
M01020,4,2023-10-22,2025-03-21,466,516,216.65,54.16,447.0,1,3,1,PulseMart,172.0,2.71,153.25,Bronze,1,US,PulseMart,member01020@example.com,false,false
M01205,8,2024-06-21,2026-02-11,139,600,615.15,76.89,1230.0,0,3,1,PulseHome,85.7,1.62,374.22,Bronze,1,IN,PulseHome,member01205@example.com,false,false
M01747,5,2023-12-02,2025-09-13,290,651,238.07,47.61,217.0,2,2,1,PulseEats,162.8,1.78,133.48,Silver,2,SG,PulseEats,member01747@example.com,false,false
M01781,8,2024-11-24,2026-01-07,174,409,840.69,105.09,1883.0,1,2,1,PulseMart,58.4,2.98,750.25,Bronze,1,US,PulseMart,member01781@example.com,false,false
M01821,4,2023-06-08,2025-03-27,460,658,285.04,71.26,555.0,2,2,1,PulseMart,219.3,2.1,158.11,Platinum,4,US,PulseMart,member01821@example.com,false,false
M01992,5,2024-01-17,2025-10-07,266,629,383.89,76.78,783.0,1,3,1,PulseMart,157.3,1.69,222.77,Gold,3,IN,PulseMart,member01992@example.com,false,false
M01993,7,2024-12-17,2026-01-10,171,389,441.23,63.03,733.0,1,3,2,PulseEats,64.8,2.64,414.01,Bronze,1,IN,PulseEats,member01993@example.com,false,false
M02125,5,2024-12-01,2026-01-18,163,413,332.89,66.58,583.0,0,2,1,PulseEats,103.3,1.58,294.2,Silver,2,IN,PulseEats,member02125@example.com,false,false
M02485,6,2023-09-06,2025-09-22,281,747,396.06,66.01,842.0,1,3,2,PulseMart,149.4,1.88,193.52,Silver,2,IN,PulseMart,member02485@example.com,false,false
M02609,5,2025-02-07,2026-02-10,140,368,327.42,65.48,691.0,0,2,2,PulseHome,92.0,1.52,324.75,Bronze,1,IN,PulseHome,member02609@example.com,false,false
M02741,4,2024-05-08,2025-10-03,270,513,212.3,53.08,377.0,1,3,2,PulseMart,171.0,1.58,151.05,Silver,2,IN,PulseMart,member02741@example.com,false,false
M02789,5,2023-05-19,2025-06-16,379,759,448.03,89.61,896.0,0,3,1,PulseHome,189.8,2.0,215.46,Bronze,1,US,PulseHome,member02789@example.com,false,false
M02926,6,2024-03-13,2025-07-14,351,488,237.93,39.66,476.0,0,3,1,PulseHome,97.6,3.6,177.96,Gold,3,AE,PulseHome,member02926@example.com,false,false
M03110,6,2024-08-24,2025-10-05,268,407,278.88,46.48,558.0,0,3,1,PulseHome,81.4,3.29,250.1,Bronze,1,US,PulseHome,member03110@example.com,false,false
M03546,4,2023-06-08,2025-01-15,531,587,432.13,108.03,937.0,0,2,2,PulseMart,195.7,2.71,268.7,Bronze,1,US,PulseMart,member03546@example.com,false,false
M04203,5,2022-07-03,2025-03-06,481,977,241.74,48.35,556.0,0,2,1,PulseMart,244.3,1.97,90.31,Silver,2,US,PulseMart,member04203@example.com,false,false
M04419,7,2023-10-13,2025-09-23,280,711,420.7,60.1,691.0,2,3,1,PulseHome,118.5,2.36,215.97,Silver,2,SG,PulseHome,member04419@example.com,false,false
M04428,4,2024-02-28,2025-09-18,285,568,170.86,42.72,230.0,2,3,1,PulseMart,189.3,1.51,109.8,Bronze,1,AE,PulseMart,member04428@example.com,false,false
M04515,4,2024-02-03,2025-04-20,436,442,381.02,95.26,667.0,0,2,1,PulseEats,147.3,2.96,314.64,Bronze,1,IN,PulseEats,member04515@example.com,false,false
M04968,10,2021-09-15,2025-07-20,345,1404,814.32,81.43,1502.0,1,2,2,PulseHome,156.0,2.21,211.7,Silver,2,SG,PulseHome,member04968@example.com,false,false
M05449,4,2023-04-10,2025-02-04,511,666,514.53,128.63,700.0,1,3,1,PulseEats,222.0,2.3,281.99,Bronze,1,US,PulseEats,member05449@example.com,false,false
M05641,5,2024-09-21,2025-10-23,250,397,361.9,72.38,833.0,0,3,1,PulseMart,99.3,2.52,332.73,Silver,2,IN,PulseMart,member05641@example.com,false,false
M05779,4,2023-11-23,2025-02-07,508,442,300.04,75.01,525.0,0,2,1,PulseEats,147.3,3.45,247.77,Bronze,1,US,PulseEats,member05779@example.com,false,false
M05800,8,2023-06-24,2025-12-08,204,898,478.91,59.86,571.0,4,3,3,PulseEats,128.3,1.59,194.66,Silver,2,IN,PulseEats,member05800@example.com,false,false
M05857,6,2024-02-14,2025-10-21,252,615,413.04,68.84,626.0,1,3,2,PulseEats,123.0,2.05,245.14,Silver,2,IN,PulseEats,member05857@example.com,false,false
M06195,4,2023-09-15,2025-04-14,442,577,172.67,43.17,209.0,2,2,1,PulseHome,192.3,2.3,109.23,Bronze,1,US,PulseHome,member06195@example.com,false,false
M06349,4,2023-11-13,2025-07-11,354,606,166.82,41.71,384.0,0,2,1,PulseMart,202.0,1.75,100.48,Bronze,1,IN,PulseMart,member06349@example.com,false,false
M06738,4,2023-02-02,2025-02-14,501,743,271.89,67.97,468.0,1,3,2,PulseHome,247.7,2.02,133.57,Bronze,1,IN,PulseHome,member06738@example.com,false,false
M06970,7,2024-06-28,2025-10-08,265,467,517.63,73.95,1045.0,0,3,2,PulseHome,77.8,3.4,404.57,Platinum,4,US,PulseHome,member06970@example.com,false,false
M07003,6,2024-12-22,2026-02-18,132,423,515.51,85.92,858.0,1,3,1,PulseHome,84.6,1.56,444.83,Bronze,1,US,PulseHome,member07003@example.com,false,false
M07241,5,2024-11-14,2025-12-27,185,408,420.64,84.13,928.0,0,3,2,PulseMart,102.0,1.81,376.31,Bronze,1,IN,PulseMart,member07241@example.com,false,false
M07442,8,2022-12-10,2025-06-12,383,915,522.21,65.28,975.0,0,3,3,PulseEats,130.7,2.93,208.31,Bronze,1,IN,PulseEats,member07442@example.com,false,false
M07635,5,2023-01-18,2025-03-17,470,789,304.76,60.95,687.0,0,3,2,PulseMart,197.3,2.38,140.99,Silver,2,SG,PulseMart,member07635@example.com,false,false
M07886,4,2024-07-22,2025-09-28,275,433,289.03,72.26,502.0,1,3,2,PulseMart,144.3,1.91,243.64,Bronze,1,IN,PulseMart,member07886@example.com,false,false
M08341,4,2022-07-15,2025-02-28,487,959,240.4,60.1,421.0,0,2,1,PulseEats,319.7,1.52,91.5,Bronze,1,IN,PulseEats,member08341@example.com,false,false
M08628,6,2023-04-01,2025-07-06,359,827,251.08,41.85,315.0,3,2,1,PulseHome,165.4,2.17,110.82,Gold,3,IN,PulseHome,member08628@example.com,false,false
M09058,5,2023-08-17,2025-08-24,310,738,281.97,56.39,501.0,1,3,1,PulseMart,184.5,1.68,139.46,Bronze,1,US,PulseMart,member09058@example.com,false,false
M09154,4,2024-01-22,2025-04-20,436,454,165.47,41.37,166.0,3,2,1,PulseMart,151.3,2.88,133.03,Silver,2,IN,PulseMart,member09154@example.com,false,false
M09354,7,2024-01-03,2025-08-04,330,579,495.56,70.79,798.0,1,3,2,PulseEats,96.5,3.42,312.4,Silver,2,IN,PulseEats,member09354@example.com,false,false
M09372,4,2024-09-25,2025-10-11,262,381,290.49,72.62,518.0,1,2,1,PulseMart,127.0,2.06,278.29,Gold,3,GB,PulseMart,member09372@example.com,false,false
M09392,9,2021-07-15,2025-03-08,479,1332,479.16,53.24,933.0,2,2,2,PulseMart,166.5,2.88,131.3,Silver,2,IN,PulseMart,member09392@example.com,false,false
M09578,7,2024-05-17,2026-01-16,165,609,449.19,64.17,737.0,1,3,1,PulseEats,101.5,1.63,269.22,Bronze,1,IN,PulseEats,member09578@example.com,false,false
M09804,7,2025-02-09,2026-03-18,104,402,315.7,45.1,580.0,1,3,1,PulseHome,67.0,1.55,286.64,Silver,2,IN,PulseHome,member09804@example.com,false,false
M10033,7,2023-06-12,2025-08-19,315,799,599.23,85.6,1186.0,2,3,1,PulseMart,133.2,2.37,273.74,Bronze,1,SG,PulseMart,member10033@example.com,false,false
M10789,7,2023-12-12,2025-10-19,254,677,383.88,54.84,633.0,1,3,2,PulseEats,112.8,2.25,206.97,Silver,2,IN,PulseEats,member10789@example.com,false,false
M10836,7,2021-04-21,2025-04-09,447,1449,350.11,50.02,697.0,1,3,1,PulseMart,241.5,1.85,88.19,Platinum,4,IN,PulseMart,member10836@example.com,false,false
M10920,6,2024-04-22,2025-08-04,330,469,370.75,61.79,744.0,1,3,2,PulseMart,93.8,3.52,288.54,Platinum,4,IN,PulseMart,member10920@example.com,false,false
M11576,5,2024-07-03,2025-07-16,349,378,289.61,57.92,345.0,2,2,1,PulseHome,94.5,3.69,279.65,Silver,2,IN,PulseHome,member11576@example.com,false,false
M11732,4,2024-02-05,2025-08-09,325,551,243.06,60.77,550.0,0,2,2,PulseMart,183.7,1.77,161.01,Silver,2,GB,PulseMart,member11732@example.com,false,false
M11780,4,2023-11-16,2025-03-15,472,485,247.68,61.92,441.0,1,2,2,PulseHome,161.7,2.92,186.4,Silver,2,GB,PulseHome,member11780@example.com,false,false
M11869,5,2023-11-07,2025-10-02,271,695,189.62,37.92,275.0,1,3,2,PulseEats,173.8,1.56,99.58,Silver,2,US,PulseEats,member11869@example.com,false,false
M11985,10,2023-07-09,2026-01-16,165,922,749.64,74.96,1582.0,2,3,1,PulseMart,102.4,1.61,296.77,Bronze,1,IN,PulseMart,member11985@example.com,false,false
M12172,5,2022-01-30,2025-01-23,523,1089,473.48,94.7,938.0,0,3,2,PulseHome,272.3,1.92,158.7,Bronze,1,GB,PulseHome,member12172@example.com,false,false
M12269,9,2024-04-01,2025-11-19,223,597,615.69,68.41,1196.0,1,3,2,PulseMart,74.6,2.99,376.43,Bronze,1,IN,PulseMart,member12269@example.com,false,false
M12317,6,2024-01-14,2025-12-04,208,690,484.52,80.75,847.0,0,3,1,PulseEats,138.0,1.51,256.3,Silver,2,SG,PulseEats,member12317@example.com,false,false
M12394,8,2024-12-01,2026-03-07,115,461,348.52,43.57,761.0,0,3,3,PulseMart,65.9,1.75,275.94,Bronze,1,IN,PulseMart,member12394@example.com,false,false
M12427,6,2023-03-26,2025-06-17,378,814,347.13,57.86,598.0,1,2,1,PulseMart,162.8,2.32,155.65,Gold,3,US,PulseMart,member12427@example.com,false,false
M12456,7,2021-12-05,2025-01-21,525,1143,367.37,52.48,535.0,3,3,1,PulseHome,190.5,2.76,117.31,Bronze,1,IN,PulseHome,member12456@example.com,false,false
M12540,4,2023-09-06,2025-02-27,488,540,312.46,78.11,683.0,0,2,2,PulseMart,180.0,2.71,211.2,Bronze,1,AE,PulseMart,member12540@example.com,false,false
M12879,7,2024-01-25,2025-11-23,219,668,586.13,83.73,1211.0,1,3,2,PulseMart,111.3,1.97,320.27,Gold,3,SG,PulseMart,member12879@example.com,false,false
M12957,7,2023-03-11,2025-07-09,356,851,1121.08,160.15,1962.0,0,2,1,PulseEats,141.8,2.51,480.84,Gold,3,US,PulseEats,member12957@example.com,false,false
M13163,6,2022-07-17,2025-01-20,526,918,413.13,68.85,918.0,0,3,2,PulseMart,183.6,2.86,164.26,Gold,3,US,PulseMart,member13163@example.com,false,false
M13446,8,2022-05-29,2025-05-27,399,1094,527.76,65.97,920.0,1,3,2,PulseHome,156.3,2.55,176.08,Silver,2,SG,PulseHome,member13446@example.com,false,false
M14115,6,2022-06-12,2025-07-21,344,1135,209.62,34.94,482.0,0,2,1,PulseMart,227.0,1.52,67.41,Bronze,1,US,PulseMart,member14115@example.com,false,false
M14523,6,2023-08-18,2025-06-05,390,657,201.78,33.63,339.0,1,3,1,PulseHome,131.4,2.97,112.1,Bronze,1,IN,PulseHome,member14523@example.com,false,false
M15794,8,2022-11-16,2025-08-21,313,1009,791.75,98.97,1819.0,0,3,1,PulseMart,144.1,2.17,286.41,Silver,2,GB,PulseMart,member15794@example.com,false,false
M16007,4,2023-07-25,2025-04-27,429,642,294.97,73.74,574.0,0,3,3,PulseEats,214.0,2.0,167.7,Bronze,1,US,PulseEats,member16007@example.com,false,false
M16012,4,2023-06-23,2025-04-18,438,665,184.9,46.23,87.0,3,3,1,PulseEats,221.7,1.98,101.49,Bronze,1,IN,PulseEats,member16012@example.com,false,false
M16112,5,2022-05-26,2025-03-22,465,1031,413.89,82.78,674.0,1,3,1,PulseEats,257.8,1.8,146.53,Bronze,1,SG,PulseEats,member16112@example.com,false,false
M16208,5,2023-03-11,2025-06-12,383,824,269.14,53.83,417.0,1,3,2,PulseEats,206.0,1.86,119.22,Bronze,1,IN,PulseEats,member16208@example.com,false,false
M16343,7,2024-05-03,2025-10-22,251,537,596.8,85.26,1023.0,2,2,2,PulseHome,89.5,2.8,405.65,Gold,3,SG,PulseHome,member16343@example.com,false,false
M16427,5,2023-04-21,2025-05-18,408,758,298.79,59.76,687.0,0,3,1,PulseMart,189.5,2.15,143.88,Bronze,1,IN,PulseMart,member16427@example.com,false,false
M16503,6,2023-10-21,2025-10-31,242,741,376.73,62.79,754.0,0,2,1,PulseHome,148.2,1.63,185.57,Gold,3,US,PulseHome,member16503@example.com,false,false
M16663,5,2023-04-12,2025-05-07,419,756,369.13,73.83,597.0,1,2,1,PulseEats,189.0,2.22,178.22,Silver,2,GB,PulseEats,member16663@example.com,false,false
M16773,4,2023-09-02,2025-05-19,407,625,321.75,80.44,557.0,1,3,2,PulseHome,208.3,1.95,187.9,Bronze,1,IN,PulseHome,member16773@example.com,false,false
M16831,5,2022-11-06,2025-06-21,374,958,304.93,60.99,630.0,1,3,2,PulseMart,239.5,1.56,116.18,Bronze,1,US,PulseMart,member16831@example.com,false,false
M16841,6,2024-12-13,2026-01-30,151,413,334.26,55.71,769.0,0,3,1,PulseMart,82.6,1.83,295.41,Silver,2,US,PulseMart,member16841@example.com,false,false
M17203,8,2023-09-01,2025-11-16,226,807,539.1,67.39,1003.0,1,3,1,PulseHome,115.3,1.96,243.83,Silver,2,SG,PulseHome,member17203@example.com,false,false
M17756,5,2022-02-27,2025-03-01,486,1098,410.91,82.18,918.0,0,3,2,PulseMart,274.5,1.77,136.6,Bronze,1,IN,PulseMart,member17756@example.com,false,false
M18012,5,2024-10-31,2025-12-21,191,416,439.53,87.91,770.0,0,3,1,PulseEats,104.0,1.84,385.65,Silver,2,IN,PulseEats,member18012@example.com,false,false
M18157,6,2024-09-19,2026-01-31,150,499,494.9,82.48,641.0,3,3,1,PulseHome,99.8,1.5,362.0,Silver,2,SG,PulseHome,member18157@example.com,false,false
M18462,8,2022-11-10,2025-08-06,328,1000,627.5,78.44,1392.0,1,3,2,PulseMart,142.9,2.3,229.04,Bronze,1,AE,PulseMart,member18462@example.com,false,false
M18681,7,2023-07-04,2025-11-17,225,867,367.8,52.54,527.0,1,2,1,PulseEats,144.5,1.56,154.84,Silver,2,IN,PulseEats,member18681@example.com,false,false
M18764,4,2024-01-08,2025-04-25,431,473,286.8,71.7,359.0,2,2,1,PulseMart,157.7,2.73,221.32,Bronze,1,SG,PulseMart,member18764@example.com,false,false
M18902,7,2023-12-14,2025-09-21,282,647,404.65,57.81,693.0,1,2,2,PulseHome,107.8,2.62,228.28,Bronze,1,AE,PulseHome,member18902@example.com,false,false
M19125,8,2022-10-07,2025-09-24,279,1083,501.91,62.74,1018.0,0,3,2,PulseHome,154.7,1.8,169.16,Gold,3,GB,PulseHome,member19125@example.com,false,false
M19150,7,2022-08-16,2025-09-03,300,1114,388.55,55.51,895.0,0,2,1,PulseMart,185.7,1.62,127.31,Bronze,1,US,PulseMart,member19150@example.com,false,false
M19238,5,2023-11-07,2025-05-07,419,547,285.32,57.06,518.0,0,2,2,PulseEats,136.8,3.06,190.39,Silver,2,SG,PulseEats,member19238@example.com,false,false
M19452,7,2024-05-21,2025-10-02,271,499,436.42,62.35,702.0,1,3,2,PulseHome,83.2,3.26,319.23,Bronze,1,IN,PulseHome,member19452@example.com,false,false
M19778,8,2021-12-29,2025-09-08,295,1349,399.65,49.96,624.0,2,3,2,PulseEats,192.7,1.53,108.13,Bronze,1,GB,PulseEats,member19778@example.com,false,false
M19872,7,2024-06-02,2025-11-28,214,544,380.56,54.37,731.0,1,3,2,PulseMart,90.7,2.36,255.34,Gold,3,IN,PulseMart,member19872@example.com,false,false
M20139,5,2023-12-17,2025-08-03,331,595,558.58,111.72,878.0,1,3,1,PulseEats,148.8,2.23,342.66,Bronze,1,GB,PulseEats,member20139@example.com,false,false
M20157,7,2024-03-11,2025-11-04,238,603,312.16,44.59,546.0,0,3,1,PulseEats,100.5,2.37,188.95,Silver,2,IN,PulseEats,member20157@example.com,false,false
M20246,7,2023-10-30,2025-10-22,251,723,493.22,70.46,1023.0,1,3,3,PulseMart,120.5,2.08,249.0,Gold,3,US,PulseMart,member20246@example.com,false,false
M21059,5,2023-04-26,2025-05-01,425,736,334.64,66.93,770.0,0,3,1,PulseMart,184.0,2.31,165.96,Silver,2,IN,PulseMart,member21059@example.com,false,false
M21281,5,2023-07-18,2025-07-30,335,743,419.76,83.95,636.0,1,3,2,PulseEats,185.8,1.8,206.21,Silver,2,IN,PulseEats,member21281@example.com,false,false
M21362,5,2024-07-20,2025-08-20,314,396,216.5,43.3,399.0,1,3,1,PulseMart,99.0,3.17,199.55,Bronze,1,US,PulseMart,member21362@example.com,false,false
M21389,5,2024-02-08,2025-08-21,313,560,316.53,63.31,354.0,1,2,1,PulseEats,140.0,2.24,206.31,Gold,3,IN,PulseEats,member21389@example.com,false,false
M21613,6,2025-01-31,2026-02-17,133,382,376.08,62.68,866.0,0,3,1,PulseMart,76.4,1.74,359.34,Silver,2,SG,PulseMart,member21613@example.com,false,false
M21795,6,2024-08-29,2025-09-07,296,374,506.09,84.35,814.0,3,3,1,PulseMart,74.8,3.96,493.91,Silver,2,US,PulseMart,member21795@example.com,false,false
M21985,6,2023-12-07,2025-07-06,359,577,372.25,62.04,699.0,0,3,2,PulseEats,115.4,3.11,235.48,Gold,3,US,PulseEats,member21985@example.com,false,false
M22007,7,2021-10-28,2025-03-15,472,1234,432.03,61.72,804.0,3,3,3,PulseMart,205.7,2.29,127.79,Bronze,1,IN,PulseMart,member22007@example.com,false,false
M22052,6,2024-04-09,2025-09-11,292,520,292.31,48.72,674.0,0,3,1,PulseMart,104.0,2.81,205.18,Silver,2,IN,PulseMart,member22052@example.com,false,false
M22107,4,2023-08-18,2025-02-15,500,547,300.91,75.23,527.0,0,2,1,PulseEats,182.3,2.74,200.79,Silver,2,AE,PulseEats,member22107@example.com,false,false
M22179,5,2023-01-20,2025-07-12,353,904,217.63,43.53,387.0,1,3,2,PulseHome,226.0,1.56,87.87,Silver,2,US,PulseHome,member22179@example.com,false,false
M22316,7,2024-10-25,2026-02-25,125,488,477.09,68.16,750.0,1,3,2,PulseEats,81.3,1.54,356.84,Bronze,1,GB,PulseEats,member22316@example.com,false,false
M22723,6,2025-03-06,2026-03-10,112,369,426.74,71.12,980.0,0,3,1,PulseMart,73.8,1.52,422.11,Bronze,1,IN,PulseMart,member22723@example.com,false,false
M23398,5,2023-09-21,2025-08-17,317,696,218.17,43.63,502.0,0,3,1,PulseMart,174.0,1.82,114.41,Bronze,1,IN,PulseMart,member23398@example.com,false,false
M23530,7,2023-11-29,2025-12-03,209,735,368.73,52.68,779.0,1,3,2,PulseMart,122.5,1.71,183.11,Bronze,1,IN,PulseMart,member23530@example.com,false,false
M23567,6,2023-01-09,2025-08-19,315,953,398.93,66.49,728.0,1,3,1,PulseHome,190.6,1.65,152.79,Bronze,1,AE,PulseHome,member23567@example.com,false,false
M23648,7,2022-05-01,2025-01-09,537,984,520.37,74.34,1166.0,0,3,2,PulseMart,164.0,3.27,193.02,Bronze,1,US,PulseMart,member23648@example.com,false,false
M23690,6,2022-10-07,2025-06-06,389,973,422.89,70.48,590.0,1,3,1,PulseEats,194.6,2.0,158.64,Silver,2,US,PulseEats,member23690@example.com,false,false
M23873,6,2023-02-10,2025-02-08,507,729,280.29,46.72,426.0,1,1,2,PulseEats,145.8,3.48,140.34,Bronze,1,US,PulseEats,member23873@example.com,false,false
M24832,6,2024-02-12,2025-09-10,293,576,392.44,65.41,772.0,1,3,2,PulseMart,115.2,2.54,248.68,Silver,2,IN,PulseMart,member24832@example.com,false,false
M25327,7,2023-10-20,2025-07-25,340,644,288.81,41.26,600.0,0,3,2,PulseHome,107.3,3.17,163.69,Silver,2,US,PulseHome,member25327@example.com,false,false
M25702,5,2023-06-10,2025-07-10,355,761,320.89,64.18,666.0,0,3,2,PulseHome,190.3,1.87,153.91,Bronze,1,IN,PulseHome,member25702@example.com,false,false
M25848,6,2022-11-26,2025-05-09,417,895,353.02,58.84,707.0,0,3,1,PulseHome,179.0,2.33,143.97,Bronze,1,GB,PulseHome,member25848@example.com,false,false
M25859,7,2024-08-09,2025-11-14,228,462,381.08,54.44,643.0,2,3,2,PulseMart,77.0,2.96,301.07,Bronze,1,US,PulseMart,member25859@example.com,false,false
M26004,4,2024-01-26,2025-06-30,365,521,151.24,37.81,297.0,0,2,2,PulseHome,173.7,2.1,105.96,Gold,3,GB,PulseHome,member26004@example.com,false,false
M26136,5,2023-06-01,2025-07-31,334,791,206.29,41.26,360.0,0,3,1,PulseEats,197.8,1.69,95.19,Gold,3,IN,PulseEats,member26136@example.com,false,false
M26280,6,2023-07-02,2025-04-17,439,655,383.64,63.94,698.0,1,3,1,PulseHome,131.0,3.35,213.78,Bronze,1,SG,PulseHome,member26280@example.com,false,false
M26600,4,2024-09-06,2025-10-11,262,400,153.55,38.39,269.0,0,2,1,PulseEats,133.3,1.97,140.11,Bronze,1,US,PulseEats,member26600@example.com,false,false
M26689,4,2024-04-24,2025-08-31,303,494,436.03,109.01,653.0,2,3,1,PulseMart,164.7,1.84,322.17,Platinum,4,SG,PulseMart,member26689@example.com,false,false
M26721,6,2022-09-11,2025-07-23,342,1046,411.9,68.65,654.0,1,3,2,PulseHome,209.2,1.63,143.73,Silver,2,SG,PulseHome,member26721@example.com,false,false
M26769,4,2023-10-22,2025-07-17,348,634,239.92,59.98,551.0,0,2,1,PulseMart,211.3,1.65,138.12,Bronze,1,US,PulseMart,member26769@example.com,false,false
M26946,8,2024-06-26,2026-02-13,137,597,435.67,54.46,803.0,1,3,3,PulseMart,85.3,1.61,266.36,Bronze,1,SG,PulseMart,member26946@example.com,false,false
M27131,4,2023-06-24,2025-04-12,444,658,330.4,82.6,672.0,0,2,2,PulseMart,219.3,2.02,183.28,Silver,2,US,PulseHome,member27131@example.com,false,false
M27430,4,2022-08-10,2025-01-21,525,895,292.63,73.16,486.0,1,2,1,PulseHome,298.3,1.76,119.34,Gold,3,AE,PulseHome,member27430@example.com,false,false
M27480,6,2024-07-04,2025-10-23,250,476,514.64,85.77,873.0,1,3,2,PulseEats,95.2,2.63,394.63,Bronze,1,AE,PulseEats,member27480@example.com,false,false
M28316,5,2024-08-03,2025-08-18,316,380,427.32,85.46,748.0,0,3,1,PulseEats,95.0,3.33,410.45,Platinum,4,US,PulseEats,member28316@example.com,false,false
M28681,5,2023-11-25,2025-05-27,399,549,573.64,114.73,918.0,2,2,1,PulseHome,137.3,2.91,381.38,Gold,3,IN,PulseHome,member28681@example.com,false,false
M29082,6,2023-10-18,2025-09-12,291,695,509.2,84.87,1109.0,0,3,2,PulseMart,139.0,2.09,267.42,Gold,3,IN,PulseMart,member29082@example.com,false,false
M29169,5,2023-09-26,2025-08-22,312,696,372.54,74.51,745.0,0,3,1,PulseHome,174.0,1.79,195.37,Silver,2,US,PulseHome,member29169@example.com,false,false
M29832,4,2023-06-01,2025-06-11,384,741,197.25,49.31,454.0,0,3,1,PulseMart,247.0,1.55,97.16,Bronze,1,US,PulseMart,member29832@example.com,false,false
M30096,4,2023-09-05,2025-02-03,512,517,236.4,59.1,429.0,0,3,2,PulseEats,172.3,2.97,166.9,Gold,3,IN,PulseEats,member30096@example.com,false,false
M30240,4,2024-06-01,2025-07-17,348,411,200.62,50.16,230.0,2,2,1,PulseEats,137.0,2.54,178.17,Bronze,1,SG,PulseEats,member30240@example.com,false,false
M30243,5,2024-02-13,2025-06-12,383,485,298.35,59.67,497.0,3,2,1,PulseMart,121.3,3.16,224.53,Bronze,1,GB,PulseMart,member30243@example.com,false,false
M30927,4,2024-05-15,2025-08-26,308,468,225.54,56.38,421.0,1,2,1,PulseMart,156.0,1.97,175.9,Silver,2,AE,PulseMart,member30927@example.com,false,false
M31172,7,2021-10-03,2025-03-07,480,1251,420.76,60.11,537.0,1,3,1,PulseEats,208.5,2.3,122.76,Silver,2,IN,PulseEats,member31172@example.com,false,false
M31406,5,2024-03-13,2025-09-28,275,564,312.0,62.4,446.0,1,3,1,PulseEats,141.0,1.95,201.91,Bronze,1,GB,PulseEats,member31406@example.com,false,false
M31583,7,2023-03-11,2025-09-23,280,927,580.48,82.93,1070.0,1,3,2,PulseHome,154.5,1.81,228.56,Bronze,1,IN,PulseHome,member31583@example.com,false,false
M31591,5,2024-08-06,2025-08-11,323,370,248.37,49.67,465.0,1,2,2,PulseHome,92.5,3.49,245.01,Gold,3,IN,PulseHome,member31591@example.com,false,false
M31947,5,2024-10-29,2025-12-28,184,425,227.22,45.44,348.0,1,3,1,PulseEats,106.3,1.73,195.14,Silver,2,US,PulseEats,member31947@example.com,false,false
M32263,7,2022-12-16,2025-08-08,326,966,632.93,90.42,1232.0,0,3,2,PulseHome,161.0,2.02,239.15,Bronze,1,IN,PulseHome,member32263@example.com,false,false
M32354,7,2024-07-18,2025-12-25,187,525,386.86,55.27,553.0,2,3,2,PulseEats,87.5,2.14,268.96,Silver,2,IN,PulseEats,member32354@example.com,false,false
M32525,5,2022-05-20,2025-02-18,497,1005,266.18,53.24,482.0,1,3,1,PulseHome,251.3,1.98,96.67,Platinum,4,IN,PulseHome,member32525@example.com,false,false
M32548,5,2023-04-22,2025-04-04,452,713,309.86,61.97,593.0,1,2,2,PulseMart,178.3,2.54,158.62,Gold,3,IN,PulseMart,member32548@example.com,false,false
M32614,10,2024-01-12,2025-10-27,246,654,525.17,52.52,907.0,2,3,3,PulseHome,72.7,3.39,293.1,Gold,3,IN,PulseHome,member32614@example.com,false,false
M32677,4,2023-12-12,2025-05-31,395,536,244.45,61.11,561.0,0,3,1,PulseMart,178.7,2.21,166.46,Bronze,1,US,PulseMart,member32677@example.com,false,false
M32813,4,2024-01-30,2025-04-22,434,448,275.66,68.91,401.0,1,2,1,PulseHome,149.3,2.91,224.59,Gold,3,US,PulseHome,member32813@example.com,false,false
M32968,6,2024-08-14,2025-11-24,218,467,430.57,71.76,935.0,0,2,2,PulseMart,93.4,2.33,336.53,Bronze,1,US,PulseMart,member32968@example.com,false,false
M33726,11,2023-08-02,2026-01-19,162,901,427.85,38.9,649.0,3,3,3,PulseEats,90.1,1.8,173.32,Bronze,1,IN,PulseEats,member33726@example.com,false,false
M33766,6,2024-08-09,2026-01-22,159,531,428.11,71.35,784.0,1,3,2,PulseHome,106.2,1.5,294.28,Bronze,1,US,PulseHome,member33766@example.com,false,false
M33944,6,2022-02-27,2025-05-01,425,1159,464.59,77.43,927.0,1,2,1,PulseMart,231.8,1.83,146.31,Silver,2,US,PulseMart,member33944@example.com,false,false
M33954,5,2024-02-22,2025-07-02,363,496,582.44,116.49,1340.0,0,3,1,PulseMart,124.0,2.93,428.61,Bronze,1,IN,PulseMart,member33954@example.com,false,false
M33956,4,2024-07-11,2025-08-12,322,397,346.1,86.53,783.0,0,2,2,PulseMart,132.3,2.43,318.2,Silver,2,US,PulseMart,member33956@example.com,false,false
M33972,4,2023-09-28,2025-07-25,340,666,346.67,86.67,788.0,0,2,2,PulseMart,222.0,1.53,189.99,Bronze,1,US,PulseMart,member33972@example.com,false,false
M33974,5,2024-11-03,2025-12-17,195,409,258.39,51.68,452.0,0,3,1,PulseEats,102.3,1.91,230.59,Gold,3,GB,PulseEats,member33974@example.com,false,false
M35649,9,2024-06-24,2026-02-01,149,587,724.91,80.55,1019.0,2,3,1,PulseEats,73.4,2.03,450.75,Bronze,1,US,PulseEats,member35649@example.com,false,false
M35775,9,2022-03-24,2025-08-25,309,1250,526.63,58.51,829.0,2,3,2,PulseEats,156.3,1.98,153.78,Bronze,1,IN,PulseEats,member35775@example.com,false,false
M35907,4,2023-12-31,2025-07-30,335,577,149.79,37.45,262.0,0,2,1,PulseEats,192.3,1.74,94.75,Platinum,4,US,PulseEats,member35907@example.com,false,false
M35964,5,2022-11-23,2025-04-01,455,860,452.16,90.43,855.0,1,2,1,PulseHome,215.0,2.12,191.91,Silver,2,AE,PulseHome,member35964@example.com,false,false
M36050,8,2023-03-06,2025-11-18,224,988,562.42,70.3,1010.0,2,3,1,PulseMart,141.1,1.59,207.78,Silver,2,SG,PulseMart,member36050@example.com,false,false
M36224,4,2024-10-06,2025-10-11,262,370,190.56,47.64,345.0,1,3,2,PulseMart,123.3,2.12,187.98,Gold,3,IN,PulseMart,member36224@example.com,false,false
M36445,7,2024-09-25,2025-12-25,187,456,467.38,66.77,734.0,3,3,2,PulseHome,76.0,2.46,374.11,Silver,2,GB,PulseHome,member36445@example.com,false,false
M36636,7,2022-04-03,2025-06-13,382,1167,436.58,62.37,741.0,1,3,3,PulseEats,194.5,1.96,136.55,Silver,2,GB,PulseEats,member36636@example.com,false,false
M36644,5,2023-02-04,2025-06-05,390,852,277.71,55.54,488.0,1,2,3,PulseMart,213.0,1.83,118.97,Silver,2,AE,PulseMart,member36644@example.com,false,false
M36790,9,2023-09-09,2025-10-22,251,774,570.4,63.38,805.0,3,3,1,PulseEats,96.8,2.59,268.99,Bronze,1,IN,PulseEats,member36790@example.com,false,false
M36812,8,2022-06-10,2025-09-27,276,1205,567.03,70.88,804.0,3,3,1,PulseHome,172.1,1.6,171.76,Silver,2,AE,PulseHome,member36812@example.com,false,false
M36928,8,2024-04-24,2025-12-21,191,606,532.53,66.57,1053.0,1,3,2,PulseHome,86.6,2.21,320.75,Bronze,1,AE,PulseHome,member36928@example.com,false,false
M37118,8,2024-07-25,2025-12-20,192,513,513.67,64.21,1046.0,2,3,1,PulseMart,73.3,2.62,365.48,Bronze,1,IN,PulseMart,member37118@example.com,false,false
M37526,4,2022-08-12,2025-01-23,523,895,254.11,63.53,519.0,0,2,2,PulseHome,298.3,1.75,103.63,Bronze,1,IN,PulseHome,member37526@example.com,false,false
M37704,5,2021-09-12,2025-01-23,523,1229,248.59,49.72,406.0,1,3,1,PulseEats,307.3,1.7,73.83,Gold,3,US,PulseEats,member37704@example.com,false,false
M37829,7,2024-02-14,2025-11-05,237,630,317.97,45.42,720.0,0,3,2,PulseMart,105.0,2.26,184.22,Gold,3,US,PulseMart,member37829@example.com,false,false
M37852,5,2024-11-05,2026-01-12,169,433,523.66,104.73,1047.0,0,2,1,PulseHome,108.3,1.56,441.42,Silver,2,IN,PulseHome,member37852@example.com,false,false
M38181,7,2023-03-17,2025-07-18,347,854,581.32,83.05,1017.0,0,3,1,PulseEats,142.3,2.44,248.46,Bronze,1,US,PulseEats,member38181@example.com,false,false
M38231,6,2023-03-21,2025-05-01,425,772,411.43,68.57,578.0,3,2,1,PulseHome,154.4,2.75,194.52,Gold,3,IN,PulseHome,member38231@example.com,false,false
M38264,6,2023-10-11,2025-08-26,308,685,328.95,54.83,658.0,0,3,1,PulseHome,137.0,2.25,175.28,Gold,3,IN,PulseHome,member38264@example.com,false,false
M38401,6,2023-05-18,2025-10-07,266,873,421.26,70.21,819.0,2,3,1,PulseMart,174.6,1.52,176.13,Silver,2,SG,PulseMart,member38401@example.com,false,false
M38571,7,2024-07-21,2025-12-30,182,527,583.25,83.32,882.0,2,3,2,PulseEats,87.8,2.07,403.96,Bronze,1,US,PulseEats,member38571@example.com,false,false
M38574,7,2024-04-12,2026-01-09,172,637,227.47,32.5,471.0,1,3,1,PulseMart,106.2,1.62,130.34,Gold,3,IN,PulseMart,member38574@example.com,false,false
M38628,4,2023-11-21,2025-02-14,501,451,258.88,64.72,470.0,0,2,2,PulseEats,150.3,3.33,209.51,Platinum,4,IN,PulseEats,member38628@example.com,false,false
M38732,6,2024-10-15,2026-01-04,177,446,345.03,57.51,770.0,0,3,2,PulseMart,89.2,1.98,282.37,Bronze,1,IN,PulseMart,member38732@example.com,false,false
M38799,6,2023-04-03,2025-08-29,305,879,427.44,71.24,898.0,1,3,1,PulseMart,175.8,1.73,177.49,Bronze,1,IN,PulseMart,member38799@example.com,false,false
M38991,7,2023-05-04,2025-09-22,281,872,319.89,45.7,467.0,2,3,1,PulseHome,145.3,1.93,133.9,Bronze,1,IN,PulseHome,member38991@example.com,false,false
M39062,4,2024-07-05,2025-10-24,249,476,464.35,116.09,561.0,2,2,2,PulseHome,158.7,1.57,356.07,Bronze,1,US,PulseHome,member39062@example.com,false,false
M39308,4,2024-04-23,2025-08-19,315,483,188.03,47.01,329.0,0,2,1,PulseEats,161.0,1.96,142.09,Bronze,1,US,PulseEats,member39308@example.com,false,false
M19051,6,2024-06-03,2025-12-27,185,572,1852.83,308.8,3706.0,0,3,1,PulseHome,114.4,1.62,1182.31,Gold,3,AE,PulseHome,member19051@example.com,false,false
M19141,5,2024-08-02,2025-11-20,222,475,980.76,196.15,1962.0,0,2,1,PulseHome,118.8,1.87,753.64,Gold,3,IN,PulseHome,member19141@example.com,false,false
M31451,4,2024-08-16,2025-08-30,304,379,1364.43,341.11,2729.0,0,2,1,PulseHome,126.3,2.41,1314.03,Platinum,4,GB,PulseHome,member31451@example.com,false,false
M37897,5,2024-08-11,2025-10-08,265,423,1492.63,298.53,2984.0,0,3,1,PulseHome,105.8,2.51,1287.97,Bronze,1,IN,PulseHome,member37897@example.com,false,false
M16676,4,2024-07-13,2025-09-04,299,418,943.74,235.94,1888.0,0,3,1,PulseHome,139.3,2.15,824.08,Gold,3,SG,PulseHome,member16676@example.com,false,false
M38329,5,2024-07-13,2025-12-09,203,514,1699.22,339.84,3908.0,0,2,1,PulseMart,128.5,1.58,1206.64,Silver,2,SG,PulseMart,member38329@example.com,false,false
M29520,6,2024-06-01,2025-11-23,219,540,1609.41,268.23,2816.0,0,3,1,PulseEats,108.0,2.03,1087.84,Silver,2,IN,PulseEats,member29520@example.com,false,false
M25682,6,2024-06-18,2025-10-12,261,481,1291.77,215.3,2261.0,0,2,1,PulseEats,96.2,2.71,980.24,Silver,2,SG,PulseEats,member25682@example.com,false,false
M25110,6,2024-10-10,2025-10-15,258,370,1564.97,260.83,3129.0,0,3,1,PulseHome,74.0,3.49,1543.82,Gold,3,US,PulseHome,member25110@example.com,false,false
M30101,6,2024-07-24,2025-12-09,203,503,1720.05,286.68,3955.0,0,2,1,PulseMart,100.6,2.02,1248.15,Bronze,1,US,PulseMart,member30101@example.com,false,false
M39994,5,2024-08-09,2025-12-12,200,490,1568.98,313.8,3608.0,0,3,1,PulseMart,122.5,1.63,1168.73,Silver,2,GB,PulseMart,member39994@example.com,false,false
M05141,6,2024-08-18,2025-12-01,211,470,1589.75,264.96,3180.0,0,3,1,PulseHome,94.0,2.24,1234.59,Bronze,1,SG,PulseHome,member05141@example.com,false,false
M33545,5,2024-07-27,2025-09-25,278,425,1192.03,238.41,2742.0,0,3,1,PulseMart,106.3,2.62,1023.74,Bronze,1,IN,PulseMart,member33545@example.com,false,false
M38103,6,2024-07-09,2025-10-09,264,457,1554.59,259.1,3108.0,0,2,1,PulseHome,91.4,2.89,1241.63,Bronze,1,IN,PulseHome,member38103@example.com,false,false
M08020,6,2021-04-05,2025-02-27,488,1424,277.36,46.23,495.0,0,3,2,PulseEats,284.8,1.71,71.09,Silver,2,IN,PulseEats,member08020@example.com,false,false
M00208,6,2021-06-07,2025-02-08,507,1342,391.95,65.33,495.0,2,3,1,PulseEats,268.4,1.89,106.6,Platinum,4,IN,PulseEats,member00208@example.com,false,false
M00535,5,2024-08-30,2025-12-22,190,479,204.71,40.94,422.0,1,3,1,PulseMart,119.8,1.59,155.99,Bronze,1,US,PulseMart,member00535@example.com,false,false
M00637,4,2024-06-19,2025-09-07,296,445,307.52,76.88,707.0,0,2,1,PulseMart,148.3,2.0,252.24,Silver,2,IN,PulseMart,member00637@example.com,false,false
M00697,4,2023-10-12,2025-03-17,470,522,247.95,61.99,296.0,1,2,1,PulseHome,174.0,2.7,173.38,Bronze,1,US,PulseHome,member00697@example.com,false,false
M00782,4,2023-09-12,2025-05-15,411,611,220.06,55.02,385.0,0,2,1,PulseEats,203.7,2.02,131.46,Silver,2,IN,PulseEats,member00782@example.com,false,false
M00820,4,2024-06-15,2025-10-21,252,493,194.24,48.56,339.0,0,2,1,PulseEats,164.3,1.53,143.81,Bronze,1,IN,PulseEats,member00820@example.com,false,false
M00890,6,2024-12-17,2026-02-19,131,429,605.8,100.97,1258.0,2,3,1,PulseMart,85.8,1.53,515.42,Gold,3,GB,PulseMart,member00890@example.com,false,false
M00959,4,2024-01-22,2025-05-02,424,466,247.94,61.99,333.0,1,2,1,PulseEats,155.3,2.73,194.2,Bronze,1,US,PulseEats,member00959@example.com,false,false
M01271,6,2025-01-02,2026-01-02,179,365,432.64,72.11,865.0,0,3,1,PulseHome,73.0,2.45,432.64,Gold,3,IN,PulseHome,member01271@example.com,false,false
M01298,5,2023-03-21,2025-07-02,363,834,329.84,65.97,601.0,1,3,1,PulseHome,208.5,1.74,144.35,Gold,3,IN,PulseHome,member01298@example.com,false,false
M01586,5,2024-06-04,2025-09-30,273,483,227.9,45.58,362.0,1,2,3,PulseHome,120.8,2.26,172.22,Gold,3,GB,PulseHome,member01586@example.com,false,false
M01832,6,2023-10-18,2025-09-27,276,710,542.73,90.46,1099.0,1,3,1,PulseMart,142.0,1.94,279.01,Silver,2,IN,PulseMart,member01832@example.com,false,false
M01947,4,2023-01-13,2025-01-14,532,732,267.43,66.86,534.0,0,2,1,PulseHome,244.0,2.18,133.35,Silver,2,IN,PulseHome,member01947@example.com,false,false
M01996,7,2025-02-27,2026-03-11,111,377,504.21,72.03,929.0,1,3,2,PulseHome,62.8,1.77,488.16,Bronze,1,US,PulseHome,member01996@example.com,false,false
M02004,6,2022-08-10,2025-07-27,338,1082,440.95,73.49,1015.0,0,3,1,PulseMart,216.4,1.56,148.75,Gold,3,AE,PulseMart,member02004@example.com,false,false
M02466,6,2022-09-08,2025-03-01,486,905,275.07,45.85,447.0,1,3,2,PulseEats,181.0,2.69,110.94,Gold,3,IN,PulseEats,member02466@example.com,false,false
M02762,5,2022-08-23,2025-05-24,402,1005,242.63,48.53,435.0,1,3,1,PulseHome,251.3,1.6,88.12,Silver,2,AE,PulseHome,member02762@example.com,false,false
M03038,4,2023-04-16,2025-05-05,421,750,208.54,52.14,456.0,0,3,2,PulseMart,250.0,1.68,101.49,Silver,2,US,PulseMart,member03038@example.com,false,false
M03092,4,2024-11-19,2025-12-16,196,392,226.39,56.6,471.0,1,3,1,PulseMart,130.7,1.5,210.8,Silver,2,US,PulseMart,member03092@example.com,false,false
M03176,6,2024-07-04,2025-10-01,272,454,349.35,58.22,558.0,2,3,2,PulseHome,90.8,3.0,280.87,Gold,3,US,PulseHome,member03176@example.com,false,false
M03518,7,2024-02-14,2025-11-03,239,628,539.89,77.13,1222.0,0,3,2,PulseMart,104.7,2.28,313.79,Gold,3,US,PulseMart,member03518@example.com,false,false
M04919,5,2023-09-26,2025-06-09,386,622,391.38,78.28,685.0,0,2,1,PulseEats,155.5,2.48,229.67,Bronze,1,SG,PulseEats,member04919@example.com,false,false
M05066,9,2024-10-31,2026-02-22,128,479,632.34,70.26,1133.0,1,3,2,PulseHome,59.9,2.14,481.85,Gold,3,IN,PulseHome,member05066@example.com,false,false
M05139,4,2024-04-17,2025-08-11,323,481,161.81,40.45,298.0,1,2,1,PulseMart,160.3,2.01,122.79,Silver,2,US,PulseMart,member05139@example.com,false,false
M05294,4,2024-01-16,2025-07-16,349,547,329.47,82.37,758.0,0,2,1,PulseMart,182.3,1.91,219.85,Bronze,1,US,PulseMart,member05294@example.com,false,false
M05389,6,2023-02-01,2025-08-27,307,938,339.83,56.64,732.0,1,3,1,PulseMart,187.6,1.64,132.24,Silver,2,IN,PulseMart,member05389@example.com,false,false
M05433,7,2024-11-18,2026-03-03,119,470,504.13,72.02,885.0,1,3,1,PulseHome,78.3,1.52,391.51,Silver,2,US,PulseHome,member05433@example.com,false,false
M05485,6,2023-03-26,2025-02-02,513,679,339.81,56.63,662.0,1,2,2,PulseMart,135.8,3.78,182.67,Bronze,1,AE,PulseMart,member05485@example.com,false,false
M05818,4,2024-09-07,2025-10-24,249,412,175.88,43.97,352.0,0,2,1,PulseHome,137.3,1.81,155.82,Bronze,1,IN,PulseHome,member05818@example.com,false,false
M05899,6,2023-12-02,2025-06-26,369,572,540.05,90.01,964.0,0,3,2,PulseEats,114.4,3.23,344.61,Gold,3,US,PulseEats,member05899@example.com,false,false
M05912,8,2021-06-22,2025-01-24,522,1312,599.25,74.91,1058.0,1,3,3,PulseHome,187.4,2.79,166.71,Gold,3,US,PulseHome,member05912@example.com,false,false
M05957,8,2022-05-07,2025-08-25,309,1206,641.39,80.17,1006.0,2,3,2,PulseHome,172.3,1.79,194.12,Gold,3,AE,PulseHome,member05957@example.com,false,false
M06392,6,2024-11-22,2026-01-09,172,413,538.95,89.82,1077.0,0,2,1,PulseHome,82.6,2.08,476.31,Bronze,1,AE,PulseHome,member06392@example.com,false,false
M06467,5,2022-12-08,2025-05-08,418,882,244.23,48.85,547.0,0,3,2,PulseMart,220.5,1.9,101.07,Bronze,1,US,PulseMart,member06467@example.com,false,false
M06838,4,2023-06-27,2025-06-29,366,733,295.09,73.77,490.0,1,3,1,PulseHome,244.3,1.5,146.94,Silver,2,AE,PulseHome,member06838@example.com,false,false
M06989,8,2023-01-20,2025-11-12,230,1027,535.33,66.92,1099.0,1,3,1,PulseMart,146.7,1.57,190.26,Gold,3,IN,PulseMart,member06989@example.com,false,false
M07066,7,2024-08-10,2025-11-23,219,470,424.25,60.61,757.0,0,2,2,PulseEats,78.3,2.8,329.47,Bronze,1,US,PulseEats,member07066@example.com,false,false
M07149,9,2025-01-28,2026-02-04,146,372,702.83,78.09,1055.0,2,3,2,PulseEats,46.5,3.14,689.6,Silver,2,AE,PulseEats,member07149@example.com,false,false
M07265,6,2024-03-08,2025-06-24,371,473,307.51,51.25,686.0,0,3,2,PulseMart,94.6,3.92,237.3,Silver,2,AE,PulseMart,member07265@example.com,false,false
M07353,5,2024-08-20,2025-10-31,242,437,262.11,52.42,524.0,0,3,1,PulseHome,109.3,2.22,218.92,Gold,3,IN,PulseHome,member07353@example.com,false,false
M08239,7,2023-02-26,2025-05-28,398,822,643.54,91.93,963.0,1,3,2,PulseEats,137.0,2.91,285.76,Gold,3,IN,PulseEats,member08239@example.com,false,false
M08302,4,2024-02-12,2025-07-22,343,526,474.12,118.53,975.0,0,3,2,PulseHome,175.3,1.96,329.0,Bronze,1,IN,PulseHome,member08302@example.com,false,false
M08335,6,2023-08-20,2025-09-16,287,758,370.97,61.83,401.0,2,3,1,PulseEats,151.6,1.89,178.63,Bronze,1,US,PulseEats,member08335@example.com,false,false
M08571,5,2024-07-03,2025-10-11,262,465,192.49,38.5,366.0,0,3,2,PulseHome,116.3,2.25,151.09,Silver,2,US,PulseHome,member08571@example.com,false,false
M08595,6,2024-01-10,2025-11-05,237,665,357.17,59.53,640.0,1,2,1,PulseHome,133.0,1.78,196.04,Bronze,1,GB,PulseHome,member08595@example.com,false,false
M08668,4,2024-10-10,2025-11-03,239,389,265.43,66.36,469.0,0,2,2,PulseEats,129.7,1.84,249.05,Gold,3,US,PulseEats,member08668@example.com,false,false
M08707,6,2024-12-29,2026-02-10,140,408,333.0,55.5,616.0,1,2,1,PulseHome,81.6,1.72,297.9,Silver,2,AE,PulseHome,member08707@example.com,false,false
M08886,9,2024-12-21,2026-03-28,94,462,764.35,84.93,1288.0,3,3,2,PulseHome,57.8,1.63,603.87,Silver,2,GB,PulseHome,member08886@example.com,false,false
M08928,7,2023-09-28,2025-12-07,205,801,306.15,43.74,536.0,0,2,1,PulseEats,133.5,1.54,139.51,Gold,3,IN,PulseEats,member08928@example.com,false,false
M08971,8,2021-07-01,2025-03-24,463,1362,572.63,71.58,1008.0,1,3,2,PulseHome,194.6,2.38,153.46,Bronze,1,US,PulseHome,member08971@example.com,false,false
M09049,5,2022-12-24,2025-01-31,515,769,258.21,51.64,516.0,0,3,1,PulseHome,192.3,2.68,122.56,Bronze,1,IN,PulseHome,member09049@example.com,false,false
M09104,5,2022-12-08,2025-04-15,441,859,343.42,68.68,636.0,1,3,1,PulseHome,214.8,2.05,145.92,Bronze,1,SG,PulseHome,member09104@example.com,false,false
M09145,6,2023-08-06,2025-08-06,328,731,302.05,50.34,695.0,0,3,1,PulseMart,146.2,2.24,150.82,Silver,2,IN,PulseMart,member09145@example.com,false,false
M09381,6,2023-06-19,2025-08-12,322,785,237.71,39.62,484.0,1,2,2,PulseMart,157.0,2.05,110.53,Gold,3,IN,PulseMart,member09381@example.com,false,false
M09588,5,2024-07-14,2025-11-28,214,502,264.87,52.97,273.0,4,3,1,PulseMart,125.5,1.71,192.58,Silver,2,US,PulseMart,member09588@example.com,false,false
M09707,7,2022-07-02,2025-05-04,422,1037,303.84,43.41,701.0,0,3,1,PulseMart,172.8,2.44,106.94,Platinum,4,IN,PulseMart,member09707@example.com,false,false
M09822,5,2022-10-03,2025-04-30,426,940,364.3,72.86,782.0,1,3,2,PulseMart,235.0,1.81,141.46,Bronze,1,IN,PulseMart,member09822@example.com,false,false
M09864,5,2023-12-08,2025-08-19,315,620,255.73,51.15,488.0,1,3,2,PulseHome,155.0,2.03,150.55,Gold,3,SG,PulseHome,member09864@example.com,false,false
M09937,5,2024-08-25,2025-09-28,275,399,338.12,67.62,611.0,0,3,2,PulseEats,99.8,2.76,309.31,Bronze,1,AE,PulseEats,member09937@example.com,false,false
M10023,5,2023-08-12,2025-08-27,307,746,300.8,60.16,459.0,1,3,1,PulseEats,186.5,1.65,147.17,Silver,2,IN,PulseEats,member10023@example.com,false,false
M10229,5,2023-11-04,2025-07-20,345,624,478.82,95.76,1101.0,0,3,1,PulseMart,156.0,2.21,280.08,Bronze,1,US,PulseMart,member10229@example.com,false,false
M10416,4,2022-10-03,2025-03-15,472,894,346.02,86.51,617.0,1,3,2,PulseMart,298.0,1.58,141.27,Bronze,1,GB,PulseMart,member10416@example.com,false,false
M10444,4,2024-04-11,2025-09-13,290,520,289.57,72.39,616.0,1,2,1,PulseMart,173.3,1.67,203.26,Bronze,1,IN,PulseMart,member10444@example.com,false,false
M10506,8,2022-12-26,2025-06-20,375,907,353.68,44.21,710.0,2,3,2,PulseMart,129.6,2.89,142.33,Silver,2,IN,PulseMart,member10506@example.com,false,false
M10571,6,2022-09-11,2025-02-02,513,875,566.78,94.46,886.0,3,3,1,PulseHome,175.0,2.93,236.43,Gold,3,US,PulseHome,member10571@example.com,false,false
M10596,7,2025-01-03,2026-02-02,148,395,359.17,51.31,749.0,0,2,2,PulseMart,65.8,2.25,331.89,Silver,2,SG,PulseMart,member10596@example.com,false,false
M10629,4,2023-08-16,2025-07-14,351,698,299.32,74.83,667.0,0,3,2,PulseMart,232.7,1.51,156.52,Silver,2,IN,PulseMart,member10629@example.com,false,false
M10650,7,2023-07-02,2025-08-12,322,772,328.55,46.94,572.0,1,3,2,PulseHome,128.7,2.5,155.34,Gold,3,US,PulseHome,member10650@example.com,false,false
M10970,4,2024-12-12,2025-12-20,192,373,229.84,57.46,458.0,0,1,2,PulseEats,124.3,1.54,224.91,Bronze,1,IN,PulseEats,member10970@example.com,false,false
M11061,7,2025-01-29,2026-03-08,114,403,238.04,34.01,386.0,1,3,1,PulseHome,67.2,1.7,215.59,Bronze,1,IN,PulseHome,member11061@example.com,false,false
M11510,5,2024-08-29,2025-09-14,289,381,394.89,78.98,789.0,0,3,1,PulseHome,95.3,3.03,378.31,Silver,2,IN,PulseHome,member11510@example.com,false,false
M11547,4,2024-07-19,2025-09-04,299,412,238.52,59.63,417.0,0,3,1,PulseEats,137.3,2.18,211.31,Bronze,1,US,PulseEats,member11547@example.com,false,false
M11642,5,2022-08-02,2025-02-27,488,940,531.61,106.32,1223.0,0,3,1,PulseMart,235.0,2.08,206.42,Silver,2,AE,PulseMart,member11642@example.com,false,false
M11800,9,2023-01-20,2025-12-12,200,1057,518.19,57.58,1077.0,2,3,2,PulseMart,132.1,1.51,178.94,Bronze,1,AE,PulseMart,member11800@example.com,false,false
M12065,10,2022-10-30,2025-05-18,408,931,602.89,60.29,1195.0,0,3,2,PulseHome,103.4,3.94,236.36,Bronze,1,GB,PulseHome,member12065@example.com,false,false
M12306,5,2024-04-24,2025-10-15,258,539,492.68,98.54,1084.0,1,3,1,PulseMart,134.8,1.91,333.63,Platinum,4,IN,PulseMart,member12306@example.com,false,false
M12392,4,2024-03-28,2025-08-26,308,516,177.31,44.33,310.0,1,3,1,PulseHome,172.0,1.79,125.42,Gold,3,US,PulseHome,member12392@example.com,false,false
M12697,6,2024-05-16,2025-11-25,217,558,330.59,55.1,591.0,0,2,2,PulseEats,111.6,1.94,216.25,Bronze,1,US,PulseEats,member12697@example.com,false,false
M13028,5,2023-06-24,2025-05-06,420,682,293.87,58.77,514.0,0,3,1,PulseEats,170.5,2.46,157.28,Silver,2,US,PulseEats,member13028@example.com,false,false
M13046,4,2023-08-06,2025-03-03,484,575,183.88,45.97,336.0,1,3,1,PulseMart,191.7,2.53,116.72,Bronze,1,SG,PulseMart,member13046@example.com,false,false
M13154,5,2023-08-07,2025-08-21,313,745,379.79,75.96,700.0,0,2,2,PulseHome,186.3,1.68,186.07,Silver,2,US,PulseHome,member13154@example.com,false,false
M13398,5,2023-05-13,2025-02-12,503,641,272.29,54.46,445.0,1,3,1,PulseHome,160.3,3.14,155.05,Gold,3,US,PulseHome,member13398@example.com,false,false
M13447,4,2022-07-08,2025-01-27,519,934,259.5,64.88,454.0,0,2,1,PulseEats,311.3,1.67,101.41,Bronze,1,US,PulseEats,member13447@example.com,false,false
M13614,4,2023-12-23,2025-01-26,520,400,126.14,31.53,175.0,1,2,2,PulseHome,133.3,3.9,115.1,Gold,3,IN,PulseHome,member13614@example.com,false,false
M14494,8,2022-12-20,2025-07-29,336,952,444.86,55.61,729.0,1,2,1,PulseEats,136.0,2.47,170.56,Platinum,4,US,PulseEats,member14494@example.com,false,false
M14889,5,2021-11-16,2025-01-21,525,1162,198.97,39.79,373.0,1,3,1,PulseMart,290.5,1.81,62.5,Platinum,4,US,PulseMart,member14889@example.com,false,false
M14966,9,2022-02-13,2025-05-01,425,1173,600.05,66.67,1038.0,2,3,3,PulseHome,146.6,2.9,186.72,Gold,3,IN,PulseHome,member14966@example.com,false,false
M15100,4,2022-12-19,2025-02-26,489,800,160.79,40.2,220.0,1,2,1,PulseMart,266.7,1.83,73.36,Silver,2,SG,PulseMart,member15100@example.com,false,false
M15646,9,2023-05-03,2025-07-25,340,814,799.93,88.88,1586.0,0,3,2,PulseHome,101.8,3.34,358.69,Silver,2,IN,PulseHome,member15646@example.com,false,false
M15715,5,2022-10-16,2025-05-27,399,954,249.56,49.91,499.0,0,3,1,PulseHome,238.5,1.67,95.48,Bronze,1,US,PulseHome,member15715@example.com,false,false
M15753,5,2023-07-23,2025-05-27,399,674,194.35,38.87,447.0,0,2,1,PulseMart,168.5,2.37,105.25,Bronze,1,US,PulseMart,member15753@example.com,false,false
M15808,6,2024-05-18,2025-12-30,182,591,246.71,41.12,442.0,1,3,1,PulseHome,118.2,1.54,152.37,Gold,3,IN,PulseHome,member15808@example.com,false,false
M15850,4,2024-03-25,2025-05-12,414,413,235.4,58.85,364.0,1,3,2,PulseMart,137.7,3.01,208.04,Bronze,1,US,PulseMart,member15850@example.com,false,false
M16145,5,2022-03-05,2025-01-09,537,1041,347.69,69.54,695.0,0,3,1,PulseHome,260.3,2.06,121.91,Silver,2,IN,PulseHome,member16145@example.com,false,false
M16713,7,2024-03-25,2025-12-31,181,646,531.8,75.97,1063.0,0,3,1,PulseHome,107.7,1.68,300.48,Bronze,1,US,PulseHome,member16713@example.com,false,false
M17275,5,2023-09-13,2025-05-03,423,598,189.84,37.97,285.0,1,3,1,PulseHome,149.5,2.83,115.87,Bronze,1,US,PulseHome,member17275@example.com,false,false
M17762,4,2024-09-04,2025-10-07,266,398,295.93,73.98,468.0,1,3,2,PulseHome,132.7,2.01,271.39,Gold,3,US,PulseHome,member17762@example.com,false,false
M17765,8,2023-08-26,2025-11-13,229,810,360.94,45.12,639.0,0,2,2,PulseEats,115.7,1.98,162.65,Bronze,1,AE,PulseEats,member17765@example.com,false,false
M17812,5,2024-09-11,2025-11-28,214,443,442.5,88.5,909.0,2,3,1,PulseMart,110.8,1.93,364.59,Silver,2,GB,PulseMart,member17812@example.com,false,false
M17906,6,2024-07-06,2025-10-27,246,478,363.81,60.64,686.0,1,3,2,PulseMart,95.6,2.57,277.8,Silver,2,US,PulseMart,member17906@example.com,false,false
M18342,5,2023-01-18,2025-02-05,510,749,468.75,93.75,801.0,3,3,2,PulseMart,187.3,2.72,228.43,Gold,3,IN,PulseMart,member18342@example.com,false,false
M18580,6,2023-12-28,2025-09-01,302,613,260.77,43.46,325.0,3,2,2,PulseMart,122.6,2.46,155.27,Bronze,1,SG,PulseMart,member18580@example.com,false,false
M18592,5,2023-01-28,2025-01-20,526,723,397.36,79.47,588.0,2,3,2,PulseHome,180.8,2.91,200.6,Bronze,1,SG,PulseHome,member18592@example.com,false,false
M18790,9,2023-12-31,2025-09-01,302,610,690.64,76.74,1538.0,1,3,1,PulseMart,76.3,3.96,413.25,Silver,2,IN,PulseMart,member18790@example.com,false,false
M18889,6,2024-05-23,2025-09-28,275,493,390.96,65.16,667.0,2,3,1,PulseMart,98.6,2.79,289.45,Bronze,1,US,PulseMart,member18889@example.com,false,false
M18946,5,2023-08-09,2025-07-22,343,713,271.48,54.3,403.0,1,2,1,PulseHome,178.3,1.92,138.98,Bronze,1,US,PulseHome,member18946@example.com,false,false
M19174,5,2024-09-24,2025-12-17,195,449,430.49,86.1,753.0,0,3,1,PulseEats,112.3,1.74,349.95,Bronze,1,US,PulseEats,member19174@example.com,false,false
M19221,10,2022-01-28,2025-04-11,445,1169,472.28,47.23,1026.0,1,3,2,PulseMart,129.9,3.43,147.46,Bronze,1,IN,PulseMart,member19221@example.com,false,false
M19306,7,2024-12-04,2026-02-14,136,437,334.09,47.73,598.0,1,3,2,PulseMart,72.8,1.87,279.05,Platinum,4,GB,PulseMart,member19306@example.com,false,false
M19336,8,2025-01-21,2026-03-22,100,425,379.26,47.41,710.0,0,3,3,PulseEats,60.7,1.65,325.72,Silver,2,IN,PulseEats,member19336@example.com,false,false
M19343,9,2023-12-14,2025-11-28,214,715,543.21,60.36,932.0,2,3,2,PulseHome,89.4,2.39,277.3,Bronze,1,IN,PulseHome,member19343@example.com,false,false
M19356,4,2023-11-15,2025-03-10,477,481,165.7,41.43,182.0,1,3,1,PulseHome,160.3,2.98,125.74,Gold,3,IN,PulseHome,member19356@example.com,false,false
M19375,5,2023-12-09,2025-08-25,309,625,216.88,43.38,402.0,0,3,2,PulseEats,156.3,1.98,126.66,Bronze,1,IN,PulseEats,member19375@example.com,false,false
M19441,5,2024-06-28,2025-07-24,341,391,474.97,94.99,785.0,1,2,1,PulseEats,97.8,3.49,443.39,Gold,3,SG,PulseEats,member19441@example.com,false,false
M19607,4,2022-07-18,2025-02-19,496,947,160.98,40.24,371.0,0,3,1,PulseMart,315.7,1.57,62.05,Bronze,1,IN,PulseMart,member19607@example.com,false,false
M20455,7,2021-06-03,2025-03-14,473,1380,530.67,75.81,1045.0,0,3,2,PulseHome,230.0,2.06,140.36,Bronze,1,AE,PulseHome,member20455@example.com,false,false
M20513,5,2022-07-01,2025-04-27,429,1031,305.31,61.06,602.0,0,2,2,PulseEats,257.8,1.66,108.09,Bronze,1,US,PulseEats,member20513@example.com,false,false
M20532,5,2024-08-02,2025-11-07,235,462,442.13,88.43,704.0,2,3,1,PulseHome,115.5,2.03,349.3,Bronze,1,US,PulseHome,member20532@example.com,false,false
M20723,9,2024-11-18,2026-01-03,178,411,488.84,54.32,813.0,1,3,1,PulseEats,51.4,3.46,434.13,Silver,2,US,PulseEats,member20723@example.com,false,false
M21037,6,2024-10-29,2025-12-11,201,408,274.09,45.68,453.0,1,3,1,PulseHome,81.6,2.46,245.2,Bronze,1,US,PulseHome,member21037@example.com,false,false
M21046,6,2024-08-13,2025-09-23,280,406,273.86,45.64,547.0,0,2,1,PulseHome,81.2,3.45,246.2,Bronze,1,IN,PulseHome,member21046@example.com,false,false
M21088,4,2024-11-22,2025-12-14,198,387,256.07,64.02,513.0,0,3,1,PulseHome,129.0,1.53,241.51,Silver,2,IN,PulseHome,member21088@example.com,false,false
M21313,8,2024-03-13,2026-01-04,177,662,603.16,75.4,911.0,1,3,2,PulseEats,94.6,1.87,332.56,Gold,3,GB,PulseEats,member21313@example.com,false,false
M21618,6,2023-05-27,2025-05-16,410,720,419.31,69.88,734.0,0,3,1,PulseEats,144.0,2.85,212.57,Silver,2,US,PulseEats,member21618@example.com,false,false
M21645,5,2023-05-07,2025-07-08,357,793,363.51,72.7,658.0,0,3,2,PulseEats,198.3,1.8,167.32,Bronze,1,AE,PulseEats,member21645@example.com,false,false
M21702,4,2024-11-24,2025-12-18,194,389,205.97,51.49,241.0,1,3,1,PulseEats,129.7,1.5,193.26,Silver,2,AE,PulseEats,member21702@example.com,false,false
M21955,5,2023-12-11,2025-10-10,263,669,267.11,53.42,468.0,0,2,1,PulseEats,167.3,1.57,145.73,Silver,2,US,PulseEats,member21955@example.com,false,false
M22376,4,2024-05-24,2025-08-31,303,464,229.07,57.27,268.0,4,3,1,PulseMart,154.7,1.96,180.2,Gold,3,IN,PulseMart,member22376@example.com,false,false
M22406,7,2022-06-11,2025-02-16,499,981,872.56,124.65,1746.0,0,3,1,PulseHome,163.5,3.05,324.65,Silver,2,SG,PulseHome,member22406@example.com,false,false
M22408,6,2023-02-18,2025-04-05,451,777,426.28,71.05,661.0,1,3,1,PulseEats,155.4,2.9,200.25,Silver,2,AE,PulseEats,member22408@example.com,false,false
M22469,8,2024-02-27,2026-01-30,151,703,564.49,70.56,1017.0,0,3,2,PulseEats,100.4,1.5,293.09,Silver,2,US,PulseEats,member22469@example.com,false,false
M23107,6,2024-03-01,2025-10-26,247,604,325.73,54.29,678.0,1,3,2,PulseMart,120.8,2.04,196.84,Platinum,4,IN,PulseMart,member23107@example.com,false,false
M23188,4,2023-08-06,2025-03-10,477,582,350.85,87.71,689.0,0,2,2,PulseEats,194.0,2.46,220.03,Silver,2,US,PulseEats,member23188@example.com,false,false
M23638,6,2023-09-19,2025-09-27,276,739,363.08,60.51,642.0,2,3,1,PulseMart,147.8,1.87,179.33,Platinum,4,AE,PulseMart,member23638@example.com,false,false
M23703,5,2023-07-17,2025-08-20,314,765,528.35,105.67,818.0,1,3,1,PulseEats,191.3,1.64,252.09,Gold,3,US,PulseEats,member23703@example.com,false,false
M23708,5,2022-11-25,2025-05-10,416,897,284.96,56.99,372.0,2,3,1,PulseMart,224.3,1.86,115.95,Silver,2,IN,PulseMart,member23708@example.com,false,false
M24007,6,2022-10-07,2025-06-10,385,977,307.43,51.24,370.0,2,3,1,PulseEats,195.4,1.97,114.85,Gold,3,US,PulseEats,member24007@example.com,false,false
M24022,8,2022-05-28,2025-03-15,472,1022,258.3,32.29,408.0,1,3,2,PulseEats,146.0,3.23,92.25,Silver,2,IN,PulseEats,member24022@example.com,false,false
M24120,10,2021-11-22,2025-04-14,442,1239,570.95,57.09,1313.0,0,3,1,PulseMart,137.7,3.21,168.2,Bronze,1,US,PulseMart,member24120@example.com,false,false
M24299,4,2022-09-16,2025-02-04,511,872,226.15,56.54,501.0,0,2,2,PulseMart,290.7,1.76,94.66,Platinum,4,IN,PulseMart,member24299@example.com,false,false
M24540,5,2024-04-14,2025-09-22,281,526,218.04,43.61,481.0,0,2,2,PulseMart,131.5,2.14,151.3,Bronze,1,IN,PulseMart,member24540@example.com,false,false
M24624,6,2022-08-18,2025-08-01,333,1079,480.7,80.12,876.0,0,2,2,PulseEats,215.8,1.54,162.61,Bronze,1,US,PulseEats,member24624@example.com,false,false
M24983,4,2023-09-09,2025-05-12,414,611,231.58,57.9,524.0,0,3,2,PulseMart,203.7,2.03,138.34,Silver,2,IN,PulseMart,member24983@example.com,false,false
M24998,5,2023-03-25,2025-04-03,453,740,235.93,47.19,395.0,1,3,2,PulseHome,185.0,2.45,116.37,Silver,2,IN,PulseHome,member24998@example.com,false,false
M25145,9,2023-04-25,2025-12-01,211,951,441.87,49.1,799.0,0,3,2,PulseEats,118.9,1.77,169.59,Silver,2,US,PulseEats,member25145@example.com,false,false
M25437,5,2022-03-22,2025-03-10,477,1084,223.13,44.63,447.0,0,2,1,PulseHome,271.0,1.76,75.13,Silver,2,AE,PulseHome,member25437@example.com,false,false
M25492,7,2022-09-23,2025-09-23,280,1096,448.59,64.08,846.0,1,3,1,PulseHome,182.7,1.53,149.39,Bronze,1,US,PulseHome,member25492@example.com,false,false
M25594,8,2024-05-13,2026-01-10,171,607,705.58,88.2,1109.0,1,3,2,PulseEats,86.7,1.97,424.28,Gold,3,US,PulseEats,member25594@example.com,false,false
M25917,5,2022-07-07,2025-03-15,472,982,456.48,91.3,505.0,2,3,1,PulseEats,245.5,1.92,169.67,Gold,3,US,PulseEats,member25917@example.com,false,false
M26088,5,2023-08-12,2025-03-09,478,575,189.26,37.85,331.0,0,3,1,PulseEats,143.8,3.33,120.14,Silver,2,IN,PulseEats,member26088@example.com,false,false
M26236,5,2023-03-11,2025-04-29,427,780,347.82,69.56,609.0,0,3,1,PulseEats,195.0,2.19,162.76,Silver,2,AE,PulseEats,member26236@example.com,false,false
M26339,4,2024-04-21,2025-09-11,292,508,263.12,65.78,493.0,1,3,1,PulseHome,169.3,1.72,189.05,Gold,3,GB,PulseHome,member26339@example.com,false,false
M26817,6,2022-08-10,2025-06-24,371,1049,612.18,102.03,1299.0,1,3,2,PulseMart,209.8,1.77,213.01,Silver,2,IN,PulseMart,member26817@example.com,false,false
M26914,5,2023-11-04,2025-07-04,361,608,437.74,87.55,839.0,1,3,2,PulseMart,152.0,2.38,262.79,Bronze,1,IN,PulseMart,member26914@example.com,false,false
M26975,7,2023-02-15,2025-08-24,310,921,450.54,64.36,852.0,2,3,2,PulseMart,153.5,2.02,178.55,Silver,2,IN,PulseMart,member26975@example.com,false,false
M27022,6,2023-08-02,2025-06-24,371,692,280.14,46.69,562.0,0,3,1,PulseHome,138.4,2.68,147.76,Gold,3,IN,PulseHome,member27022@example.com,false,false
M27374,4,2024-02-23,2025-07-20,345,513,280.71,70.18,561.0,0,2,1,PulseHome,171.0,2.02,199.73,Gold,3,US,PulseHome,member27374@example.com,false,false
M27545,6,2022-05-08,2025-03-13,474,1040,300.19,50.03,540.0,2,3,2,PulseMart,208.0,2.28,105.36,Silver,2,IN,PulseMart,member27545@example.com,false,false
M27619,8,2025-01-07,2026-03-12,110,429,478.45,59.81,767.0,2,3,3,PulseHome,61.3,1.79,407.07,Silver,2,IN,PulseHome,member27619@example.com,false,false
M27677,5,2022-07-05,2025-02-17,498,958,260.21,52.04,414.0,1,2,1,PulseEats,239.5,2.08,99.14,Bronze,1,IN,PulseEats,member27677@example.com,false,false
M27854,4,2023-10-21,2025-05-10,416,567,201.73,50.43,248.0,2,2,2,PulseHome,189.0,2.2,129.86,Bronze,1,GB,PulseHome,member27854@example.com,false,false
M28184,5,2023-10-03,2025-07-24,341,660,294.72,58.94,390.0,1,2,1,PulseHome,165.0,2.07,162.99,Bronze,1,IN,PulseHome,member28184@example.com,false,false
M28376,5,2024-06-04,2025-11-27,215,541,431.33,86.27,738.0,2,3,2,PulseMart,135.3,1.59,291.01,Platinum,4,US,PulseMart,member28376@example.com,false,false
M28433,6,2022-12-23,2025-08-07,327,958,715.17,119.2,1359.0,1,2,3,PulseHome,191.6,1.71,272.48,Bronze,1,US,PulseHome,member28433@example.com,false,false
M28520,8,2022-06-07,2025-08-25,309,1175,729.62,91.2,1679.0,0,3,1,PulseMart,167.9,1.84,226.65,Platinum,4,IN,PulseMart,member28520@example.com,false,false
M28624,5,2023-02-19,2025-05-05,421,806,593.78,118.76,1039.0,0,2,1,PulseEats,201.5,2.09,268.9,Gold,3,IN,PulseEats,member28624@example.com,false,false
M28810,5,2024-05-23,2025-10-11,262,506,450.4,90.08,935.0,1,2,1,PulseMart,126.5,2.07,324.89,Gold,3,IN,PulseMart,member28810@example.com,false,false
M29046,6,2023-03-02,2025-03-26,461,755,221.09,36.85,492.0,0,3,2,PulseMart,151.0,3.05,106.88,Gold,3,IN,PulseMart,member29046@example.com,false,false
M29409,5,2022-12-24,2025-04-16,440,844,350.09,70.02,699.0,0,3,1,PulseHome,211.0,2.09,151.4,Bronze,1,IN,PulseHome,member29409@example.com,false,false
M29487,7,2022-10-15,2025-03-31,456,898,363.17,51.88,826.0,0,3,2,PulseMart,149.7,3.05,147.61,Silver,2,IN,PulseMart,member29487@example.com,false,false
M30026,4,2023-04-03,2025-03-11,476,708,205.39,51.35,422.0,0,3,2,PulseHome,236.0,2.02,105.89,Bronze,1,IN,PulseHome,member30026@example.com,false,false
M30376,8,2022-04-23,2025-07-31,334,1195,491.55,61.44,925.0,2,3,2,PulseMart,170.7,1.96,150.14,Platinum,4,IN,PulseMart,member30376@example.com,false,false
M30606,4,2023-11-21,2025-07-30,335,617,223.48,55.87,391.0,0,2,1,PulseEats,205.7,1.63,132.2,Platinum,4,US,PulseEats,member30606@example.com,false,false
M31004,5,2024-10-05,2026-01-03,178,455,310.18,62.04,489.0,1,3,2,PulseHome,113.8,1.56,248.83,Silver,2,AE,PulseHome,member31004@example.com,false,false
M31505,7,2022-12-12,2025-08-30,304,992,403.75,57.68,578.0,2,3,1,PulseEats,165.3,1.84,148.56,Gold,3,US,PulseEats,member31505@example.com,false,false
M31526,4,2024-02-18,2025-09-01,302,561,255.15,63.79,447.0,0,1,1,PulseEats,187.0,1.61,166.01,Gold,3,US,PulseEats,member31526@example.com,false,false
M31869,5,2023-10-07,2025-08-14,320,677,331.94,66.39,697.0,0,3,2,PulseHome,169.3,1.89,178.96,Bronze,1,US,PulseHome,member31869@example.com,false,false
M32811,6,2021-09-27,2025-02-13,502,1235,339.73,56.62,637.0,1,3,2,PulseHome,247.0,2.03,100.41,Bronze,1,US,PulseHome,member32811@example.com,false,false
M32997,6,2024-10-16,2025-11-05,237,385,613.32,102.22,1291.0,1,3,2,PulseMart,77.0,3.08,581.46,Bronze,1,US,PulseMart,member32997@example.com,false,false
M33140,8,2024-11-05,2026-03-16,106,496,394.87,49.36,692.0,0,2,1,PulseEats,70.9,1.5,290.58,Bronze,1,SG,PulseEats,member33140@example.com,false,false
M33243,6,2022-07-24,2025-06-14,381,1056,738.9,123.15,1498.0,1,3,3,PulseHome,211.2,1.8,255.4,Bronze,1,AE,PulseHome,member33243@example.com,false,false
M33466,5,2022-08-13,2025-04-15,441,976,423.29,84.66,867.0,1,3,2,PulseMart,244.0,1.81,158.3,Gold,3,IN,PulseMart,member33466@example.com,false,false
M33595,5,2024-01-08,2025-10-23,250,654,475.92,95.18,1095.0,0,3,1,PulseMart,163.5,1.53,265.61,Gold,3,US,PulseMart,member33595@example.com,false,false
M33658,4,2024-01-24,2025-09-06,297,591,280.63,70.16,627.0,0,3,2,PulseMart,197.0,1.51,173.32,Bronze,1,US,PulseMart,member33658@example.com,false,false
M33780,6,2024-02-28,2025-11-21,221,632,423.68,70.61,577.0,1,2,2,PulseEats,126.4,1.75,244.69,Gold,3,IN,PulseEats,member33780@example.com,false,false
M34070,8,2024-03-06,2026-01-27,154,692,515.13,64.39,980.0,1,3,1,PulseHome,98.9,1.56,271.71,Gold,3,IN,PulseHome,member34070@example.com,false,false
M34217,7,2024-11-14,2026-01-12,169,424,565.48,80.78,1040.0,2,3,2,PulseHome,70.7,2.39,486.79,Gold,3,US,PulseHome,member34217@example.com,false,false
M34233,4,2024-01-01,2025-06-04,391,520,174.3,43.58,361.0,1,2,1,PulseMart,173.3,2.26,122.35,Bronze,1,AE,PulseMart,member34233@example.com,false,false
M34304,12,2022-02-01,2025-11-23,219,1391,705.5,58.79,1131.0,1,3,2,PulseEats,126.5,1.73,185.12,Bronze,1,IN,PulseEats,member34304@example.com,false,false
M34329,5,2023-09-19,2025-07-27,338,677,435.03,87.01,777.0,0,2,2,PulseEats,169.3,2.0,234.54,Silver,2,IN,PulseEats,member34329@example.com,false,false
M34332,4,2023-08-21,2025-03-28,459,585,266.88,66.72,614.0,0,2,1,PulseMart,195.0,2.35,166.51,Silver,2,US,PulseMart,member34332@example.com,false,false
M34336,7,2021-02-27,2025-04-17,439,1510,541.61,77.37,922.0,1,3,2,PulseEats,251.7,1.74,130.92,Platinum,4,GB,PulseEats,member34336@example.com,false,false
M34418,5,2024-11-01,2025-11-14,228,378,481.42,96.28,902.0,1,3,1,PulseHome,94.5,2.41,464.86,Gold,3,GB,PulseHome,member34418@example.com,false,false
M34429,6,2024-06-26,2025-10-31,242,492,393.4,65.57,405.0,3,2,2,PulseEats,98.4,2.46,291.85,Silver,2,IN,PulseEats,member34429@example.com,false,false
M34505,4,2024-02-05,2025-07-13,352,524,173.83,43.46,358.0,1,3,1,PulseMart,174.7,2.02,121.08,Silver,2,GB,PulseMart,member34505@example.com,false,false
M34725,4,2024-04-30,2025-05-28,398,393,202.91,50.73,255.0,1,3,1,PulseEats,131.0,3.04,188.45,Bronze,1,IN,PulseEats,member34725@example.com,false,false
M34751,5,2023-04-30,2025-03-22,465,692,149.66,29.93,262.0,0,3,1,PulseEats,173.0,2.69,78.94,Bronze,1,US,PulseEats,member34751@example.com,false,false
M34766,5,2024-03-20,2025-10-17,256,576,172.49,34.5,308.0,1,3,1,PulseHome,144.0,1.78,109.3,Bronze,1,IN,PulseHome,member34766@example.com,false,false
M34896,7,2024-05-16,2025-12-31,181,594,557.62,79.66,825.0,2,3,1,PulseEats,99.0,1.83,342.65,Platinum,4,GB,PulseEats,member34896@example.com,false,false
M34975,4,2022-11-24,2025-04-12,444,870,265.2,66.3,483.0,1,3,2,PulseHome,290.0,1.53,111.26,Silver,2,GB,PulseHome,member34975@example.com,false,false
M35081,4,2024-07-06,2025-08-12,322,402,418.95,104.74,583.0,1,2,1,PulseEats,134.0,2.4,380.39,Bronze,1,US,PulseEats,member35081@example.com,false,false
M35852,7,2024-08-04,2025-12-28,184,511,496.65,70.95,1056.0,1,3,3,PulseMart,85.2,2.16,354.75,Bronze,1,IN,PulseMart,member35852@example.com,false,false
M36030,6,2023-01-21,2025-04-18,438,818,269.56,44.93,519.0,1,3,1,PulseMart,163.6,2.68,120.28,Gold,3,IN,PulseMart,member36030@example.com,false,false
M36235,5,2024-02-28,2025-06-15,380,473,342.35,68.47,636.0,2,3,1,PulseMart,118.3,3.21,264.18,Silver,2,IN,PulseMart,member36235@example.com,false,false
M36861,7,2024-07-08,2026-01-07,174,548,323.55,46.22,642.0,0,2,2,PulseHome,91.3,1.91,215.5,Bronze,1,GB,PulseHome,member36861@example.com,false,false
M36942,7,2023-04-14,2025-05-14,412,761,497.39,71.06,943.0,1,3,3,PulseMart,126.8,3.25,238.56,Silver,2,US,PulseMart,member36942@example.com,false,false
M37183,5,2022-08-14,2025-01-28,518,898,278.66,55.73,538.0,1,2,2,PulseMart,224.5,2.31,113.26,Silver,2,IN,PulseMart,member37183@example.com,false,false
M37261,7,2021-12-31,2025-08-06,328,1314,524.55,74.94,1031.0,0,3,2,PulseHome,219.0,1.5,145.71,Bronze,1,US,PulseHome,member37261@example.com,false,false
M37412,4,2024-07-08,2025-10-29,244,478,195.71,48.93,300.0,2,2,2,PulseMart,159.3,1.53,149.44,Bronze,1,GB,PulseMart,member37412@example.com,false,false
M37911,6,2023-07-09,2025-10-01,272,815,465.29,77.55,767.0,2,3,1,PulseHome,163.0,1.67,208.38,Gold,3,AE,PulseHome,member37911@example.com,false,false
M38002,6,2022-12-20,2025-05-28,398,890,347.23,57.87,694.0,0,3,1,PulseHome,178.0,2.24,142.4,Platinum,4,IN,PulseHome,member38002@example.com,false,false
M38130,4,2022-10-26,2025-01-21,525,818,288.79,72.2,664.0,0,2,1,PulseMart,272.7,1.93,128.86,Silver,2,US,PulseMart,member38130@example.com,false,false
M38407,7,2023-03-25,2025-08-09,325,868,511.47,73.07,1076.0,1,3,1,PulseMart,144.7,2.25,215.08,Bronze,1,US,PulseMart,member38407@example.com,false,false
M38638,6,2021-10-09,2025-03-08,479,1246,273.39,45.57,579.0,0,3,2,PulseMart,249.2,1.92,80.09,Gold,3,IN,PulseMart,member38638@example.com,false,false
M38806,6,2022-07-30,2025-03-30,457,974,355.29,59.22,772.0,0,2,3,PulseMart,194.8,2.35,133.14,Silver,2,GB,PulseMart,member38806@example.com,false,false
M39371,5,2023-11-04,2025-09-26,277,692,355.66,71.13,711.0,0,2,1,PulseHome,173.0,1.6,187.6,Bronze,1,US,PulseHome,member39371@example.com,false,false
M39895,5,2023-09-22,2025-05-25,401,611,348.22,69.64,801.0,0,3,1,PulseMart,152.8,2.63,208.02,Silver,2,IN,PulseMart,member39895@example.com,false,false
M03240,6,2024-11-05,2025-12-22,190,412,1930.83,321.81,3863.0,0,3,1,PulseHome,82.4,2.31,1710.57,Silver,2,GB,PulseHome,member03240@example.com,false,false
M09749,5,2024-07-29,2025-12-19,193,508,1833.57,366.71,3668.0,0,2,1,PulseHome,127.0,1.52,1317.43,Bronze,1,SG,PulseHome,member09749@example.com,false,false
M23129,6,2024-09-23,2025-11-14,228,417,1853.1,308.85,4261.0,0,3,1,PulseMart,83.4,2.73,1622.02,Bronze,1,AE,PulseMart,member23129@example.com,false,false
M29412,6,2024-09-19,2025-11-14,228,421,1681.93,280.32,3869.0,0,2,1,PulseMart,84.2,2.71,1458.21,Silver,2,IN,PulseMart,member29412@example.com,false,false
M27673,5,2024-10-11,2025-12-11,201,426,1487.33,297.47,3421.0,0,3,1,PulseMart,106.5,1.89,1274.36,Bronze,1,SG,PulseMart,member27673@example.com,false,false
M29983,5,2024-08-03,2025-10-30,243,453,1397.63,279.53,2796.0,0,2,1,PulseHome,113.3,2.15,1126.13,Silver,2,IN,PulseHome,member29983@example.com,false,false
M09203,6,2024-08-15,2025-11-22,220,464,1859.51,309.92,3253.0,0,3,1,PulseEats,92.8,2.37,1462.76,Silver,2,IN,PulseEats,member09203@example.com,false,false
M27001,6,2024-10-07,2025-12-21,191,440,1589.39,264.9,2782.0,0,3,1,PulseEats,88.0,2.17,1318.47,Gold,3,US,PulseEats,member27001@example.com,false,false
M38248,6,2024-07-11,2025-09-06,297,422,1578.62,263.1,3632.0,0,3,1,PulseMart,84.4,3.52,1365.39,Platinum,4,IN,PulseMart,member38248@example.com,false,false
M10090,4,2024-07-09,2025-09-10,293,428,1265.83,316.46,2215.0,0,2,1,PulseEats,142.7,2.05,1079.5,Silver,2,US,PulseEats,member10090@example.com,false,false
M30039,4,2024-08-08,2025-08-14,320,371,1510.2,377.55,3474.0,0,2,1,PulseMart,123.7,2.59,1485.78,Silver,2,SG,PulseMart,member30039@example.com,false,false
M21623,6,2024-07-14,2025-12-24,188,528,1577.27,262.88,3628.0,0,2,1,PulseMart,105.6,1.78,1090.35,Gold,3,IN,PulseMart,member21623@example.com,false,false
M05017,5,2024-06-29,2025-11-29,213,518,1441.07,288.21,2522.0,0,2,1,PulseEats,129.5,1.64,1015.43,Gold,3,US,PulseEats,member05017@example.com,false,false
M01193,4,2024-06-02,2025-06-02,393,365,253.15,63.29,304.0,2,2,2,PulseEats,121.7,3.23,253.15,Silver,2,US,PulseEats,member01193@example.com,false,false
M07395,6,2024-04-13,2025-11-19,223,585,906.01,151.0,1800.0,0,3,3,PulseHome,117.0,1.91,565.29,Silver,2,US,PulseHome,member07395@example.com,false,false
M03168,5,2022-11-29,2025-01-10,536,773,401.03,80.21,922.0,0,3,1,PulseMart,193.3,2.77,189.36,Silver,2,AE,PulseMart,member03168@example.com,false,false
M05191,4,2024-06-07,2025-09-06,297,456,365.04,91.26,639.0,0,3,1,PulseEats,152.0,1.95,292.19,Bronze,1,US,PulseEats,member05191@example.com,false,false
M03670,5,2022-07-11,2025-01-28,518,932,309.43,61.89,418.0,2,3,1,PulseHome,233.0,2.22,121.18,Bronze,1,GB,PulseHome,member03670@example.com,false,false
M02712,6,2023-12-06,2025-10-26,247,690,337.76,56.29,516.0,2,3,2,PulseHome,138.0,1.79,178.67,Gold,3,US,PulseHome,member02712@example.com,false,false
M03167,6,2023-12-09,2025-09-24,279,655,382.68,63.78,753.0,0,3,3,PulseHome,131.0,2.13,213.25,Silver,2,US,PulseHome,member03167@example.com,false,false
M10519,10,2023-02-09,2025-11-02,240,997,885.07,88.51,1709.0,1,3,2,PulseHome,110.8,2.17,324.02,Platinum,4,IN,PulseHome,member10519@example.com,false,false
M00144,4,2022-08-21,2025-03-15,472,937,277.71,69.43,487.0,0,3,1,PulseEats,312.3,1.51,108.18,Bronze,1,IN,PulseEats,member00144@example.com,false,false
M00234,8,2021-11-12,2025-04-05,451,1240,488.28,61.04,998.0,1,3,1,PulseMart,177.1,2.55,143.73,Gold,3,AE,PulseMart,member00234@example.com,false,false
M00854,7,2022-11-20,2025-06-17,378,940,572.78,81.83,1289.0,0,3,2,PulseMart,156.7,2.41,222.41,Gold,3,SG,PulseMart,member00854@example.com,false,false
M00963,5,2024-03-12,2025-11-07,235,605,336.32,67.26,773.0,0,3,1,PulseMart,151.3,1.55,202.9,Silver,2,US,PulseMart,member00963@example.com,false,false
M01118,8,2023-01-13,2025-10-06,267,997,442.29,55.29,886.0,0,3,1,PulseHome,142.4,1.87,161.92,Bronze,1,AE,PulseHome,member01118@example.com,false,false
M01351,5,2024-03-12,2025-09-16,287,553,222.52,44.5,381.0,3,2,3,PulseMart,138.3,2.08,146.87,Gold,3,US,PulseMart,member01351@example.com,false,false
M01493,4,2022-05-19,2025-02-11,504,999,209.29,52.32,152.0,3,2,1,PulseHome,333.0,1.51,76.47,Platinum,4,SG,PulseHome,member01493@example.com,false,false
M01544,6,2022-08-22,2025-03-21,466,942,286.89,47.82,424.0,2,3,1,PulseHome,188.4,2.47,111.16,Bronze,1,US,PulseHome,member01544@example.com,false,false
M01631,4,2024-11-07,2025-11-13,229,371,125.45,31.36,185.0,1,3,1,PulseEats,123.7,1.85,123.42,Platinum,4,IN,PulseEats,member01631@example.com,false,false
M01745,6,2023-12-26,2025-07-19,346,571,276.13,46.02,554.0,0,3,1,PulseHome,114.2,3.03,176.51,Gold,3,GB,PulseHome,member01745@example.com,false,false
M01896,6,2023-11-03,2025-07-19,346,624,428.06,71.34,986.0,0,2,1,PulseMart,124.8,2.77,250.39,Silver,2,GB,PulseMart,member01896@example.com,false,false
M01951,5,2021-08-21,2025-02-21,494,1280,242.04,48.41,339.0,2,2,1,PulseHome,320.0,1.54,69.02,Gold,3,US,PulseHome,member01951@example.com,false,false
M01985,5,2023-12-19,2025-09-09,294,630,439.07,87.81,860.0,1,3,1,PulseMart,157.5,1.87,254.38,Bronze,1,US,PulseMart,member01985@example.com,false,false
M02150,7,2022-09-18,2025-05-04,422,959,346.58,49.51,607.0,0,3,1,PulseEats,159.8,2.64,131.91,Bronze,1,SG,PulseEats,member02150@example.com,false,false
M02398,10,2024-07-19,2026-03-04,118,593,820.89,82.09,1203.0,2,3,2,PulseEats,65.9,1.79,505.27,Gold,3,IN,PulseEats,member02398@example.com,false,false
M02437,7,2023-01-18,2025-08-09,325,934,459.08,65.58,1039.0,0,3,2,PulseMart,155.7,2.09,179.4,Bronze,1,IN,PulseMart,member02437@example.com,false,false
M02568,4,2023-10-18,2025-01-29,517,469,226.61,56.65,356.0,2,3,2,PulseMart,156.3,3.31,176.36,Bronze,1,GB,PulseMart,member02568@example.com,false,false
M02763,5,2022-10-29,2025-06-29,366,974,311.79,62.36,552.0,1,2,2,PulseHome,243.5,1.5,116.84,Bronze,1,GB,PulseHome,member02763@example.com,false,false
M02814,5,2023-07-23,2025-05-28,398,675,203.58,40.72,303.0,1,2,2,PulseEats,168.8,2.36,110.08,Silver,2,AE,PulseEats,member02814@example.com,false,false
M02836,7,2022-09-07,2025-02-04,511,881,468.47,66.92,795.0,1,3,1,PulseEats,146.8,3.48,194.09,Bronze,1,SG,PulseEats,member02836@example.com,false,false
M02981,5,2024-08-14,2025-12-09,203,482,528.03,105.61,762.0,1,3,2,PulseEats,120.5,1.68,399.86,Bronze,1,SG,PulseEats,member02981@example.com,false,false
M03274,6,2024-09-10,2026-01-08,173,485,368.05,61.34,754.0,0,3,3,PulseHome,97.0,1.78,276.99,Bronze,1,AE,PulseHome,member03274@example.com,false,false
M03326,8,2023-01-28,2025-08-26,308,941,492.39,61.55,797.0,2,3,2,PulseHome,134.4,2.29,190.99,Bronze,1,SG,PulseHome,member03326@example.com,false,false
M03532,7,2025-01-15,2026-02-14,136,395,366.92,52.42,518.0,2,3,2,PulseEats,65.8,2.07,339.05,Bronze,1,IN,PulseEats,member03532@example.com,false,false
M03731,5,2024-08-02,2025-11-12,230,467,358.65,71.73,673.0,1,2,2,PulseMart,116.8,1.97,280.32,Bronze,1,IN,PulseMart,member03731@example.com,false,false
M04034,5,2024-04-26,2025-08-03,331,464,245.17,49.03,429.0,0,3,1,PulseEats,116.0,2.85,192.86,Bronze,1,GB,PulseEats,member04034@example.com,false,false
M04214,6,2024-05-11,2025-12-23,189,591,395.32,65.89,739.0,1,3,3,PulseMart,118.2,1.6,244.15,Platinum,4,GB,PulseMart,member04214@example.com,false,false
M04387,5,2024-01-21,2025-10-13,260,631,251.96,50.39,579.0,0,3,1,PulseMart,157.8,1.65,145.75,Silver,2,US,PulseMart,member04387@example.com,false,false
M04532,6,2022-01-24,2025-03-18,469,1149,548.94,91.49,1252.0,0,3,2,PulseMart,229.8,2.04,174.38,Bronze,1,US,PulseMart,member04532@example.com,false,false
M04689,6,2024-04-16,2025-12-24,188,617,472.58,78.76,785.0,2,2,2,PulseHome,123.4,1.52,279.57,Silver,2,GB,PulseHome,member04689@example.com,false,false
M04934,6,2024-03-26,2025-09-15,288,538,289.99,48.33,156.0,4,2,1,PulseEats,107.6,2.68,196.74,Platinum,4,US,PulseEats,member04934@example.com,false,false
M05266,8,2022-05-04,2025-04-20,436,1082,605.16,75.65,1179.0,1,3,2,PulseHome,154.6,2.82,204.14,Gold,3,IN,PulseHome,member05266@example.com,false,false
M06114,4,2023-10-20,2025-06-09,386,598,279.57,69.89,490.0,0,2,1,PulseEats,199.3,1.94,170.64,Platinum,4,GB,PulseEats,member06114@example.com,false,false
M06118,5,2024-04-23,2025-08-22,312,486,420.33,84.07,686.0,1,3,1,PulseEats,121.5,2.57,315.68,Bronze,1,GB,PulseEats,member06118@example.com,false,false
M06254,4,2024-01-06,2025-08-24,310,596,330.93,82.73,573.0,1,2,1,PulseHome,198.7,1.56,202.67,Bronze,1,IN,PulseHome,member06254@example.com,false,false
M06359,7,2023-06-04,2025-06-20,375,747,414.53,59.22,685.0,1,3,2,PulseEats,124.5,3.01,202.55,Gold,3,GB,PulseEats,member06359@example.com,false,false
M06581,5,2024-07-23,2025-12-05,207,500,619.39,123.88,1084.0,0,2,1,PulseEats,125.0,1.66,452.15,Gold,3,IN,PulseEats,member06581@example.com,false,false
M06749,4,2024-06-06,2025-08-27,307,447,218.84,54.71,502.0,0,2,1,PulseMart,149.0,2.06,178.69,Bronze,1,IN,PulseMart,member06749@example.com,false,false
M06881,10,2023-10-09,2026-02-08,142,853,501.62,50.16,761.0,2,3,1,PulseEats,94.8,1.5,214.64,Platinum,4,IN,PulseEats,member06881@example.com,false,false
M06944,4,2023-01-12,2025-02-04,511,754,146.29,36.57,255.0,0,3,1,PulseEats,251.3,2.03,70.82,Silver,2,IN,PulseEats,member06944@example.com,false,false
M06996,6,2023-03-23,2025-09-14,289,906,358.39,59.73,681.0,1,3,1,PulseMart,181.2,1.59,144.38,Silver,2,AE,PulseMart,member06996@example.com,false,false
M07107,11,2024-01-29,2025-12-04,208,675,593.11,53.92,1165.0,0,3,2,PulseEats,67.5,3.08,320.72,Bronze,1,US,PulseEats,member07107@example.com,false,false
M07187,5,2023-01-16,2025-04-01,455,806,472.04,94.41,725.0,1,3,1,PulseEats,201.5,2.26,213.77,Bronze,1,US,PulseEats,member07187@example.com,false,false
M07477,9,2024-12-28,2026-03-16,106,443,450.92,50.1,913.0,0,3,2,PulseHome,55.4,1.91,371.53,Bronze,1,US,PulseHome,member07477@example.com,false,false
M07489,6,2022-10-22,2025-07-30,335,1012,389.71,64.95,708.0,0,3,2,PulseEats,202.4,1.66,140.56,Bronze,1,US,PulseEats,member07489@example.com,false,false
M07601,6,2022-01-10,2025-05-27,399,1233,405.26,67.54,696.0,1,3,2,PulseHome,246.6,1.62,119.97,Bronze,1,IN,PulseHome,member07601@example.com,false,false
M07905,6,2024-12-18,2026-02-11,139,420,293.93,48.99,587.0,1,2,2,PulseMart,84.0,1.65,255.44,Bronze,1,US,PulseMart,member07905@example.com,false,false
M08422,6,2023-08-11,2025-10-20,253,801,334.39,55.73,584.0,1,3,3,PulseHome,160.2,1.58,152.37,Gold,3,US,PulseHome,member08422@example.com,false,false
M08641,8,2022-07-16,2025-07-22,343,1102,515.03,64.38,831.0,1,3,2,PulseEats,157.4,2.18,170.59,Bronze,1,IN,PulseEats,member08641@example.com,false,false
M08746,4,2022-12-11,2025-01-17,529,768,173.51,43.38,348.0,0,1,1,PulseHome,256.0,2.07,82.46,Bronze,1,AE,PulseHome,member08746@example.com,false,false
M08949,6,2023-06-23,2025-08-19,315,788,370.17,61.7,650.0,0,2,1,PulseEats,157.6,2.0,171.46,Silver,2,AE,PulseEats,member08949@example.com,false,false
M09206,6,2024-09-30,2026-01-13,168,470,372.16,62.03,528.0,1,3,1,PulseEats,94.0,1.79,289.02,Bronze,1,GB,PulseEats,member09206@example.com,false,false
M09478,7,2021-03-01,2025-04-01,455,1492,293.05,41.86,594.0,2,2,1,PulseMart,248.7,1.83,71.69,Bronze,1,US,PulseMart,member09478@example.com,false,false
M09617,5,2023-09-15,2025-08-05,329,690,394.36,78.87,650.0,1,3,1,PulseEats,172.5,1.91,208.61,Silver,2,IN,PulseEats,member09617@example.com,false,false
M09834,6,2021-10-26,2025-04-19,437,1271,583.43,97.24,1281.0,1,3,1,PulseMart,254.2,1.72,167.55,Bronze,1,IN,PulseMart,member09834@example.com,false,false
M09940,9,2022-06-21,2025-09-15,288,1182,397.24,44.14,626.0,3,3,2,PulseMart,147.8,1.95,122.67,Gold,3,SG,PulseMart,member09940@example.com,false,false
M10016,4,2024-02-21,2025-06-15,380,480,134.93,33.73,237.0,0,2,1,PulseEats,160.0,2.38,102.6,Gold,3,IN,PulseEats,member10016@example.com,false,false
M10126,9,2022-06-04,2025-03-06,481,1006,448.65,49.85,898.0,0,3,1,PulseHome,125.8,3.83,162.78,Bronze,1,SG,PulseHome,member10126@example.com,false,false
M10239,7,2022-09-30,2025-09-21,282,1087,571.68,81.67,956.0,1,3,1,PulseEats,181.2,1.56,191.96,Bronze,1,IN,PulseEats,member10239@example.com,false,false
M10342,8,2024-03-02,2025-12-24,188,662,537.14,67.14,1036.0,1,3,3,PulseHome,94.6,1.99,296.16,Silver,2,US,PulseHome,member10342@example.com,false,false
M10407,7,2023-03-03,2025-07-01,364,851,720.06,102.87,1160.0,1,3,1,PulseEats,141.8,2.57,308.84,Gold,3,US,PulseEats,member10407@example.com,false,false
M10530,7,2024-12-07,2026-02-26,124,446,434.0,62.0,713.0,1,3,2,PulseHome,74.3,1.67,355.18,Silver,2,US,PulseHome,member10530@example.com,false,false
M11058,6,2021-08-04,2025-03-30,457,1334,408.04,68.01,732.0,1,3,2,PulseHome,266.8,1.71,111.65,Bronze,1,SG,PulseHome,member11058@example.com,false,false
M11221,7,2025-01-09,2026-02-22,128,409,569.13,81.3,734.0,2,3,2,PulseEats,68.2,1.88,507.9,Bronze,1,GB,PulseEats,member11221@example.com,false,false
M11265,6,2023-09-19,2025-09-19,284,731,384.55,64.09,769.0,0,3,1,PulseHome,146.2,1.94,192.01,Bronze,1,IN,PulseHome,member11265@example.com,false,false
M11415,4,2023-07-21,2025-06-01,394,681,360.2,90.05,716.0,0,1,2,PulseEats,227.0,1.74,193.06,Silver,2,US,PulseEats,member11415@example.com,false,false
M11598,4,2023-02-10,2025-05-12,414,822,313.93,78.48,672.0,1,2,1,PulseMart,274.0,1.51,139.4,Gold,3,IN,PulseMart,member11598@example.com,false,false
M12300,8,2023-05-31,2025-11-20,222,904,797.66,99.71,1395.0,0,3,1,PulseEats,129.1,1.72,322.06,Bronze,1,SG,PulseEats,member12300@example.com,false,false
M12307,6,2023-10-13,2025-07-22,343,648,322.89,53.82,743.0,0,3,1,PulseMart,129.6,2.65,181.87,Bronze,1,US,PulseMart,member12307@example.com,false,false
M12370,4,2023-10-03,2025-06-27,368,633,204.08,51.02,356.0,1,3,1,PulseHome,211.0,1.74,117.68,Bronze,1,US,PulseHome,member12370@example.com,false,false
M12603,6,2024-07-30,2026-01-05,176,524,495.59,82.6,1009.0,0,3,2,PulseHome,104.8,1.68,345.21,Silver,2,IN,PulseHome,member12603@example.com,false,false
M12610,6,2023-10-25,2025-07-24,341,638,506.16,84.36,877.0,3,2,1,PulseMart,127.6,2.67,289.57,Platinum,4,US,PulseMart,member12610@example.com,false,false
M12686,4,2023-05-06,2025-01-17,529,622,136.62,34.16,273.0,0,2,1,PulseHome,207.3,2.55,80.17,Silver,2,US,PulseHome,member12686@example.com,false,false
M13210,5,2023-11-26,2025-08-01,333,614,298.24,59.65,597.0,0,2,1,PulseHome,153.5,2.17,177.29,Bronze,1,US,PulseHome,member13210@example.com,false,false
M13297,5,2024-06-28,2025-09-15,288,444,397.55,79.51,796.0,0,3,1,PulseHome,111.0,2.59,326.81,Bronze,1,SG,PulseHome,member13297@example.com,false,false
M13464,6,2022-09-11,2025-05-30,396,992,562.83,93.81,1006.0,1,3,2,PulseEats,198.4,2.0,207.09,Bronze,1,US,PulseEats,member13464@example.com,false,false
M13935,7,2022-02-15,2025-07-30,335,1261,399.18,57.03,699.0,0,3,1,PulseEats,210.2,1.59,115.54,Bronze,1,US,PulseEats,member13935@example.com,false,false
M14109,5,2024-08-27,2025-10-10,263,409,308.24,61.65,710.0,0,3,1,PulseMart,102.3,2.57,275.08,Platinum,4,US,PulseMart,member14109@example.com,false,false
M14251,5,2023-05-29,2025-07-15,350,778,457.45,91.49,1034.0,0,3,2,PulseMart,194.5,1.8,214.61,Bronze,1,US,PulseMart,member14251@example.com,false,false
M14253,5,2024-01-22,2025-07-28,337,553,272.25,54.45,554.0,0,2,2,PulseHome,138.3,2.44,179.69,Bronze,1,SG,PulseHome,member14253@example.com,false,false
M14342,5,2023-07-11,2025-07-21,344,741,180.59,36.12,366.0,1,3,1,PulseMart,185.3,1.86,88.95,Bronze,1,US,PulseMart,member14342@example.com,false,false
M14903,5,2022-12-27,2025-01-21,525,756,312.26,62.45,568.0,1,2,1,PulseMart,189.0,2.78,150.76,Gold,3,IN,PulseMart,member14903@example.com,false,false
M14931,4,2023-03-25,2025-02-09,506,687,464.58,116.15,984.0,0,2,2,PulseHome,229.0,2.21,246.83,Silver,2,IN,PulseHome,member14931@example.com,false,false
M15189,5,2022-09-26,2025-03-12,475,898,339.32,67.86,753.0,0,3,2,PulseMart,224.5,2.12,137.92,Silver,2,AE,PulseMart,member15189@example.com,false,false
M15748,5,2024-06-25,2025-10-06,267,468,286.0,57.2,515.0,1,3,1,PulseHome,117.0,2.28,223.06,Silver,2,IN,PulseHome,member15748@example.com,false,false
M15836,7,2021-11-25,2025-06-03,392,1286,428.36,61.19,700.0,1,3,1,PulseEats,214.3,1.83,121.58,Gold,3,AE,PulseEats,member15836@example.com,false,false
M15876,6,2024-02-10,2025-11-23,219,652,408.8,68.13,868.0,1,3,2,PulseMart,130.4,1.68,228.85,Silver,2,US,PulseMart,member15876@example.com,false,false
M16131,7,2023-11-05,2025-12-14,198,770,700.0,100.0,1399.0,0,2,1,PulseHome,128.3,1.54,331.82,Bronze,1,IN,PulseHome,member16131@example.com,false,false
M16205,4,2023-05-17,2025-06-11,384,756,325.05,81.26,651.0,0,2,1,PulseHome,252.0,1.52,156.94,Gold,3,IN,PulseHome,member16205@example.com,false,false
M16463,6,2021-08-02,2025-02-18,497,1296,244.92,40.82,442.0,0,3,2,PulseEats,259.2,1.92,68.98,Silver,2,IN,PulseEats,member16463@example.com,false,false
M16498,7,2022-07-06,2025-03-10,477,978,421.05,60.15,642.0,3,3,2,PulseMart,163.0,2.93,157.14,Bronze,1,US,PulseMart,member16498@example.com,false,false
M16686,4,2023-12-28,2025-05-31,395,520,230.39,57.6,429.0,1,2,1,PulseMart,173.3,2.28,161.72,Bronze,1,AE,PulseMart,member16686@example.com,false,false
M16687,5,2024-08-18,2025-10-18,255,426,229.29,45.86,395.0,1,2,3,PulseEats,106.5,2.39,196.46,Silver,2,GB,PulseEats,member16687@example.com,false,false
M16862,10,2023-06-01,2026-01-18,163,962,751.33,75.13,1314.0,0,3,1,PulseEats,106.9,1.52,285.07,Bronze,1,US,PulseEats,member16862@example.com,false,false
M16900,4,2023-05-23,2025-04-03,453,681,279.01,69.75,551.0,1,2,2,PulseMart,227.0,2.0,149.54,Gold,3,SG,PulseMart,member16900@example.com,false,false
M16990,6,2023-07-06,2025-07-10,355,735,528.02,88.0,1214.0,0,3,1,PulseMart,147.0,2.41,262.21,Bronze,1,IN,PulseMart,member16990@example.com,false,false
M17692,7,2022-10-13,2025-09-06,297,1059,435.6,62.23,872.0,0,3,1,PulseHome,176.5,1.68,150.14,Gold,3,IN,PulseHome,member17692@example.com,false,false
M17710,7,2022-02-24,2025-03-07,480,1107,360.43,51.49,732.0,0,3,2,PulseHome,184.5,2.6,118.84,Silver,2,US,PulseHome,member17710@example.com,false,false
M17801,4,2024-01-13,2025-07-08,357,542,284.23,71.06,489.0,1,2,2,PulseEats,180.7,1.98,191.41,Platinum,4,US,PulseEats,member17801@example.com,false,false
M17904,4,2023-12-30,2025-03-21,466,447,207.55,51.89,353.0,2,3,1,PulseMart,149.0,3.13,169.48,Platinum,4,GB,PulseMart,member17904@example.com,false,false
M18269,7,2024-08-07,2026-01-31,150,542,497.65,71.09,608.0,2,3,2,PulseHome,90.3,1.66,335.13,Bronze,1,US,PulseHome,member18269@example.com,false,false
M18310,5,2022-09-20,2025-04-22,434,945,306.87,61.37,571.0,0,2,3,PulseEats,236.3,1.84,118.53,Bronze,1,GB,PulseEats,member18310@example.com,false,false
M18531,5,2024-10-22,2025-11-08,234,382,269.58,53.92,421.0,1,3,2,PulseEats,95.5,2.45,257.58,Bronze,1,IN,PulseEats,member18531@example.com,false,false
M18571,5,2024-01-17,2025-05-13,413,482,342.13,68.43,417.0,2,3,2,PulseEats,120.5,3.43,259.08,Silver,2,SG,PulseEats,member18571@example.com,false,false
M18575,4,2024-03-24,2025-05-08,418,410,224.96,56.24,518.0,0,2,1,PulseMart,136.7,3.06,200.27,Silver,2,IN,PulseMart,member18575@example.com,false,false
M18687,4,2023-09-27,2025-04-11,445,562,289.79,72.45,666.0,0,2,1,PulseMart,187.3,2.38,188.21,Bronze,1,AE,PulseMart,member18687@example.com,false,false
M18903,5,2022-12-16,2025-01-13,533,759,330.14,66.03,577.0,0,3,1,PulseEats,189.8,2.81,158.76,Gold,3,IN,PulseEats,member18903@example.com,false,false
M18953,6,2023-04-05,2025-05-14,412,770,333.04,55.51,570.0,1,2,2,PulseHome,154.0,2.68,157.87,Silver,2,IN,PulseHome,member18953@example.com,false,false
M18984,5,2024-02-18,2025-08-29,305,558,447.16,89.43,745.0,1,3,1,PulseHome,139.5,2.19,292.5,Gold,3,IN,PulseHome,member18984@example.com,false,false
M18987,5,2023-11-03,2025-07-03,362,608,248.35,49.67,422.0,1,3,2,PulseEats,152.0,2.38,149.09,Gold,3,SG,PulseEats,member18987@example.com,false,false
M19019,4,2024-01-31,2025-08-06,328,553,202.68,50.67,387.0,0,3,2,PulseEats,184.3,1.78,133.78,Gold,3,US,PulseEats,member19019@example.com,false,false
M19642,5,2021-11-30,2025-02-16,499,1174,307.82,61.56,516.0,1,2,1,PulseHome,293.5,1.7,95.7,Gold,3,US,PulseHome,member19642@example.com,false,false
M19915,8,2024-02-08,2026-01-16,165,708,492.65,61.58,893.0,1,2,3,PulseHome,101.1,1.63,253.98,Bronze,1,IN,PulseHome,member19915@example.com,false,false
M19963,8,2022-01-24,2025-07-09,356,1262,402.81,50.35,735.0,1,3,1,PulseHome,180.3,1.97,116.5,Silver,2,US,PulseHome,member19963@example.com,false,false
M20029,8,2023-08-09,2025-12-13,199,857,388.02,48.5,720.0,0,3,3,PulseEats,122.4,1.63,165.26,Silver,2,IN,PulseEats,member20029@example.com,false,false
M20402,5,2023-12-04,2025-09-18,285,654,411.89,82.38,848.0,1,2,1,PulseMart,163.5,1.74,229.88,Platinum,4,IN,PulseMart,member20402@example.com,false,false
M20475,9,2022-11-17,2025-09-06,297,1024,506.23,56.25,1000.0,0,3,3,PulseEats,128.0,2.32,180.44,Bronze,1,US,PulseEats,member20475@example.com,false,false
M20757,5,2024-10-22,2025-12-18,194,422,263.28,52.66,528.0,0,3,1,PulseHome,105.5,1.84,227.72,Platinum,4,US,PulseHome,member20757@example.com,false,false
M20844,4,2023-11-30,2025-03-22,465,478,330.23,82.56,694.0,1,3,1,PulseMart,159.3,2.92,252.16,Silver,2,IN,PulseMart,member20844@example.com,false,false
M20852,6,2024-11-27,2026-02-07,143,437,287.47,47.91,499.0,1,2,2,PulseHome,87.4,1.64,240.11,Silver,2,IN,PulseHome,member20852@example.com,false,false
M21172,6,2023-07-06,2025-07-11,354,736,435.25,72.54,688.0,3,3,2,PulseMart,147.2,2.4,215.85,Silver,2,IN,PulseMart,member21172@example.com,false,false
M21251,5,2024-12-13,2026-01-20,161,403,342.05,68.41,715.0,1,2,2,PulseMart,100.8,1.6,309.8,Gold,3,AE,PulseMart,member21251@example.com,false,false
M21269,6,2024-10-11,2025-12-09,203,424,417.14,69.52,711.0,1,3,2,PulseEats,84.8,2.39,359.09,Gold,3,US,PulseEats,member21269@example.com,false,false
M21357,5,2022-02-27,2025-02-13,502,1082,381.1,76.22,762.0,0,2,1,PulseHome,270.5,1.86,128.56,Silver,2,SG,PulseHome,member21357@example.com,false,false
M21693,4,2022-10-25,2025-02-03,512,832,160.75,40.19,162.0,3,3,1,PulseMart,277.3,1.85,70.52,Bronze,1,US,PulseMart,member21693@example.com,false,false
M21763,5,2024-08-27,2025-12-28,184,488,224.63,44.93,393.0,0,2,1,PulseEats,122.0,1.51,168.01,Bronze,1,AE,PulseEats,member21763@example.com,false,false
M21823,6,2023-10-28,2025-09-28,275,701,379.77,63.29,585.0,1,2,2,PulseHome,140.2,1.96,197.74,Bronze,1,IN,PulseHome,member21823@example.com,false,false
M22230,6,2024-05-06,2025-09-28,275,510,264.59,44.1,375.0,1,3,2,PulseEats,102.0,2.7,189.36,Bronze,1,US,PulseEats,member22230@example.com,false,false
M22249,9,2025-01-28,2026-03-10,112,406,774.84,86.09,1728.0,0,2,2,PulseMart,50.8,2.21,696.59,Gold,3,AE,PulseMart,member22249@example.com,false,false
M22371,6,2024-11-01,2026-02-05,145,461,389.51,64.92,780.0,0,2,1,PulseHome,92.2,1.57,308.4,Bronze,1,IN,PulseHome,member22371@example.com,false,false
M22437,5,2024-01-19,2025-08-23,311,582,270.73,54.15,478.0,1,2,2,PulseMart,145.5,2.14,169.79,Silver,2,IN,PulseMart,member22437@example.com,false,false
M22577,5,2023-08-02,2025-04-07,449,614,200.28,40.06,351.0,0,2,1,PulseEats,153.5,2.93,119.06,Gold,3,SG,PulseEats,member22577@example.com,false,false
M22701,7,2024-10-06,2026-02-20,130,502,329.6,47.09,744.0,0,2,2,PulseMart,83.7,1.55,239.65,Bronze,1,IN,PulseMart,member22701@example.com,false,false
M22732,6,2024-08-31,2025-10-13,260,408,536.97,89.49,951.0,1,3,3,PulseEats,81.6,3.19,480.38,Bronze,1,US,PulseHome,member22732@example.com,false,false
M22908,6,2025-01-18,2026-02-04,146,382,290.35,48.39,471.0,1,2,2,PulseEats,76.4,1.91,277.43,Gold,3,IN,PulseEats,member22908@example.com,false,false
M23207,4,2024-05-08,2025-06-02,393,390,351.3,87.83,615.0,0,2,1,PulseEats,130.0,3.02,328.78,Bronze,1,SG,PulseEats,member23207@example.com,false,false
M23296,7,2022-03-05,2025-08-02,332,1246,344.94,49.28,572.0,1,3,2,PulseEats,207.7,1.6,101.05,Bronze,1,US,PulseEats,member23296@example.com,false,false
M23377,7,2023-07-02,2025-11-20,222,872,383.98,54.85,858.0,0,2,2,PulseMart,145.3,1.53,160.73,Gold,3,IN,PulseMart,member23377@example.com,false,false
M23493,6,2023-07-10,2025-03-19,468,618,317.22,52.87,601.0,1,3,1,PulseMart,123.6,3.79,187.35,Gold,3,IN,PulseMart,member23493@example.com,false,false
M23495,6,2024-01-11,2025-09-29,274,627,290.61,48.44,508.0,0,3,1,PulseEats,125.4,2.19,169.17,Gold,3,IN,PulseEats,member23495@example.com,false,false
M23533,4,2023-03-25,2025-05-05,421,772,553.41,138.35,1172.0,1,3,1,PulseMart,257.3,1.64,261.65,Bronze,1,US,PulseMart,member23533@example.com,false,false
M23684,6,2023-07-26,2025-09-27,276,794,368.29,61.38,802.0,0,3,2,PulseMart,158.8,1.74,169.3,Silver,2,IN,PulseMart,member23684@example.com,false,false
M23790,5,2023-11-10,2025-04-30,426,537,389.74,77.95,485.0,1,3,1,PulseEats,134.3,3.17,264.91,Platinum,4,US,PulseEats,member23790@example.com,false,false
M23858,4,2024-02-04,2025-02-20,495,382,228.96,57.24,447.0,0,2,2,PulseHome,127.3,3.89,218.77,Bronze,1,IN,PulseHome,member23858@example.com,false,false
M23913,4,2024-03-30,2025-05-17,409,413,235.6,58.9,437.0,0,2,2,PulseEats,137.7,2.97,208.22,Silver,2,US,PulseEats,member23913@example.com,false,false
M24066,9,2021-09-20,2025-05-31,395,1349,637.77,70.86,995.0,2,3,2,PulseEats,168.6,2.34,172.56,Silver,2,IN,PulseEats,member24066@example.com,false,false
M24263,10,2024-06-14,2026-01-10,171,575,657.87,65.79,1297.0,0,3,2,PulseHome,63.9,2.68,417.6,Bronze,1,US,PulseHome,member24263@example.com,false,false
M24764,4,2023-03-16,2025-04-16,440,762,199.53,49.88,332.0,1,3,1,PulseMart,254.0,1.73,95.58,Platinum,4,IN,PulseMart,member24764@example.com,false,false
M25062,5,2024-04-16,2025-08-18,316,489,341.29,68.26,610.0,0,3,2,PulseEats,122.3,2.58,254.75,Bronze,1,AE,PulseEats,member25062@example.com,false,false
M25162,5,2022-06-18,2025-02-10,505,968,368.98,73.8,849.0,0,3,1,PulseMart,242.0,2.09,139.13,Gold,3,SG,PulseMart,member25162@example.com,false,false
M25168,10,2023-08-06,2025-12-13,199,860,543.46,54.35,883.0,1,3,1,PulseEats,95.6,2.08,230.65,Gold,3,IN,PulseEats,member25168@example.com,false,false
M25221,6,2023-03-19,2025-06-24,371,828,314.41,52.4,443.0,2,3,1,PulseHome,165.6,2.24,138.6,Silver,2,IN,PulseHome,member25221@example.com,false,false
M25448,4,2024-06-30,2025-07-28,337,393,128.71,32.18,266.0,0,2,2,PulseHome,131.0,2.57,119.54,Bronze,1,US,PulseHome,member25448@example.com,false,false
M25478,7,2024-06-18,2025-12-06,206,536,517.74,73.96,918.0,2,3,1,PulseMart,89.3,2.31,352.57,Bronze,1,AE,PulseMart,member25478@example.com,false,false
M25511,5,2024-09-14,2025-11-28,214,440,357.83,71.57,823.0,0,1,1,PulseMart,110.0,1.95,296.84,Bronze,1,IN,PulseMart,member25511@example.com,false,false
M25647,8,2024-12-14,2026-01-18,163,400,586.91,73.36,1200.0,2,2,1,PulseMart,57.1,2.85,535.56,Silver,2,US,PulseMart,member25647@example.com,false,false
M25968,4,2024-02-23,2025-09-17,286,572,291.34,72.84,482.0,2,3,1,PulseHome,190.7,1.5,185.91,Gold,3,US,PulseHome,member25968@example.com,false,false
M26151,7,2025-01-09,2026-01-18,163,374,539.32,77.05,933.0,2,2,2,PulseHome,62.3,2.61,526.34,Platinum,4,US,PulseHome,member26151@example.com,false,false
M26177,10,2023-01-09,2025-10-29,244,1024,686.92,68.69,961.0,3,2,2,PulseEats,113.8,2.14,244.85,Bronze,1,GB,PulseEats,member26177@example.com,false,false
M26233,10,2023-09-15,2025-12-01,211,808,567.62,56.76,1129.0,2,3,2,PulseMart,89.8,2.35,256.41,Silver,2,US,PulseMart,member26233@example.com,false,false
M26477,4,2023-05-14,2025-02-12,503,640,242.15,60.54,291.0,1,2,2,PulseHome,213.3,2.36,138.1,Gold,3,IN,PulseHome,member26477@example.com,false,false
M26582,7,2023-01-11,2025-09-25,278,988,469.18,67.03,1007.0,0,3,3,PulseMart,164.7,1.69,173.33,Platinum,4,IN,PulseMart,member26582@example.com,false,false
M27145,4,2024-03-11,2025-06-11,384,457,224.55,56.14,204.0,2,2,1,PulseEats,152.3,2.52,179.35,Gold,3,GB,PulseEats,member27145@example.com,false,false
M27153,6,2025-01-19,2026-02-14,136,391,367.14,61.19,458.0,2,3,2,PulseHome,78.2,1.74,342.73,Bronze,1,US,PulseHome,member27153@example.com,false,false
M27202,4,2024-04-08,2025-07-03,362,451,225.56,56.39,395.0,0,2,1,PulseEats,150.3,2.41,182.55,Gold,3,US,PulseEats,member27202@example.com,false,false
M27516,8,2023-09-02,2025-07-15,350,682,385.32,48.17,792.0,0,3,2,PulseMart,97.4,3.59,206.22,Gold,3,SG,PulseMart,member27516@example.com,false,false
M27977,9,2022-07-06,2025-09-23,280,1175,572.45,63.61,992.0,2,3,2,PulseHome,146.9,1.91,177.82,Gold,3,IN,PulseHome,member27977@example.com,false,false
M28009,5,2023-05-21,2025-04-26,430,706,392.67,78.53,904.0,0,3,1,PulseMart,176.5,2.44,203.01,Silver,2,US,PulseMart,member28009@example.com,false,false
M28115,9,2025-01-02,2026-03-06,116,428,342.98,38.11,526.0,1,3,2,PulseEats,53.5,2.17,292.49,Bronze,1,IN,PulseEats,member28115@example.com,false,false
M28294,7,2022-06-23,2025-02-08,507,961,586.13,83.73,996.0,2,3,2,PulseMart,160.2,3.17,222.62,Bronze,1,US,PulseMart,member28294@example.com,false,false
M28327,4,2023-10-24,2025-05-15,411,569,280.64,70.16,412.0,2,2,1,PulseHome,189.7,2.17,180.02,Bronze,1,US,PulseHome,member28327@example.com,false,false
M28367,6,2024-05-30,2026-01-02,179,582,353.94,58.99,754.0,1,3,1,PulseMart,116.4,1.54,221.97,Gold,3,US,PulseMart,member28367@example.com,false,false
M28412,6,2023-06-08,2025-07-28,337,781,349.11,58.18,542.0,1,3,2,PulseEats,156.2,2.16,163.16,Silver,2,IN,PulseEats,member28412@example.com,false,false
M28656,5,2023-10-19,2025-06-09,386,599,191.27,38.25,382.0,0,2,1,PulseHome,149.8,2.58,116.55,Platinum,4,IN,PulseHome,member28656@example.com,false,false
M28755,7,2024-03-05,2026-01-02,179,668,677.04,96.72,1557.0,0,3,1,PulseMart,111.3,1.61,369.94,Silver,2,IN,PulseMart,member28755@example.com,false,false
M29224,7,2023-09-06,2025-08-21,313,715,372.43,53.2,595.0,2,3,3,PulseEats,119.2,2.63,190.12,Gold,3,US,PulseEats,member29224@example.com,false,false
M29364,4,2024-01-10,2025-02-09,506,396,337.82,84.46,764.0,0,3,2,PulseMart,132.0,3.83,311.37,Gold,3,IN,PulseMart,member29364@example.com,false,false
M29665,4,2024-09-14,2025-10-06,267,387,243.12,60.78,524.0,0,3,2,PulseMart,129.0,2.07,229.3,Platinum,4,IN,PulseMart,member29665@example.com,false,false
M30344,6,2024-09-15,2025-12-05,207,446,373.71,62.29,812.0,0,3,2,PulseMart,89.2,2.32,305.84,Bronze,1,US,PulseMart,member30344@example.com,false,false
M30581,9,2023-04-20,2025-12-04,208,959,655.19,72.8,1104.0,2,3,2,PulseHome,119.9,1.74,249.37,Bronze,1,IN,PulseHome,member30581@example.com,false,false
M30628,6,2022-07-22,2025-04-11,445,994,467.06,77.84,617.0,1,2,1,PulseEats,198.8,2.24,171.51,Bronze,1,IN,PulseEats,member30628@example.com,false,false
M31091,4,2022-11-28,2025-02-26,489,821,342.57,85.64,609.0,1,2,2,PulseHome,273.7,1.79,152.3,Bronze,1,SG,PulseHome,member31091@example.com,false,false
M31365,4,2023-07-06,2025-04-03,453,637,160.57,40.14,119.0,2,2,1,PulseEats,212.3,2.13,92.01,Silver,2,SG,PulseEats,member31365@example.com,false,false
M31980,7,2022-10-29,2025-06-09,386,954,331.4,47.34,604.0,3,3,1,PulseMart,159.0,2.43,126.79,Platinum,4,US,PulseMart,member31980@example.com,false,false
M32131,9,2023-08-18,2025-12-26,186,861,565.91,62.88,1064.0,1,3,2,PulseHome,107.6,1.73,239.9,Bronze,1,US,PulseHome,member32131@example.com,false,false
M32265,7,2023-07-15,2025-11-16,226,855,519.85,74.26,996.0,2,3,1,PulseMart,142.5,1.59,221.92,Gold,3,US,PulseMart,member32265@example.com,false,false
M32420,5,2024-03-27,2025-08-05,329,496,208.24,41.65,232.0,2,3,2,PulseMart,124.0,2.65,153.24,Gold,3,IN,PulseMart,member32420@example.com,false,false
M32542,6,2024-05-30,2025-11-21,221,540,457.34,76.22,915.0,0,3,1,PulseHome,108.0,2.05,309.13,Platinum,4,GB,PulseHome,member32542@example.com,false,false
M32827,5,2023-02-11,2025-05-28,398,837,361.93,72.39,709.0,0,3,2,PulseHome,209.3,1.9,157.83,Bronze,1,IN,PulseHome,member32827@example.com,false,false
M33010,6,2024-04-02,2025-07-26,339,480,486.04,81.01,751.0,1,3,1,PulseEats,96.0,3.53,369.59,Silver,2,SG,PulseEats,member33010@example.com,false,false
M33364,6,2021-11-04,2025-04-30,426,1273,549.25,91.54,1041.0,1,3,1,PulseHome,254.6,1.67,157.48,Silver,2,IN,PulseHome,member33364@example.com,false,false
M33822,7,2022-10-28,2025-06-08,387,954,413.84,59.12,454.0,3,3,1,PulseHome,159.0,2.43,158.34,Bronze,1,AE,PulseHome,member33822@example.com,false,false
M33886,6,2024-03-13,2025-12-04,208,631,226.04,37.67,456.0,1,2,2,PulseMart,126.2,1.65,130.75,Gold,3,IN,PulseMart,member33886@example.com,false,false
M33985,5,2022-09-01,2025-04-29,427,971,319.49,63.9,571.0,1,2,2,PulseMart,242.8,1.76,120.1,Bronze,1,US,PulseMart,member33985@example.com,false,false
M34021,6,2024-02-19,2025-07-11,354,508,377.74,62.96,661.0,2,2,1,PulseMart,101.6,3.48,271.41,Silver,2,US,PulseMart,member34021@example.com,false,false
M34291,4,2024-08-25,2025-10-30,243,431,298.56,74.64,649.0,0,3,2,PulseMart,143.7,1.69,252.84,Bronze,1,IN,PulseMart,member34291@example.com,false,false
M34840,4,2023-07-29,2025-03-20,467,600,369.0,92.25,739.0,1,3,1,PulseMart,200.0,2.34,224.48,Gold,3,IN,PulseMart,member34840@example.com,false,false
M35165,6,2023-09-04,2025-05-28,398,632,320.22,53.37,737.0,0,3,1,PulseMart,126.4,3.15,184.94,Silver,2,IN,PulseMart,member35165@example.com,false,false
M35447,6,2024-10-20,2025-11-04,238,380,363.35,60.56,707.0,1,3,1,PulseHome,76.0,3.13,349.01,Gold,3,IN,PulseHome,member35447@example.com,false,false
M35530,6,2023-07-15,2025-05-17,409,672,330.36,55.06,447.0,2,2,2,PulseEats,134.4,3.04,179.44,Silver,2,IN,PulseEats,member35530@example.com,false,false
M35559,4,2022-11-28,2025-02-19,496,814,208.71,52.18,418.0,0,3,1,PulseHome,271.3,1.83,93.59,Silver,2,US,PulseHome,member35559@example.com,false,false
M35780,5,2022-08-23,2025-02-28,487,920,385.5,77.1,721.0,1,3,1,PulseHome,230.0,2.12,152.94,Silver,2,IN,PulseHome,member35780@example.com,false,false
M35813,6,2024-08-12,2025-12-30,182,505,503.37,83.9,957.0,1,3,1,PulseHome,101.0,1.8,363.82,Gold,3,US,PulseHome,member35813@example.com,false,false
M35890,5,2024-08-04,2025-11-17,225,470,286.04,57.21,659.0,0,3,1,PulseMart,117.5,1.91,222.14,Gold,3,US,PulseMart,member35890@example.com,false,false
M36385,5,2023-04-26,2025-05-19,407,754,602.51,120.5,943.0,1,3,1,PulseEats,188.5,2.16,291.67,Bronze,1,AE,PulseEats,member36385@example.com,false,false
M36543,5,2022-04-19,2025-01-31,515,1018,331.18,66.24,639.0,1,3,2,PulseMart,254.5,2.02,118.74,Platinum,4,AE,PulseMart,member36543@example.com,false,false
M36814,4,2023-08-10,2025-04-19,437,618,273.73,68.43,481.0,1,3,2,PulseMart,206.0,2.12,161.67,Bronze,1,IN,PulseMart,member36814@example.com,false,false
M37211,5,2022-11-25,2025-02-13,502,811,579.93,115.99,1133.0,1,3,1,PulseMart,202.8,2.48,261.0,Silver,2,AE,PulseMart,member37211@example.com,false,false
M37502,4,2024-09-29,2025-10-06,267,372,246.81,61.7,493.0,0,3,1,PulseHome,124.0,2.15,242.17,Silver,2,IN,PulseHome,member37502@example.com,false,false
M37532,4,2024-06-03,2025-09-08,295,462,166.0,41.5,241.0,1,3,1,PulseEats,154.0,1.92,131.15,Silver,2,US,PulseEats,member37532@example.com,false,false
M38097,6,2024-01-04,2025-10-03,270,638,417.95,69.66,836.0,0,3,1,PulseHome,127.6,2.12,239.11,Silver,2,IN,PulseHome,member38097@example.com,false,false
M38247,5,2024-03-22,2025-06-28,367,463,341.21,68.24,671.0,0,3,2,PulseHome,115.8,3.17,268.99,Gold,3,US,PulseHome,member38247@example.com,false,false
M38302,4,2023-06-09,2025-03-20,467,650,287.39,71.85,472.0,1,2,1,PulseEats,216.7,2.16,161.38,Gold,3,SG,PulseEats,member38302@example.com,false,false
M38429,5,2024-03-15,2025-07-15,350,487,344.56,68.91,664.0,0,3,2,PulseHome,121.8,2.87,258.24,Gold,3,GB,PulseHome,member38429@example.com,false,false
M38446,5,2023-06-03,2025-05-26,400,723,225.25,45.05,294.0,2,3,1,PulseEats,180.8,2.21,113.72,Gold,3,IN,PulseEats,member38446@example.com,false,false
M38473,4,2024-06-09,2025-08-08,326,425,229.87,57.47,403.0,0,2,1,PulseEats,141.7,2.3,197.42,Bronze,1,US,PulseEats,member38473@example.com,false,false
M39325,8,2024-01-07,2026-01-11,170,735,620.6,77.58,1386.0,0,3,2,PulseMart,105.0,1.62,308.19,Silver,2,IN,PulseMart,member39325@example.com,false,false
M39395,4,2022-09-14,2025-02-18,497,888,150.37,37.59,301.0,0,2,1,PulseHome,296.0,1.68,61.81,Bronze,1,IN,PulseHome,member39395@example.com,false,false
M39530,6,2022-03-01,2025-05-27,399,1183,765.58,127.6,1524.0,0,3,2,PulseHome,236.6,1.69,236.21,Silver,2,SG,PulseHome,member39530@example.com,false,false
M39751,4,2024-07-17,2025-08-31,303,410,398.89,99.72,679.0,2,3,2,PulseMart,136.7,2.22,355.11,Silver,2,GB,PulseMart,member39751@example.com,false,false
M39881,4,2022-08-23,2025-03-08,479,928,185.34,46.33,275.0,1,2,1,PulseMart,309.3,1.55,72.9,Bronze,1,IN,PulseMart,member39881@example.com,false,false
M39976,7,2023-09-16,2025-10-27,246,772,375.37,53.62,863.0,0,3,1,PulseMart,128.7,1.91,177.47,Bronze,1,GB,PulseMart,member39976@example.com,false,false
M02751,6,2024-08-10,2025-10-18,255,434,2168.4,361.4,4338.0,0,2,1,PulseHome,86.8,2.94,1823.65,Bronze,1,US,PulseHome,member02751@example.com,false,false
M05548,6,2024-06-01,2025-10-23,250,509,1937.48,322.91,3390.0,0,3,1,PulseEats,101.8,2.46,1389.35,Silver,2,US,PulseEats,member05548@example.com,false,false
M19556,6,2024-10-14,2025-10-14,259,365,2166.25,361.04,3792.0,0,3,1,PulseEats,73.0,3.55,2166.25,Gold,3,IN,PulseEats,member19556@example.com,false,false
M30759,5,2024-07-06,2025-09-13,290,434,1154.74,230.95,2020.0,0,2,1,PulseEats,108.5,2.67,971.15,Gold,3,US,PulseEats,member30759@example.com,false,false
M29465,5,2024-06-22,2025-08-01,333,405,1353.37,270.67,2707.0,0,2,1,PulseHome,101.3,3.29,1219.7,Bronze,1,IN,PulseHome,member29465@example.com,false,false
M37756,4,2024-08-14,2025-09-01,302,383,1474.06,368.52,2579.0,0,2,1,PulseEats,127.7,2.37,1404.78,Bronze,1,AE,PulseEats,member37756@example.com,false,false
M35047,6,2024-06-11,2025-11-29,213,536,2073.45,345.58,4147.0,0,3,1,PulseHome,107.2,1.99,1411.96,Bronze,1,US,PulseHome,member35047@example.com,false,false
M19853,5,2024-07-01,2025-10-29,244,485,1958.2,391.64,3916.0,0,3,1,PulseHome,121.3,2.01,1473.7,Gold,3,US,PulseHome,member19853@example.com,false,false
M21274,5,2024-11-03,2025-11-24,218,386,1358.72,271.74,2718.0,0,2,1,PulseHome,96.5,2.26,1284.8,Gold,3,IN,PulseHome,member21274@example.com,false,false
M05955,5,2024-06-18,2025-07-27,338,404,1425.91,285.18,2851.0,0,3,1,PulseHome,101.0,3.35,1288.26,Bronze,1,US,PulseHome,member05955@example.com,false,false
M33113,6,2024-07-24,2025-08-26,308,398,1599.84,266.64,2800.0,0,1,1,PulseEats,79.6,3.87,1467.19,Bronze,1,US,PulseEats,member33113@example.com,false,false
M03004,5,2024-08-17,2025-09-16,287,395,1142.32,228.46,2284.0,0,3,1,PulseHome,98.8,2.91,1055.56,Platinum,4,US,PulseHome,member03004@example.com,false,false
M23781,4,2024-11-09,2025-12-02,210,388,1127.95,281.99,1975.0,0,3,1,PulseEats,129.3,1.62,1061.09,Gold,3,US,PulseEats,member23781@example.com,false,false
M28977,5,2024-06-14,2025-09-10,293,453,1408.49,281.7,2817.0,0,3,1,PulseHome,113.3,2.59,1134.88,Bronze,1,US,PulseHome,member28977@example.com,false,false
M36638,5,2024-08-03,2025-12-02,210,486,1641.04,328.21,3282.0,0,2,1,PulseHome,121.5,1.73,1232.47,Platinum,4,GB,PulseHome,member36638@example.com,false,false
M08822,5,2023-01-19,2025-02-07,508,750,252.14,50.43,555.0,0,3,2,PulseMart,187.5,2.71,122.71,Bronze,1,IN,PulseMart,member08822@example.com,false,false
M07325,4,2023-01-08,2025-03-26,461,808,138.16,34.54,282.0,1,3,2,PulseMart,269.3,1.71,62.41,Silver,2,US,PulseMart,member07325@example.com,false,false
M11237,6,2023-03-21,2025-03-29,458,739,275.15,45.86,583.0,1,3,1,PulseMart,147.8,3.1,135.9,Bronze,1,IN,PulseMart,member11237@example.com,false,false
M10089,7,2021-12-03,2025-02-01,514,1156,312.16,44.59,553.0,0,3,2,PulseEats,192.7,2.67,98.56,Bronze,1,IN,PulseEats,member10089@example.com,false,false
M00010,7,2025-02-19,2026-03-02,120,376,320.42,45.77,641.0,0,2,1,PulseHome,62.7,1.91,311.05,Bronze,1,IN,PulseHome,member00010@example.com,false,false
M00094,4,2023-02-13,2025-02-16,499,734,321.15,80.29,513.0,1,3,1,PulseEats,244.7,2.04,159.7,Platinum,4,SG,PulseEats,member00094@example.com,false,false
M00251,8,2024-05-24,2025-12-06,206,561,455.45,56.93,997.0,1,3,1,PulseMart,80.1,2.57,296.33,Platinum,4,US,PulseMart,member00251@example.com,false,false
M00722,6,2024-09-21,2026-01-08,173,474,697.21,116.2,1116.0,1,2,1,PulseEats,94.8,1.82,536.88,Silver,2,US,PulseEats,member00722@example.com,false,false
M00808,7,2022-12-01,2025-09-27,276,1031,504.45,72.06,883.0,0,3,1,PulseEats,171.8,1.61,178.59,Silver,2,IN,PulseEats,member00808@example.com,false,false
M01363,6,2024-06-26,2025-11-06,236,498,287.22,47.87,633.0,0,2,2,PulseMart,99.6,2.37,210.51,Silver,2,IN,PulseMart,member01363@example.com,false,false
M01428,9,2023-11-27,2025-10-07,266,680,569.15,63.24,1309.0,0,3,1,PulseMart,85.0,3.13,305.5,Bronze,1,IN,PulseMart,member01428@example.com,false,false
M01443,4,2024-05-18,2025-09-06,297,476,314.03,78.51,521.0,1,3,2,PulseHome,158.7,1.87,240.8,Silver,2,IN,PulseHome,member01443@example.com,false,false
M01589,4,2024-08-21,2025-09-27,276,402,285.65,71.41,457.0,1,3,1,PulseMart,134.0,2.06,259.36,Gold,3,AE,PulseMart,member01589@example.com,false,false
M01628,7,2022-11-04,2025-05-23,403,931,341.49,48.78,672.0,1,3,2,PulseMart,155.2,2.6,133.88,Bronze,1,IN,PulseMart,member01628@example.com,false,false
M02135,7,2025-02-21,2026-02-28,122,372,265.88,37.98,526.0,2,3,1,PulseMart,62.0,1.97,260.88,Silver,2,IN,PulseMart,member02135@example.com,false,false
M02156,4,2023-12-28,2025-08-11,323,592,343.76,85.94,687.0,0,2,1,PulseHome,197.3,1.64,211.95,Gold,3,US,PulseHome,member02156@example.com,false,false
M02271,7,2023-03-14,2025-04-09,447,757,547.34,78.19,1021.0,0,3,2,PulseEats,126.2,3.54,263.91,Silver,2,US,PulseEats,member02271@example.com,false,false
M02543,4,2024-05-12,2025-07-27,338,441,349.48,87.37,611.0,0,2,1,PulseEats,147.0,2.3,289.25,Bronze,1,US,PulseEats,member02543@example.com,false,false
M02820,6,2023-12-30,2025-09-16,287,626,444.37,74.06,972.0,1,2,1,PulseMart,125.2,2.29,259.1,Gold,3,IN,PulseMart,member02820@example.com,false,false
M02848,6,2023-12-13,2025-09-01,302,628,233.68,38.95,435.0,0,3,2,PulseEats,125.6,2.4,135.82,Bronze,1,IN,PulseEats,member02848@example.com,false,false
M03229,7,2022-05-22,2025-01-21,525,975,398.05,56.86,815.0,1,2,1,PulseMart,162.5,3.23,149.01,Platinum,4,IN,PulseMart,member03229@example.com,false,false
M03355,5,2023-12-11,2025-07-01,364,568,399.2,79.84,826.0,0,3,2,PulseHome,142.0,2.56,256.53,Bronze,1,AE,PulseHome,member03355@example.com,false,false
M03389,6,2023-10-17,2025-09-23,280,707,365.16,60.86,840.0,0,2,1,PulseMart,141.4,1.98,188.52,Bronze,1,IN,PulseMart,member03389@example.com,false,false
M03748,6,2024-06-04,2025-12-08,204,552,460.46,76.74,642.0,2,3,2,PulseEats,110.4,1.85,304.47,Silver,2,IN,PulseEats,member03748@example.com,false,false
M03948,5,2023-08-27,2025-07-25,340,698,402.67,80.53,926.0,0,3,1,PulseMart,174.5,1.95,210.57,Platinum,4,IN,PulseMart,member03948@example.com,false,false
M03971,6,2023-06-13,2025-02-28,487,626,332.2,55.37,590.0,1,2,2,PulseEats,125.2,3.89,193.69,Silver,2,IN,PulseEats,member03971@example.com,false,false
M04100,4,2024-05-29,2025-09-14,289,473,209.38,52.35,384.0,0,2,2,PulseEats,157.7,1.83,161.57,Bronze,1,IN,PulseEats,member04100@example.com,false,false
M04338,9,2022-12-26,2025-07-25,340,942,789.26,87.7,1711.0,1,3,1,PulseMart,117.8,2.89,305.82,Gold,3,AE,PulseMart,member04338@example.com,false,false
M04416,4,2023-09-28,2025-01-07,539,467,274.04,68.51,484.0,1,2,2,PulseHome,155.7,3.46,214.19,Silver,2,AE,PulseHome,member04416@example.com,false,false
M04572,10,2023-08-19,2025-09-09,294,752,834.32,83.43,1721.0,1,3,1,PulseMart,83.6,3.52,404.96,Platinum,4,SG,PulseMart,member04572@example.com,false,false
M04688,5,2023-08-07,2025-03-08,479,579,280.66,56.13,524.0,1,2,2,PulseHome,144.8,3.31,176.93,Bronze,1,US,PulseHome,member04688@example.com,false,false
M05093,8,2024-06-22,2026-01-25,156,582,549.58,68.7,1139.0,1,3,3,PulseMart,83.1,1.88,344.67,Silver,2,US,PulseMart,member05093@example.com,false,false
M05331,10,2023-07-10,2025-08-20,314,772,415.26,41.53,559.0,2,3,1,PulseEats,85.8,3.66,196.33,Bronze,1,GB,PulseEats,member05331@example.com,false,false
M05442,4,2023-09-13,2025-05-15,411,610,194.98,48.75,390.0,0,3,3,PulseEats,203.3,2.02,116.67,Silver,2,IN,PulseEats,member05442@example.com,false,false
M05736,5,2023-06-04,2025-01-07,539,583,249.27,49.85,385.0,1,2,1,PulseEats,145.8,3.7,156.06,Gold,3,US,PulseEats,member05736@example.com,false,false
M05856,9,2021-08-23,2025-05-19,407,1365,556.14,61.79,1250.0,0,3,3,PulseMart,170.6,2.39,148.71,Bronze,1,SG,PulseMart,member05856@example.com,false,false
M06206,6,2025-01-21,2026-01-31,150,375,317.46,52.91,490.0,2,3,2,PulseMart,75.0,2.0,308.99,Platinum,4,US,PulseMart,member06206@example.com,false,false
M06289,5,2021-07-15,2025-02-19,496,1315,329.46,65.89,499.0,1,3,2,PulseHome,328.8,1.51,91.45,Bronze,1,SG,PulseHome,member06289@example.com,false,false
M06381,4,2023-12-19,2025-07-11,354,570,332.22,83.06,602.0,0,2,2,PulseEats,190.0,1.86,212.74,Silver,2,IN,PulseEats,member06381@example.com,false,false
M06530,5,2024-11-27,2026-01-06,175,405,200.16,40.03,360.0,1,2,2,PulseMart,101.3,1.73,180.39,Bronze,1,IN,PulseMart,member06530@example.com,false,false
M07267,4,2023-02-10,2025-04-07,449,787,188.66,47.17,247.0,1,2,1,PulseHome,262.3,1.71,87.5,Bronze,1,IN,PulseHome,member07267@example.com,false,false
M07445,5,2023-06-20,2025-04-05,451,655,307.29,61.46,464.0,1,3,1,PulseHome,163.8,2.75,171.24,Silver,2,AE,PulseHome,member07445@example.com,false,false
M07796,5,2023-04-22,2025-07-12,353,812,211.29,42.26,369.0,0,2,1,PulseEats,203.0,1.74,94.98,Platinum,4,IN,PulseEats,member07796@example.com,false,false
M07815,4,2024-07-10,2025-08-28,306,414,271.09,67.77,277.0,2,2,2,PulseHome,138.0,2.22,239.0,Bronze,1,IN,PulseEats,member07815@example.com,false,false
M07847,7,2024-04-25,2025-12-23,189,607,445.84,63.69,460.0,3,3,1,PulseEats,101.2,1.87,268.09,Bronze,1,AE,PulseEats,member07847@example.com,false,false
M08177,5,2024-12-09,2025-12-15,197,371,250.12,50.02,412.0,1,3,2,PulseEats,92.8,2.12,246.07,Silver,2,IN,PulseEats,member08177@example.com,false,false
M08450,5,2022-10-03,2025-04-25,431,935,348.62,69.72,695.0,1,2,1,PulseMart,233.8,1.84,136.09,Silver,2,AE,PulseMart,member08450@example.com,false,false
M08664,5,2023-10-02,2025-05-31,395,607,285.13,57.03,543.0,1,3,1,PulseHome,151.8,2.6,171.45,Bronze,1,GB,PulseHome,member08664@example.com,false,false
M08715,7,2023-08-18,2025-08-20,314,733,393.29,56.18,763.0,0,3,2,PulseHome,122.2,2.57,195.84,Gold,3,IN,PulseHome,member08715@example.com,false,false
M08983,7,2023-03-17,2025-07-02,363,838,423.53,60.5,683.0,1,3,2,PulseEats,139.7,2.6,184.47,Bronze,1,SG,PulseEats,member08983@example.com,false,false
M09258,4,2022-08-12,2025-03-06,481,937,288.48,72.12,455.0,1,3,1,PulseEats,312.3,1.54,112.37,Bronze,1,IN,PulseEats,member09258@example.com,false,false
M09346,5,2022-05-25,2025-03-14,473,1024,263.39,52.68,388.0,1,2,2,PulseHome,256.0,1.85,93.88,Gold,3,US,PulseHome,member09346@example.com,false,false
M09491,4,2023-11-14,2025-03-08,479,480,199.8,49.95,299.0,1,2,1,PulseEats,160.0,2.99,151.93,Gold,3,AE,PulseEats,member09491@example.com,false,false
M09605,6,2023-09-20,2025-08-02,332,682,510.11,85.02,893.0,0,3,1,PulseEats,136.4,2.43,273.01,Silver,2,US,PulseEats,member09605@example.com,false,false
M09754,4,2024-08-05,2025-08-12,322,372,193.46,48.37,110.0,3,3,1,PulseEats,124.0,2.6,189.82,Silver,2,IN,PulseEats,member09754@example.com,false,false
M10124,4,2024-04-29,2025-05-14,412,380,228.85,57.21,457.0,0,2,1,PulseHome,126.7,3.25,219.82,Bronze,1,IN,PulseHome,member10124@example.com,false,false
M10260,4,2023-09-27,2025-03-16,471,536,217.15,54.29,257.0,2,3,1,PulseMart,178.7,2.64,147.87,Bronze,1,IN,PulseMart,member10260@example.com,false,false
M11120,5,2023-04-30,2025-04-26,430,727,270.91,54.18,491.0,1,3,1,PulseHome,181.8,2.37,136.01,Silver,2,IN,PulseHome,member11120@example.com,false,false
M11184,6,2023-04-20,2025-07-26,339,828,286.77,47.79,484.0,2,3,1,PulseHome,165.6,2.05,126.41,Silver,2,US,PulseHome,member11184@example.com,false,false
M11596,6,2024-04-06,2025-09-27,276,539,304.33,50.72,376.0,2,3,1,PulseEats,107.8,2.56,206.09,Gold,3,GB,PulseEats,member11596@example.com,false,false
M11824,4,2023-02-19,2025-03-23,464,763,279.73,69.93,542.0,0,3,2,PulseHome,254.3,1.82,133.82,Bronze,1,AE,PulseHome,member11824@example.com,false,false
M12022,7,2023-07-16,2025-08-19,315,765,394.58,56.37,802.0,1,3,2,PulseMart,127.5,2.47,188.26,Bronze,1,SG,PulseMart,member12022@example.com,false,false
M12429,5,2024-03-02,2025-11-09,233,617,249.56,49.91,387.0,1,3,1,PulseEats,154.3,1.51,147.63,Platinum,4,IN,PulseEats,member12429@example.com,false,false
M12544,5,2023-08-13,2025-03-22,465,587,312.93,62.59,448.0,2,3,1,PulseEats,146.8,3.17,194.58,Bronze,1,IN,PulseEats,member12544@example.com,false,false
M13063,6,2024-07-24,2025-11-29,213,493,330.1,55.02,650.0,0,3,2,PulseHome,98.6,2.16,244.39,Silver,2,IN,PulseHome,member13063@example.com,false,false
M13085,5,2024-07-19,2025-12-17,195,516,283.65,56.73,567.0,0,1,1,PulseHome,129.0,1.51,200.64,Gold,3,US,PulseHome,member13085@example.com,false,false
M13336,6,2023-09-05,2025-06-04,391,638,372.63,62.11,730.0,0,3,2,PulseHome,127.6,3.06,213.18,Bronze,1,GB,PulseHome,member13336@example.com,false,false
M13359,4,2024-09-28,2025-11-23,219,421,210.42,52.61,343.0,1,2,1,PulseMart,140.3,1.56,182.43,Bronze,1,US,PulseMart,member13359@example.com,false,false
M13941,5,2023-05-25,2025-07-31,334,798,268.14,53.63,527.0,0,3,2,PulseHome,199.5,1.67,122.65,Silver,2,US,PulseHome,member13941@example.com,false,false
M14383,4,2023-10-04,2025-02-23,492,508,230.69,57.67,374.0,1,2,1,PulseEats,169.3,2.91,165.75,Gold,3,IN,PulseEats,member14383@example.com,false,false
M14438,4,2024-09-25,2025-11-15,227,416,212.64,53.16,322.0,1,2,1,PulseEats,138.7,1.64,186.57,Platinum,4,IN,PulseEats,member14438@example.com,false,false
M15079,5,2023-03-07,2025-01-20,526,685,383.51,76.7,792.0,0,3,2,PulseHome,171.3,3.07,204.35,Bronze,1,US,PulseHome,member15079@example.com,false,false
M15170,8,2022-08-09,2025-08-14,320,1101,549.96,68.74,868.0,1,3,1,PulseEats,157.3,2.03,182.32,Gold,3,IN,PulseEats,member15170@example.com,false,false
M15333,4,2023-06-17,2025-03-04,483,626,459.62,114.91,835.0,0,3,2,PulseHome,208.7,2.31,267.99,Platinum,4,IN,PulseHome,member15333@example.com,false,false
M15438,5,2023-08-03,2025-07-28,337,725,176.15,35.23,405.0,0,2,1,PulseMart,181.3,1.86,88.68,Gold,3,IN,PulseMart,member15438@example.com,false,false
M16296,4,2024-02-20,2025-05-18,408,453,290.35,72.59,482.0,1,3,2,PulseEats,151.0,2.7,233.95,Silver,2,IN,PulseEats,member16296@example.com,false,false
M16727,6,2024-11-20,2026-02-03,147,440,486.58,81.1,571.0,2,3,2,PulseEats,88.0,1.67,403.64,Bronze,1,US,PulseEats,member16727@example.com,false,false
M16814,6,2023-03-17,2025-07-04,361,840,743.33,123.89,1396.0,0,3,3,PulseEats,168.0,2.15,322.99,Gold,3,SG,PulseEats,member16814@example.com,false,false
M16956,7,2025-02-19,2026-02-25,125,371,372.54,53.22,690.0,0,3,3,PulseEats,61.8,2.02,366.52,Silver,2,IN,PulseEats,member16956@example.com,false,false
M17264,5,2023-01-23,2025-06-30,365,889,204.72,40.94,407.0,1,3,2,PulseMart,222.3,1.64,84.05,Bronze,1,IN,PulseMart,member17264@example.com,false,false
M17287,4,2024-02-28,2025-08-24,310,543,279.89,69.97,522.0,1,2,2,PulseHome,181.0,1.71,188.14,Gold,3,US,PulseHome,member17287@example.com,false,false
M17364,7,2021-07-27,2025-03-28,459,1340,415.25,59.32,879.0,1,3,2,PulseMart,223.3,2.06,113.11,Bronze,1,IN,PulseMart,member17364@example.com,false,false
M17514,7,2023-11-09,2025-12-05,207,757,399.57,57.08,596.0,1,3,1,PulseEats,126.2,1.64,192.66,Bronze,1,SG,PulseEats,member17514@example.com,false,false
M17623,8,2022-08-14,2025-10-16,257,1159,420.53,52.57,930.0,1,3,1,PulseMart,165.6,1.55,132.44,Platinum,4,US,PulseMart,member17623@example.com,false,false
M17637,6,2024-12-10,2026-01-13,168,399,428.65,71.44,857.0,0,3,1,PulseHome,79.8,2.11,392.12,Bronze,1,US,PulseHome,member17637@example.com,false,false
M18002,6,2024-04-27,2025-10-14,259,535,450.7,75.12,689.0,1,3,1,PulseEats,107.0,2.42,307.49,Bronze,1,IN,PulseEats,member18002@example.com,false,false
M18088,8,2024-02-13,2025-09-15,288,580,340.63,42.58,612.0,2,3,1,PulseMart,82.9,3.48,214.36,Gold,3,US,PulseMart,member18088@example.com,false,false
M18109,6,2024-04-11,2025-12-11,201,609,438.8,73.13,619.0,2,3,1,PulseEats,121.8,1.65,262.99,Gold,3,IN,PulseEats,member18109@example.com,false,false
M18291,5,2022-01-17,2025-01-06,540,1085,302.37,60.47,546.0,1,3,2,PulseEats,271.3,1.99,101.72,Platinum,4,IN,PulseEats,member18291@example.com,false,false
M18370,10,2021-05-10,2025-06-13,382,1495,684.58,68.46,1140.0,2,2,1,PulseHome,166.1,2.3,167.14,Gold,3,IN,PulseHome,member18370@example.com,false,false
M18574,5,2023-07-31,2025-08-31,303,762,236.84,47.37,189.0,3,3,3,PulseMart,190.5,1.59,113.45,Gold,3,US,PulseMart,member18574@example.com,false,false
M18753,4,2024-10-05,2025-10-14,259,374,337.11,84.28,603.0,1,1,2,PulseHome,124.7,2.08,329.0,Bronze,1,IN,PulseHome,member18753@example.com,false,false
M18801,4,2022-09-26,2025-03-20,467,906,281.79,70.45,494.0,0,2,1,PulseEats,302.0,1.55,113.52,Silver,2,US,PulseEats,member18801@example.com,false,false
M19545,6,2024-06-12,2025-09-24,279,469,368.08,61.35,745.0,1,2,3,PulseMart,93.8,2.97,286.46,Silver,2,IN,PulseMart,member19545@example.com,false,false
M19815,6,2024-02-29,2025-07-23,342,510,419.75,69.96,885.0,0,3,2,PulseMart,102.0,3.35,300.41,Silver,2,GB,PulseMart,member19815@example.com,false,false
M19995,4,2023-11-29,2025-04-17,439,505,274.19,68.55,550.0,0,3,1,PulseHome,168.3,2.61,198.18,Silver,2,AE,PulseHome,member19995@example.com,false,false
M20179,4,2024-06-22,2025-09-09,294,444,126.9,31.73,233.0,1,3,3,PulseMart,148.0,1.99,104.32,Gold,3,IN,PulseMart,member20179@example.com,false,false
M20190,6,2022-04-26,2025-03-25,462,1064,354.29,59.05,707.0,0,3,1,PulseHome,212.8,2.17,121.54,Silver,2,IN,PulseHome,member20190@example.com,false,false
M20295,5,2024-12-26,2026-01-26,155,396,310.12,62.02,522.0,1,2,1,PulseMart,99.0,1.57,285.84,Gold,3,IN,PulseMart,member20295@example.com,false,false
M20535,5,2024-07-01,2025-07-16,349,380,747.75,149.55,1525.0,0,3,2,PulseHome,95.0,3.67,718.23,Gold,3,AE,PulseHome,member20535@example.com,false,false
M20541,4,2022-08-22,2025-01-13,533,875,260.5,65.13,472.0,1,3,1,PulseHome,291.7,1.83,108.67,Bronze,1,IN,PulseHome,member20541@example.com,false,false
M20703,7,2024-07-15,2025-12-30,182,533,527.48,75.35,1168.0,0,2,3,PulseMart,88.8,2.05,361.22,Silver,2,IN,PulseMart,member20703@example.com,false,false
M20869,4,2023-09-12,2025-04-09,447,575,327.12,81.78,654.0,0,1,1,PulseHome,191.7,2.33,207.65,Silver,2,AE,PulseHome,member20869@example.com,false,false
M20985,6,2024-09-16,2025-10-06,267,385,222.05,37.01,510.0,0,2,1,PulseMart,77.0,3.47,210.51,Bronze,1,IN,PulseMart,member20985@example.com,false,false
M21202,6,2024-12-11,2026-01-10,171,395,481.96,80.33,844.0,0,3,1,PulseEats,79.0,2.16,445.36,Bronze,1,US,PulseEats,member21202@example.com,false,false
M21435,5,2023-08-16,2025-06-01,394,655,382.15,76.43,821.0,0,3,3,PulseMart,163.8,2.41,212.95,Gold,3,US,PulseMart,member21435@example.com,false,false
M21505,5,2023-07-19,2025-07-08,357,720,384.27,76.85,719.0,1,3,1,PulseHome,180.0,1.98,194.8,Bronze,1,IN,PulseHome,member21505@example.com,false,false
M21714,5,2022-07-25,2025-02-18,497,939,357.83,71.57,668.0,1,3,3,PulseMart,234.8,2.12,139.09,Silver,2,IN,PulseMart,member21714@example.com,false,false
M21730,4,2023-05-05,2025-03-15,472,680,242.89,60.72,508.0,1,2,1,PulseMart,226.7,2.08,130.37,Gold,3,US,PulseMart,member21730@example.com,false,false
M21746,5,2025-01-28,2026-02-06,144,374,469.55,93.91,672.0,1,3,1,PulseEats,93.5,1.54,458.25,Gold,3,US,PulseEats,member21746@example.com,false,false
M21759,4,2023-09-07,2025-05-09,417,610,281.97,70.49,616.0,0,3,2,PulseMart,203.3,2.05,168.72,Gold,3,SG,PulseMart,member21759@example.com,false,false
M21952,6,2024-12-26,2026-02-08,142,409,379.29,63.22,758.0,0,3,1,PulseHome,81.8,1.74,338.49,Gold,3,GB,PulseHome,member21952@example.com,false,false
M22271,4,2023-06-20,2025-03-02,485,621,478.17,119.54,956.0,0,3,1,PulseHome,207.0,2.34,281.05,Gold,3,SG,PulseHome,member22271@example.com,false,false
M22288,4,2023-12-09,2025-08-22,312,622,195.45,48.86,404.0,0,2,2,PulseHome,207.3,1.5,114.69,Gold,3,SG,PulseHome,member22288@example.com,false,false
M22330,5,2023-02-23,2025-02-20,495,728,360.08,72.02,649.0,1,3,2,PulseMart,182.0,2.72,180.53,Platinum,4,IN,PulseMart,member22330@example.com,false,false
M22421,5,2024-04-17,2025-10-20,253,551,364.18,72.84,753.0,0,2,3,PulseHome,137.8,1.84,241.24,Gold,3,IN,PulseHome,member22421@example.com,false,false
M22602,6,2024-11-09,2026-02-04,146,452,409.19,68.2,817.0,0,3,1,PulseHome,90.4,1.62,330.43,Silver,2,US,PulseHome,member22602@example.com,false,false
M22843,4,2023-01-04,2025-03-31,456,817,263.34,65.83,461.0,0,3,1,PulseEats,272.3,1.67,117.65,Silver,2,SG,PulseEats,member22843@example.com,false,false
M23689,5,2023-09-26,2025-07-11,354,654,227.22,45.44,488.0,0,3,2,PulseMart,163.5,2.17,126.81,Silver,2,GB,PulseMart,member23689@example.com,false,false
M23761,6,2023-11-15,2025-05-05,421,537,417.22,69.54,580.0,1,3,1,PulseEats,107.4,3.92,283.59,Bronze,1,US,PulseEats,member23761@example.com,false,false
M23872,5,2024-11-12,2026-01-11,170,425,269.46,53.89,416.0,1,2,1,PulseEats,106.3,1.6,231.42,Bronze,1,US,PulseEats,member23872@example.com,false,false
M24029,5,2022-08-11,2025-01-06,540,879,299.22,59.84,639.0,1,2,1,PulseMart,219.8,2.46,124.25,Bronze,1,US,PulseMart,member24029@example.com,false,false
M24175,4,2023-05-12,2025-03-06,481,664,161.22,40.31,282.0,1,3,1,PulseHome,221.3,2.17,88.62,Gold,3,US,PulseHome,member24175@example.com,false,false
M24483,4,2024-02-04,2025-06-04,391,486,319.31,79.83,548.0,1,3,1,PulseHome,162.0,2.41,239.81,Gold,3,IN,PulseHome,member24483@example.com,false,false
M24729,5,2024-03-30,2025-10-15,258,564,259.47,51.89,410.0,1,2,2,PulseEats,141.0,1.83,167.92,Bronze,1,GB,PulseEats,member24729@example.com,false,false
M24731,5,2022-12-17,2025-05-14,412,879,408.84,81.77,627.0,1,3,1,PulseEats,219.8,1.87,169.77,Bronze,1,AE,PulseEats,member24731@example.com,false,false
M24947,6,2023-11-03,2025-10-14,259,711,420.53,70.09,721.0,1,3,2,PulseMart,142.2,1.82,215.88,Silver,2,US,PulseMart,member24947@example.com,false,false
M25300,5,2024-12-29,2026-01-22,159,389,622.49,124.5,1231.0,1,2,1,PulseMart,97.3,1.63,584.08,Silver,2,IN,PulseMart,member25300@example.com,false,false
M25302,7,2024-07-19,2026-02-04,146,565,370.77,52.97,620.0,2,2,1,PulseMart,94.2,1.55,239.52,Gold,3,IN,PulseMart,member25302@example.com,false,false
M25311,6,2024-03-22,2025-11-25,217,613,612.59,102.1,1226.0,0,2,1,PulseHome,122.6,1.77,364.76,Bronze,1,SG,PulseHome,member25311@example.com,false,false
M25346,4,2023-11-05,2025-07-13,352,616,245.3,61.33,495.0,0,2,3,PulseMart,205.3,1.71,145.35,Gold,3,IN,PulseMart,member25346@example.com,false,false
M25367,8,2024-10-10,2026-02-21,129,499,482.66,60.33,860.0,2,3,1,PulseMart,71.3,1.81,353.05,Bronze,1,IN,PulseMart,member25367@example.com,false,false
M25554,5,2024-08-18,2025-12-01,211,470,256.24,51.25,448.0,0,2,1,PulseEats,117.5,1.8,198.99,Platinum,4,IN,PulseEats,member25554@example.com,false,false
M26223,4,2023-10-18,2025-04-07,449,537,228.06,57.02,337.0,1,2,1,PulseEats,179.0,2.51,155.01,Bronze,1,IN,PulseEats,member26223@example.com,false,false
M26333,6,2022-02-27,2025-04-15,441,1143,432.06,72.01,864.0,0,3,1,PulseHome,228.6,1.93,137.97,Bronze,1,SG,PulseHome,member26333@example.com,false,false
M26433,8,2024-11-11,2025-12-03,209,387,488.77,61.1,901.0,1,3,2,PulseHome,55.3,3.78,460.98,Bronze,1,GB,PulseHome,member26433@example.com,false,false
M26559,8,2022-05-26,2025-05-01,425,1071,451.37,56.42,900.0,0,3,3,PulseHome,153.0,2.78,153.83,Bronze,1,IN,PulseHome,member26559@example.com,false,false
M26675,5,2022-11-21,2025-06-10,385,932,268.63,53.73,469.0,0,2,1,PulseEats,233.0,1.65,105.2,Gold,3,GB,PulseEats,member26675@example.com,false,false
M26706,6,2024-03-18,2025-11-23,219,615,377.2,62.87,768.0,1,2,1,PulseMart,123.0,1.78,223.87,Silver,2,AE,PulseMart,member26706@example.com,false,false
M26781,6,2024-12-24,2026-02-02,148,405,378.94,63.16,662.0,0,3,1,PulseEats,81.0,1.83,341.51,Bronze,1,IN,PulseEats,member26781@example.com,false,false
M26796,4,2023-12-11,2025-02-20,495,437,258.07,64.52,467.0,1,3,1,PulseHome,145.7,3.4,215.55,Platinum,4,IN,PulseHome,member26796@example.com,false,false
M26851,5,2024-02-26,2025-10-14,259,596,233.99,46.8,388.0,2,2,1,PulseMart,149.0,1.74,143.3,Gold,3,IN,PulseMart,member26851@example.com,false,false
M27074,6,2022-06-26,2025-03-17,470,995,499.4,83.23,669.0,3,3,1,PulseHome,199.0,2.36,183.2,Gold,3,IN,PulseHome,member27074@example.com,false,false
M27612,6,2024-02-22,2025-07-31,334,525,372.36,62.06,654.0,1,3,3,PulseEats,105.0,3.18,258.88,Gold,3,US,PulseEats,member27612@example.com,false,false
M27983,7,2021-12-26,2025-06-14,381,1266,389.07,55.58,645.0,2,3,1,PulseMart,211.0,1.81,112.17,Bronze,1,IN,PulseMart,member27983@example.com,false,false
M28262,5,2024-06-28,2025-09-07,296,436,315.78,63.16,552.0,0,2,1,PulseEats,109.0,2.72,264.36,Silver,2,US,PulseEats,member28262@example.com,false,false
M28272,5,2022-03-26,2025-01-10,536,1021,277.49,55.5,639.0,0,3,1,PulseMart,255.3,2.1,99.2,Silver,2,GB,PulseMart,member28272@example.com,false,false
M28581,6,2023-10-26,2025-11-04,238,740,670.17,111.7,1262.0,1,3,1,PulseHome,148.0,1.61,330.56,Silver,2,US,PulseHome,member28581@example.com,false,false
M28802,6,2023-04-28,2025-10-02,271,888,404.19,67.36,707.0,0,3,1,PulseEats,177.6,1.53,166.14,Gold,3,US,PulseEats,member28802@example.com,false,false
M28927,5,2024-12-13,2025-12-24,188,376,227.23,45.45,473.0,1,2,1,PulseMart,94.0,2.0,220.58,Silver,2,IN,PulseMart,member28927@example.com,false,false
M28933,6,2023-07-22,2025-08-22,312,762,525.25,87.54,975.0,0,2,2,PulseEats,152.4,2.05,251.6,Silver,2,IN,PulseEats,member28933@example.com,false,false
M28991,7,2022-06-18,2025-02-28,487,986,306.4,43.77,510.0,1,3,1,PulseEats,164.3,2.96,113.42,Gold,3,SG,PulseEats,member28991@example.com,false,false
M29496,5,2023-09-03,2025-07-14,351,680,229.41,45.88,490.0,0,3,2,PulseMart,170.0,2.06,123.14,Silver,2,US,PulseMart,member29496@example.com,false,false
M29648,5,2023-01-23,2025-07-19,346,908,307.24,61.45,481.0,2,3,1,PulseHome,227.0,1.52,123.51,Platinum,4,IN,PulseHome,member29648@example.com,false,false
M29662,5,2024-01-26,2025-10-20,253,633,424.16,84.83,737.0,1,3,3,PulseMart,158.3,1.6,244.58,Silver,2,US,PulseMart,member29662@example.com,false,false
M29935,6,2021-08-09,2025-01-12,534,1252,322.48,53.75,315.0,4,3,2,PulseHome,250.4,2.13,94.01,Platinum,4,IN,PulseHome,member29935@example.com,false,false
M30100,5,2024-01-09,2025-04-29,427,476,408.68,81.74,653.0,1,3,1,PulseEats,119.0,3.59,313.38,Platinum,4,SG,PulseEats,member30100@example.com,false,false
M30194,5,2023-11-02,2025-03-24,463,508,617.74,123.55,1235.0,0,3,1,PulseHome,127.0,3.65,443.85,Bronze,1,US,PulseHome,member30194@example.com,false,false
M30697,8,2024-06-14,2026-02-13,137,609,457.78,57.22,628.0,2,3,1,PulseEats,87.0,1.57,274.37,Gold,3,IN,PulseEats,member30697@example.com,false,false
M30744,6,2025-01-14,2026-02-06,144,388,418.87,69.81,629.0,2,3,1,PulseHome,77.6,1.86,394.04,Bronze,1,IN,PulseHome,member30744@example.com,false,false
M30897,6,2023-09-11,2025-06-27,368,655,248.12,41.35,435.0,0,2,1,PulseEats,131.0,2.81,138.27,Bronze,1,US,PulseEats,member30897@example.com,false,false
M31089,6,2024-05-22,2025-11-14,228,541,460.85,76.81,897.0,0,3,2,PulseHome,108.2,2.11,310.92,Platinum,4,US,PulseHome,member31089@example.com,false,false
M31193,5,2022-03-03,2025-03-18,469,1111,351.68,70.34,722.0,1,3,1,PulseMart,277.8,1.69,115.54,Bronze,1,AE,PulseMart,member31193@example.com,false,false
M31687,5,2023-05-16,2025-04-25,431,710,284.39,56.88,569.0,0,2,1,PulseHome,177.5,2.43,146.2,Silver,2,IN,PulseHome,member31687@example.com,false,false
M31836,9,2023-06-05,2025-11-05,237,884,845.74,93.97,1692.0,0,3,1,PulseHome,110.5,2.14,349.2,Silver,2,AE,PulseHome,member31836@example.com,false,false
M31957,7,2021-09-28,2025-04-19,437,1299,353.12,50.45,531.0,1,3,1,PulseEats,216.5,2.02,99.22,Platinum,4,IN,PulseEats,member31957@example.com,false,false
M31962,7,2022-11-20,2025-05-31,395,923,248.76,35.54,513.0,1,3,1,PulseMart,153.8,2.57,98.37,Bronze,1,AE,PulseMart,member31962@example.com,false,false
M32085,7,2022-08-20,2025-06-02,393,1017,510.56,72.94,1139.0,0,3,2,PulseMart,169.5,2.32,183.24,Bronze,1,IN,PulseMart,member32085@example.com,false,false
M32137,4,2023-06-27,2025-06-03,392,707,317.44,79.36,730.0,0,2,1,PulseMart,235.7,1.66,163.88,Bronze,1,IN,PulseMart,member32137@example.com,false,false
M32239,5,2023-07-24,2025-07-12,353,719,407.45,81.49,899.0,0,3,2,PulseMart,179.8,1.96,206.84,Bronze,1,US,PulseMart,member32239@example.com,false,false
M32301,7,2023-09-15,2025-11-09,233,786,419.93,59.99,690.0,2,3,1,PulseHome,131.0,1.78,195.01,Gold,3,US,PulseHome,member32301@example.com,false,false
M32358,4,2024-01-14,2025-08-06,328,570,212.51,53.13,490.0,0,3,1,PulseMart,190.0,1.73,136.08,Gold,3,IN,PulseMart,member32358@example.com,false,false
M32565,6,2023-03-26,2025-06-01,394,798,371.9,61.98,308.0,3,3,1,PulseEats,159.6,2.47,170.1,Gold,3,AE,PulseEats,member32565@example.com,false,false
M32583,4,2024-06-28,2025-08-01,333,399,167.76,41.94,246.0,1,3,1,PulseHome,133.0,2.5,153.46,Gold,3,GB,PulseHome,member32583@example.com,false,false
M33131,5,2023-09-30,2025-04-15,441,563,305.82,61.16,653.0,1,3,1,PulseMart,140.8,3.13,198.27,Platinum,4,US,PulseMart,member33131@example.com,false,false
M33200,4,2024-11-11,2025-11-17,225,371,294.84,73.71,591.0,0,3,1,PulseHome,123.7,1.82,290.07,Gold,3,AE,PulseHome,member33200@example.com,false,false
M33468,7,2024-11-17,2026-01-03,178,412,622.51,88.93,1093.0,2,3,3,PulseHome,68.7,2.59,551.5,Silver,2,US,PulseHome,member33468@example.com,false,false
M34383,5,2023-07-28,2025-03-02,485,583,351.86,70.37,648.0,1,2,2,PulseHome,145.8,3.33,220.29,Silver,2,IN,PulseHome,member34383@example.com,false,false
M34846,4,2024-03-02,2025-08-03,331,519,326.13,81.53,507.0,1,3,2,PulseEats,173.0,1.91,229.36,Gold,3,US,PulseEats,member34846@example.com,false,false
M34918,5,2023-01-10,2025-05-12,414,853,237.7,47.54,311.0,1,3,1,PulseEats,213.3,1.94,101.71,Bronze,1,GB,PulseEats,member34918@example.com,false,false
M35115,6,2024-06-30,2025-12-15,197,533,509.48,84.91,1000.0,0,3,2,PulseHome,106.6,1.85,348.89,Silver,2,IN,PulseHome,member35115@example.com,false,false
M35512,8,2023-02-03,2025-11-13,229,1014,491.31,61.41,738.0,3,3,1,PulseHome,144.9,1.58,176.85,Silver,2,US,PulseHome,member35512@example.com,false,false
M35573,5,2022-09-09,2025-02-01,514,876,364.02,72.8,601.0,1,3,2,PulseHome,219.0,2.35,151.68,Silver,2,AE,PulseHome,member35573@example.com,false,false
M36042,6,2023-05-10,2025-07-14,351,796,249.77,41.63,469.0,0,3,2,PulseEats,159.2,2.2,114.53,Bronze,1,US,PulseEats,member36042@example.com,false,false
M36148,6,2022-07-08,2025-07-14,351,1102,477.8,79.63,927.0,1,3,2,PulseMart,220.4,1.59,158.25,Silver,2,US,PulseMart,member36148@example.com,false,false
M36240,5,2022-02-28,2025-03-07,480,1103,282.63,56.53,506.0,1,3,2,PulseMart,275.8,1.74,93.53,Silver,2,IN,PulseMart,member36240@example.com,false,false
M36400,7,2023-05-03,2025-10-01,272,882,647.81,92.54,1490.0,0,3,1,PulseMart,147.0,1.85,268.08,Bronze,1,AE,PulseMart,member36400@example.com,false,false
M36593,7,2024-02-01,2025-11-04,238,642,385.09,55.01,724.0,0,3,2,PulseEats,107.0,2.22,218.94,Silver,2,SG,PulseEats,member36593@example.com,false,false
M36669,4,2024-03-20,2025-07-27,338,494,185.21,46.3,272.0,1,2,2,PulseEats,164.7,2.05,136.85,Silver,2,IN,PulseEats,member36669@example.com,false,false
M36818,5,2024-11-19,2026-01-01,180,408,264.71,52.94,530.0,0,3,1,PulseHome,102.0,1.76,236.81,Gold,3,IN,PulseHome,member36818@example.com,false,false
M37023,4,2023-08-02,2025-04-25,431,632,265.08,66.27,610.0,0,3,1,PulseMart,210.7,2.05,153.09,Platinum,4,SG,PulseMart,member37023@example.com,false,false
M37028,4,2023-09-30,2025-03-25,462,542,287.38,71.85,575.0,0,2,1,PulseHome,180.7,2.56,193.53,Gold,3,IN,PulseHome,member37028@example.com,false,false
M37156,6,2024-06-13,2025-11-26,216,531,459.64,76.61,728.0,3,3,2,PulseMart,106.2,2.03,315.95,Bronze,1,IN,PulseMart,member37156@example.com,false,false
M37333,4,2024-10-21,2025-12-06,206,411,314.56,78.64,629.0,0,2,1,PulseHome,137.0,1.5,279.35,Gold,3,US,PulseHome,member37333@example.com,false,false
M37451,7,2023-12-29,2025-11-29,213,701,522.93,74.7,1053.0,1,3,1,PulseMart,116.8,1.82,272.28,Silver,2,US,PulseMart,member37451@example.com,false,false
M37469,7,2025-01-16,2026-02-04,146,384,553.3,79.04,934.0,3,3,2,PulseMart,64.0,2.28,525.92,Bronze,1,SG,PulseMart,member37469@example.com,false,false
M37535,6,2022-07-20,2025-07-27,338,1103,373.04,62.17,566.0,2,3,3,PulseHome,220.6,1.53,123.44,Silver,2,AE,PulseHome,member37535@example.com,false,false
M37760,5,2023-04-08,2025-04-01,455,724,321.53,64.31,594.0,1,3,1,PulseMart,181.0,2.51,162.1,Bronze,1,IN,PulseMart,member37760@example.com,false,false
M37881,4,2023-06-22,2025-03-06,481,623,351.59,87.9,522.0,2,3,1,PulseHome,207.7,2.32,205.99,Silver,2,IN,PulseHome,member37881@example.com,false,false
M38362,7,2025-01-11,2026-02-18,132,403,406.38,58.05,729.0,0,3,2,PulseEats,67.2,1.97,368.06,Silver,2,AE,PulseEats,member38362@example.com,false,false
M38779,5,2024-07-14,2025-11-01,241,475,323.14,64.63,637.0,0,3,2,PulseHome,118.8,2.03,248.31,Bronze,1,US,PulseHome,member38779@example.com,false,false
M39049,7,2023-10-15,2025-09-22,281,708,462.27,66.04,797.0,1,3,1,PulseHome,118.0,2.38,238.32,Silver,2,IN,PulseHome,member39049@example.com,false,false
M39141,5,2022-01-31,2025-01-30,516,1095,270.06,54.01,490.0,1,2,1,PulseHome,273.8,1.88,90.02,Bronze,1,SG,PulseHome,member39141@example.com,false,false
M39266,8,2023-01-26,2025-05-02,424,827,477.46,59.68,718.0,1,3,1,PulseEats,118.1,3.59,210.73,Bronze,1,IN,PulseEats,member39266@example.com,false,false
M39290,7,2025-03-24,2026-03-29,93,370,490.61,70.09,968.0,0,3,2,PulseHome,61.7,1.51,483.98,Silver,2,SG,PulseHome,member39290@example.com,false,false
M39476,4,2024-05-18,2025-06-18,377,396,237.82,59.46,546.0,0,2,1,PulseMart,132.0,2.86,219.2,Silver,2,US,PulseMart,member39476@example.com,false,false
M35811,5,2023-06-17,2025-01-29,517,592,280.9,56.18,442.0,1,2,1,PulseEats,148.0,3.49,173.19,Silver,2,IN,PulseEats,member35811@example.com,false,false
M24578,6,2024-09-17,2025-11-28,214,437,1796.36,299.39,3143.0,0,3,1,PulseEats,87.4,2.45,1500.39,Bronze,1,IN,PulseEats,member24578@example.com,false,false
M20624,6,2024-10-01,2025-10-28,245,392,1815.94,302.66,3632.0,0,3,1,PulseHome,78.4,3.12,1690.86,Bronze,1,IN,PulseHome,member20624@example.com,false,false
M02668,4,2024-08-13,2025-09-23,280,406,1119.93,279.98,2240.0,0,3,1,PulseHome,135.3,2.07,1006.83,Bronze,1,IN,PulseHome,member02668@example.com,false,false
M37805,6,2024-06-01,2025-09-20,283,476,1591.07,265.18,3183.0,0,3,1,PulseHome,95.2,2.97,1220.04,Silver,2,IN,PulseHome,member37805@example.com,false,false
M36013,4,2024-11-02,2025-11-14,228,377,1167.62,291.9,2336.0,0,2,1,PulseHome,125.7,1.81,1130.45,Bronze,1,IN,PulseHome,member36013@example.com,false,false
M08447,5,2024-09-20,2025-12-29,183,465,1550.44,310.09,2713.0,0,3,1,PulseEats,116.3,1.57,1217.01,Bronze,1,GB,PulseEats,member08447@example.com,false,false
M07084,6,2024-11-24,2025-12-09,203,380,1889.6,314.93,3779.0,0,3,1,PulseHome,76.0,2.67,1815.01,Silver,2,IN,PulseHome,member07084@example.com,false,false
M23817,5,2024-09-01,2025-11-14,228,439,1191.37,238.27,2384.0,0,2,1,PulseHome,109.8,2.08,990.55,Silver,2,GB,PulseHome,member23817@example.com,false,false
M04824,6,2024-06-26,2025-12-14,198,536,1707.35,284.56,3413.0,0,2,1,PulseHome,107.2,1.85,1162.65,Bronze,1,IN,PulseHome,member04824@example.com,false,false
M11714,5,2024-06-27,2025-07-06,359,374,1326.0,265.2,2653.0,0,3,1,PulseHome,93.5,3.84,1294.09,Bronze,1,US,PulseHome,member11714@example.com,false,false
M30862,6,2024-11-06,2025-12-19,193,408,1067.85,177.98,1869.0,0,2,1,PulseEats,81.6,2.37,955.31,Silver,2,US,PulseEats,member30862@example.com,false,false
M26222,4,2024-07-26,2025-09-19,284,420,842.05,210.51,1937.0,0,3,1,PulseMart,140.0,2.03,731.78,Gold,3,SG,PulseMart,member26222@example.com,false,false
M07167,4,2024-06-19,2025-07-23,342,399,1502.96,375.74,3456.0,0,1,1,PulseMart,133.0,2.57,1374.89,Silver,2,SG,PulseMart,member07167@example.com,false,false
M07676,5,2024-11-03,2025-12-09,203,401,186.02,37.2,322.0,1,2,3,PulseHome,100.3,2.02,169.32,Silver,2,IN,PulseHome,member07676@example.com,false,false
M02998,5,2023-03-18,2025-04-04,452,748,458.51,91.7,802.0,0,3,1,PulseEats,187.0,2.42,223.74,Bronze,1,US,PulseEats,member02998@example.com,false,false
M09697,6,2025-02-09,2026-02-14,136,370,297.91,49.65,439.0,1,2,1,PulseEats,74.0,1.84,293.88,Silver,2,IN,PulseEats,member09697@example.com,false,false
M00230,5,2021-07-13,2025-01-10,536,1277,512.22,102.44,1010.0,1,3,2,PulseHome,319.3,1.68,146.41,Gold,3,US,PulseHome,member00230@example.com,false,false
M00316,7,2024-04-20,2026-01-19,162,639,508.22,72.6,727.0,4,3,3,PulseMart,106.5,1.52,290.3,Bronze,1,IN,PulseMart,member00316@example.com,false,false
M00398,5,2024-02-19,2025-10-19,254,608,381.07,76.21,560.0,1,3,2,PulseEats,152.0,1.67,228.77,Bronze,1,GB,PulseEats,member00398@example.com,false,false
M00629,5,2022-12-25,2025-05-24,402,881,243.26,48.65,425.0,1,3,2,PulseHome,220.3,1.83,100.78,Gold,3,GB,PulseHome,member00629@example.com,false,false
M00978,6,2023-06-06,2025-03-06,481,639,531.82,88.64,822.0,1,3,1,PulseEats,127.8,3.76,303.78,Silver,2,SG,PulseEats,member00978@example.com,false,false
M01328,5,2021-05-12,2025-01-29,517,1358,399.07,79.81,698.0,0,3,1,PulseEats,339.5,1.52,107.26,Bronze,1,US,PulseEats,member01328@example.com,false,false
M02045,4,2024-03-09,2025-08-07,327,516,394.21,98.55,490.0,1,2,1,PulseEats,172.0,1.9,278.85,Bronze,1,US,PulseEats,member02045@example.com,false,false
M02250,7,2024-12-31,2026-02-06,144,402,437.23,62.46,1005.0,0,3,1,PulseMart,67.0,2.15,396.99,Gold,3,US,PulseMart,member02250@example.com,false,false
M02458,7,2024-02-02,2025-07-22,343,536,648.12,92.59,1134.0,0,2,1,PulseEats,89.3,3.84,441.35,Bronze,1,US,PulseEats,member02458@example.com,false,false
M02565,4,2024-02-01,2025-08-12,322,558,181.86,45.47,226.0,2,2,1,PulseHome,186.0,1.73,118.96,Platinum,4,IN,PulseHome,member02565@example.com,false,false
M03397,8,2022-11-06,2025-10-25,248,1084,426.6,53.33,746.0,0,3,1,PulseEats,154.9,1.6,143.64,Bronze,1,US,PulseEats,member03397@example.com,false,false
M03450,5,2022-06-23,2025-01-17,529,939,270.67,54.13,523.0,1,3,1,PulseMart,234.8,2.25,105.21,Silver,2,IN,PulseMart,member03450@example.com,false,false
M03565,4,2023-03-09,2025-04-07,449,760,341.43,85.36,597.0,0,1,1,PulseEats,253.3,1.77,163.98,Bronze,1,IN,PulseEats,member03565@example.com,false,false
M04019,10,2024-04-14,2026-01-17,164,643,549.38,54.94,912.0,2,3,1,PulseHome,71.4,2.3,311.86,Gold,3,IN,PulseHome,member04019@example.com,false,false
M04439,5,2023-12-26,2025-09-05,298,619,464.01,92.8,917.0,2,2,1,PulseMart,154.8,1.93,273.61,Silver,2,US,PulseMart,member04439@example.com,false,false
M04675,8,2021-09-02,2025-01-11,535,1227,397.24,49.65,750.0,2,3,1,PulseMart,175.3,3.05,118.17,Silver,2,IN,PulseMart,member04675@example.com,false,false
M04793,5,2023-12-19,2025-09-02,301,623,152.28,30.46,207.0,1,2,2,PulseEats,155.8,1.93,89.22,Bronze,1,AE,PulseEats,member04793@example.com,false,false
M04832,5,2023-11-01,2025-06-13,382,590,415.88,83.18,832.0,0,3,1,PulseHome,147.5,2.59,257.28,Silver,2,US,PulseHome,member04832@example.com,false,false
M04874,6,2021-12-08,2025-05-30,396,1269,462.06,77.01,1064.0,0,3,1,PulseMart,253.8,1.56,132.9,Gold,3,US,PulseMart,member04874@example.com,false,false
M05249,6,2024-10-18,2026-01-29,152,468,344.96,57.49,554.0,1,3,2,PulseEats,93.6,1.62,269.04,Silver,2,SG,PulseEats,member05249@example.com,false,false
M05349,6,2023-12-05,2025-06-06,389,549,329.8,54.97,718.0,0,3,2,PulseMart,109.8,3.54,219.27,Silver,2,US,PulseMart,member05349@example.com,false,false
M05682,4,2022-12-20,2025-03-25,462,826,260.92,65.23,407.0,1,3,1,PulseEats,275.3,1.68,115.3,Bronze,1,AE,PulseEats,member05682@example.com,false,false
M05728,5,2023-07-08,2025-03-10,477,611,298.1,59.62,583.0,0,3,2,PulseHome,152.8,3.12,178.08,Gold,3,US,PulseHome,member05728@example.com,false,false
M05870,10,2022-09-23,2025-10-19,254,1122,729.11,72.91,1328.0,1,3,2,PulseHome,124.7,2.04,237.19,Gold,3,IN,PulseHome,member05870@example.com,false,false
M05903,5,2023-08-06,2025-05-09,417,642,308.09,61.62,616.0,0,3,1,PulseHome,160.5,2.6,175.16,Bronze,1,IN,PulseHome,member05903@example.com,false,false
M06347,9,2022-11-23,2025-11-27,215,1100,535.13,59.46,1095.0,2,3,2,PulseMart,137.5,1.56,177.57,Gold,3,SG,PulseMart,member06347@example.com,false,false
M06525,6,2023-08-04,2025-08-14,320,741,310.02,51.67,668.0,1,3,2,PulseMart,148.2,2.16,152.71,Gold,3,IN,PulseMart,member06525@example.com,false,false
M07021,5,2024-01-23,2025-06-03,392,497,284.11,56.82,503.0,1,2,2,PulseHome,124.3,3.15,208.65,Gold,3,SG,PulseHome,member07021@example.com,false,false
M07200,8,2023-11-07,2025-12-27,185,781,432.74,54.09,567.0,2,3,2,PulseEats,111.6,1.66,202.24,Gold,3,US,PulseEats,member07200@example.com,false,false
M07224,7,2024-02-25,2025-12-19,193,663,298.29,42.61,454.0,3,2,1,PulseMart,110.5,1.75,164.22,Silver,2,IN,PulseMart,member07224@example.com,false,false
M07289,4,2024-03-18,2025-06-05,390,444,325.67,81.42,623.0,1,2,2,PulseHome,148.0,2.64,267.72,Silver,2,IN,PulseHome,member07289@example.com,false,false
M07432,4,2023-07-12,2025-06-11,384,700,270.37,67.59,374.0,1,2,1,PulseEats,233.3,1.65,140.98,Silver,2,US,PulseEats,member07432@example.com,false,false
M07659,5,2021-10-17,2025-02-17,498,1219,344.96,68.99,621.0,1,2,2,PulseHome,304.8,1.63,103.29,Silver,2,SG,PulseHome,member07659@example.com,false,false
M07692,5,2025-01-30,2026-02-08,142,374,363.75,72.75,836.0,0,3,1,PulseMart,93.5,1.52,355.0,Silver,2,US,PulseMart,member07692@example.com,false,false
M08008,7,2022-03-31,2025-06-02,393,1159,410.6,58.66,719.0,0,3,1,PulseEats,193.2,2.03,129.31,Bronze,1,SG,PulseEats,member08008@example.com,false,false
M08067,6,2023-06-21,2025-03-18,469,636,384.44,64.07,863.0,0,3,2,PulseMart,127.2,3.69,220.63,Gold,3,IN,PulseMart,member08067@example.com,false,false
M08305,4,2024-04-25,2025-09-28,275,521,263.66,65.91,527.0,0,2,1,PulseHome,173.7,1.58,184.71,Silver,2,IN,PulseHome,member08305@example.com,false,false
M08408,7,2022-08-26,2025-04-06,450,954,566.42,80.92,1202.0,1,3,1,PulseMart,159.0,2.83,216.71,Silver,2,IN,PulseMart,member08408@example.com,false,false
M08476,6,2022-11-26,2025-06-17,378,934,495.32,82.55,779.0,2,2,2,PulseEats,186.8,2.02,193.57,Platinum,4,AE,PulseEats,member08476@example.com,false,false
M09008,8,2023-03-13,2025-07-21,344,861,463.86,57.98,926.0,1,3,3,PulseMart,123.0,2.8,196.64,Bronze,1,IN,PulseMart,member09008@example.com,false,false
M09432,5,2022-12-23,2025-02-03,512,773,299.12,59.82,561.0,1,3,3,PulseHome,193.3,2.65,141.24,Platinum,4,IN,PulseHome,member09432@example.com,false,false
M10032,6,2023-12-01,2025-10-19,254,688,226.31,37.72,451.0,0,3,2,PulseHome,137.6,1.85,120.06,Bronze,1,US,PulseHome,member10032@example.com,false,false
M10068,5,2022-09-14,2025-03-25,462,923,386.98,77.4,796.0,1,2,1,PulseMart,230.8,2.0,153.03,Silver,2,SG,PulseMart,member10068@example.com,false,false
M10196,6,2023-01-09,2025-01-25,521,747,396.88,66.15,776.0,1,3,2,PulseMart,149.4,3.49,193.92,Platinum,4,IN,PulseMart,member10196@example.com,false,false
M10290,4,2023-09-22,2025-05-24,402,610,290.15,72.54,668.0,0,3,1,PulseMart,203.3,1.98,173.61,Bronze,1,IN,PulseMart,member10290@example.com,false,false
M10677,7,2024-07-03,2025-11-07,235,492,312.15,44.59,687.0,0,3,3,PulseMart,82.0,2.87,231.57,Silver,2,US,PulseMart,member10677@example.com,false,false
M10687,7,2023-12-08,2025-08-31,303,632,704.6,100.66,1233.0,0,2,1,PulseEats,105.3,2.88,406.93,Bronze,1,AE,PulseEats,member10687@example.com,false,false
M10930,5,2024-02-10,2025-10-31,242,629,311.98,62.4,624.0,0,3,1,PulseHome,157.3,1.54,181.04,Bronze,1,IN,PulseHome,member10930@example.com,false,false
M11220,5,2022-12-29,2025-06-17,378,901,387.54,77.51,711.0,0,3,2,PulseEats,225.3,1.68,156.99,Silver,2,US,PulseEats,member11220@example.com,false,false
M11294,9,2022-05-10,2025-06-12,383,1129,498.22,55.36,860.0,3,3,2,PulseMart,141.1,2.71,161.07,Bronze,1,SG,PulseMart,member11294@example.com,false,false
M11414,6,2023-08-01,2025-09-11,292,772,306.37,51.06,411.0,3,2,1,PulseHome,154.4,1.89,144.85,Silver,2,GB,PulseHome,member11414@example.com,false,false
M11742,5,2024-10-13,2025-11-27,215,410,386.11,77.22,829.0,0,2,2,PulseMart,102.5,2.1,343.73,Bronze,1,GB,PulseMart,member11742@example.com,false,false
M11867,6,2024-12-12,2025-12-18,194,371,341.4,56.9,610.0,0,3,2,PulseEats,74.2,2.61,335.88,Bronze,1,US,PulseEats,member11867@example.com,false,false
M12178,6,2023-03-27,2025-09-10,293,898,362.6,60.43,520.0,3,3,1,PulseMart,179.6,1.63,147.38,Bronze,1,IN,PulseMart,member12178@example.com,false,false
M12203,8,2025-02-09,2026-02-25,125,381,597.35,74.67,1374.0,0,3,1,PulseMart,54.4,2.3,572.26,Silver,2,US,PulseMart,member12203@example.com,false,false
M12852,4,2024-03-31,2025-05-01,425,396,373.89,93.47,806.0,0,2,2,PulseMart,132.0,3.22,344.62,Silver,2,GB,PulseMart,member12852@example.com,false,false
M13138,6,2022-09-01,2025-08-01,333,1065,294.19,49.03,486.0,2,3,1,PulseMart,213.0,1.56,100.83,Bronze,1,AE,PulseMart,member13138@example.com,false,false
M13272,7,2024-06-23,2025-11-13,229,508,401.64,57.38,924.0,0,3,1,PulseMart,84.7,2.7,288.58,Platinum,4,AE,PulseMart,member13272@example.com,false,false
M13378,6,2024-04-04,2025-10-15,258,559,431.54,71.92,615.0,3,3,2,PulseHome,111.8,2.31,281.77,Silver,2,US,PulseHome,member13378@example.com,false,false
M13470,4,2024-05-15,2025-05-31,395,381,269.11,67.28,470.0,0,2,1,PulseEats,127.0,3.11,257.81,Silver,2,US,PulseEats,member13470@example.com,false,false
M13544,10,2023-02-21,2025-07-29,336,889,633.15,63.32,855.0,3,3,3,PulseEats,98.8,3.4,259.95,Bronze,1,US,PulseEats,member13544@example.com,false,false
M13573,6,2024-07-08,2025-12-15,197,525,408.33,68.05,889.0,1,3,1,PulseMart,105.0,1.88,283.89,Bronze,1,GB,PulseMart,member13573@example.com,false,false
M13638,5,2023-02-06,2025-06-10,385,855,328.31,65.66,709.0,0,3,2,PulseMart,213.8,1.8,140.16,Bronze,1,IN,PulseMart,member13638@example.com,false,false
M13940,6,2024-11-17,2025-12-13,199,391,372.54,62.09,843.0,0,3,2,PulseMart,78.2,2.54,347.77,Bronze,1,IN,PulseMart,member13940@example.com,false,false
M14300,4,2023-11-10,2025-03-31,456,507,376.53,94.13,659.0,0,2,1,PulseEats,169.0,2.7,271.07,Bronze,1,US,PulseEats,member14300@example.com,false,false
M14562,11,2022-03-23,2025-10-11,262,1298,640.41,58.22,1471.0,0,3,1,PulseMart,129.8,2.02,180.08,Bronze,1,AE,PulseMart,member14562@example.com,false,false
M14822,4,2023-12-25,2025-06-03,392,526,171.9,42.98,177.0,2,2,2,PulseHome,175.3,2.24,119.28,Silver,2,AE,PulseHome,member14822@example.com,false,false
M15098,5,2024-03-21,2025-08-19,315,516,340.38,68.08,500.0,2,2,1,PulseHome,129.0,2.44,240.77,Gold,3,GB,PulseHome,member15098@example.com,false,false
M15225,6,2021-12-26,2025-05-23,403,1244,345.97,57.66,695.0,0,3,3,PulseHome,248.8,1.62,101.51,Gold,3,SG,PulseHome,member15225@example.com,false,false
M15701,6,2023-06-27,2025-09-17,286,813,592.89,98.82,1185.0,0,3,1,PulseHome,162.6,1.76,266.18,Silver,2,IN,PulseHome,member15701@example.com,false,false
M16126,5,2023-05-31,2025-03-26,461,665,220.8,44.16,387.0,0,2,1,PulseEats,166.3,2.77,121.19,Bronze,1,IN,PulseEats,member16126@example.com,false,false
M16248,4,2024-02-19,2025-08-29,305,557,311.89,77.97,546.0,0,1,1,PulseEats,185.7,1.64,204.38,Bronze,1,US,PulseEats,member16248@example.com,false,false
M16391,6,2024-08-04,2026-01-02,179,516,406.05,67.68,858.0,1,3,1,PulseMart,103.2,1.73,287.23,Bronze,1,US,PulseMart,member16391@example.com,false,false
M16739,4,2023-10-29,2025-07-31,334,641,152.03,38.01,277.0,1,2,2,PulseHome,213.7,1.56,86.57,Platinum,4,US,PulseHome,member16739@example.com,false,false
M16988,7,2024-07-19,2026-02-06,144,567,452.33,64.62,1009.0,0,3,2,PulseMart,94.5,1.52,291.18,Bronze,1,US,PulseMart,member16988@example.com,false,false
M17012,4,2024-03-18,2025-07-05,360,474,272.86,68.22,514.0,1,2,1,PulseHome,158.0,2.28,210.11,Bronze,1,GB,PulseHome,member17012@example.com,false,false
M17076,5,2025-01-04,2026-01-23,158,384,267.89,53.58,605.0,0,3,2,PulseMart,96.0,1.65,254.64,Gold,3,IN,PulseMart,member17076@example.com,false,false
M17096,4,2024-02-12,2025-07-11,354,515,206.73,51.68,450.0,1,3,1,PulseMart,171.7,2.06,146.52,Bronze,1,IN,PulseMart,member17096@example.com,false,false
M17131,4,2023-03-09,2025-03-10,477,732,201.45,50.36,289.0,1,2,2,PulseMart,244.0,1.95,100.45,Gold,3,AE,PulseMart,member17131@example.com,false,false
M17601,5,2023-08-06,2025-08-26,308,751,317.39,63.48,665.0,0,3,2,PulseHome,187.8,1.64,154.26,Silver,2,US,PulseHome,member17601@example.com,false,false
M17750,5,2025-01-18,2026-01-31,150,378,200.22,40.04,261.0,2,3,1,PulseHome,94.5,1.59,193.33,Silver,2,AE,PulseHome,member17750@example.com,false,false
M17755,6,2024-08-08,2025-12-24,188,503,368.28,61.38,645.0,0,3,1,PulseEats,100.6,1.87,267.24,Gold,3,SG,PulseEats,member17755@example.com,false,false
M17795,5,2024-09-30,2025-12-26,186,452,560.82,112.16,1122.0,0,3,1,PulseHome,113.0,1.65,452.87,Bronze,1,SG,PulseHome,member17795@example.com,false,false
M18075,4,2023-11-04,2025-02-12,503,466,191.59,47.9,336.0,0,2,1,PulseEats,155.3,3.24,150.07,Platinum,4,IN,PulseEats,member18075@example.com,false,false
M18083,7,2023-03-02,2025-06-27,368,848,336.51,48.07,494.0,2,3,2,PulseEats,141.3,2.6,144.84,Bronze,1,US,PulseEats,member18083@example.com,false,false
M18180,7,2022-12-01,2025-09-17,286,1021,426.64,60.95,781.0,1,3,1,PulseMart,170.2,1.68,152.52,Bronze,1,IN,PulseMart,member18180@example.com,false,false
M18260,5,2024-11-15,2025-11-18,224,368,512.11,102.42,889.0,2,3,1,PulseHome,92.0,2.43,507.94,Bronze,1,US,PulseHome,member18260@example.com,false,false
M18366,6,2024-10-29,2025-11-01,241,368,508.46,84.74,792.0,1,2,1,PulseEats,73.6,3.27,504.31,Bronze,1,US,PulseEats,member18366@example.com,false,false
M18620,6,2024-02-09,2025-10-11,262,610,426.62,71.1,701.0,1,2,2,PulseEats,122.0,2.15,255.27,Silver,2,IN,PulseEats,member18620@example.com,false,false
M18696,5,2023-01-19,2025-03-13,474,784,390.32,78.06,537.0,3,3,2,PulseMart,196.0,2.42,181.72,Silver,2,GB,PulseMart,member18696@example.com,false,false
M18817,4,2023-02-03,2025-04-30,426,817,167.63,41.91,336.0,1,3,1,PulseMart,272.3,1.56,74.89,Bronze,1,IN,PulseMart,member18817@example.com,false,false
M18901,5,2023-10-01,2025-05-25,401,602,486.35,97.27,1064.0,1,3,1,PulseMart,150.5,2.66,294.88,Bronze,1,US,PulseMart,member18901@example.com,false,false
M19143,6,2023-07-13,2025-09-01,302,781,424.76,70.79,834.0,0,3,2,PulseHome,156.2,1.93,198.51,Gold,3,IN,PulseHome,member19143@example.com,false,false
M19224,6,2024-07-09,2025-12-23,189,532,550.34,91.72,1082.0,1,3,2,PulseHome,106.4,1.78,377.58,Bronze,1,US,PulseHome,member19224@example.com,false,false
M19267,5,2024-07-21,2025-12-11,201,508,190.57,38.11,356.0,0,2,2,PulseHome,127.0,1.58,136.93,Gold,3,US,PulseHome,member19267@example.com,false,false
M19392,7,2023-11-17,2025-10-22,251,705,572.74,81.82,958.0,1,3,2,PulseEats,117.5,2.14,296.52,Silver,2,US,PulseEats,member19392@example.com,false,false
M19630,5,2023-10-18,2025-04-27,429,557,518.84,103.77,687.0,2,3,2,PulseHome,139.3,3.08,339.99,Gold,3,SG,PulseHome,member19630@example.com,false,false
M20178,6,2022-06-19,2025-07-09,356,1116,329.28,54.88,595.0,1,2,1,PulseHome,223.2,1.59,107.69,Bronze,1,SG,PulseHome,member20178@example.com,false,false
M20466,5,2023-07-10,2025-08-23,311,775,554.13,110.83,1274.0,0,3,1,PulseMart,193.8,1.61,260.98,Gold,3,US,PulseMart,member20466@example.com,false,false
M20490,5,2024-01-19,2025-10-16,257,636,387.5,77.5,553.0,2,3,1,PulseHome,159.0,1.62,222.39,Gold,3,IN,PulseHome,member20490@example.com,false,false
M20710,8,2023-09-18,2025-10-31,242,774,524.32,65.54,1199.0,0,3,2,PulseMart,110.6,2.19,247.26,Bronze,1,SG,PulseMart,member20710@example.com,false,false
M20836,5,2023-12-12,2025-04-27,429,502,296.11,59.22,537.0,1,3,3,PulseMart,125.5,3.42,215.3,Gold,3,GB,PulseMart,member20836@example.com,false,false
M20974,6,2023-08-15,2025-09-26,277,773,534.97,89.16,775.0,2,3,1,PulseHome,154.6,1.79,252.61,Silver,2,IN,PulseHome,member20974@example.com,false,false
M21006,8,2021-12-28,2025-03-10,477,1168,353.14,44.14,595.0,3,2,2,PulseMart,166.9,2.86,110.36,Bronze,1,GB,PulseMart,member21006@example.com,false,false
M21653,5,2023-11-29,2025-09-25,278,666,350.64,70.13,482.0,1,1,2,PulseEats,166.5,1.67,192.17,Gold,3,IN,PulseEats,member21653@example.com,false,false
M21719,4,2023-09-07,2025-04-14,442,585,216.72,54.18,499.0,0,3,1,PulseMart,195.0,2.27,135.22,Bronze,1,IN,PulseMart,member21719@example.com,false,false
M22083,8,2023-07-30,2025-12-23,189,877,500.97,62.62,743.0,1,2,1,PulseEats,125.3,1.51,208.5,Gold,3,IN,PulseEats,member22083@example.com,false,false
M22095,7,2023-04-14,2025-10-23,250,923,569.13,81.3,693.0,3,3,2,PulseHome,153.8,1.63,225.06,Silver,2,IN,PulseHome,member22095@example.com,false,false
M22277,8,2023-07-12,2025-07-30,335,749,399.36,49.92,815.0,1,3,3,PulseMart,107.0,3.13,194.61,Silver,2,IN,PulseMart,member22277@example.com,false,false
M22397,8,2022-01-12,2025-06-22,373,1257,491.26,61.41,994.0,1,3,1,PulseMart,179.6,2.08,142.65,Bronze,1,US,PulseMart,member22397@example.com,false,false
M22667,8,2024-02-25,2025-11-02,240,616,477.85,59.73,874.0,1,3,1,PulseHome,88.0,2.73,283.14,Platinum,4,IN,PulseHome,member22667@example.com,false,false
M22879,10,2021-04-28,2025-08-28,306,1583,803.46,80.35,1398.0,2,3,2,PulseHome,175.9,1.74,185.26,Silver,2,IN,PulseHome,member22879@example.com,false,false
M23024,7,2023-07-12,2025-10-27,246,838,428.09,61.16,864.0,0,3,3,PulseHome,139.7,1.76,186.46,Silver,2,US,PulseHome,member23024@example.com,false,false
M23591,8,2024-05-03,2025-11-25,217,571,656.12,82.02,1149.0,0,3,1,PulseEats,81.6,2.66,419.41,Silver,2,US,PulseEats,member23591@example.com,false,false
M24193,8,2023-04-14,2025-10-02,271,902,498.24,62.28,659.0,2,3,1,PulseEats,128.9,2.1,201.62,Platinum,4,IN,PulseEats,member24193@example.com,false,false
M24229,4,2022-12-09,2025-03-11,476,823,288.7,72.18,481.0,1,2,2,PulseMart,274.3,1.74,128.04,Bronze,1,IN,PulseMart,member24229@example.com,false,false
M24390,5,2024-12-19,2026-01-19,162,396,333.72,66.74,592.0,0,3,2,PulseEats,99.0,1.64,307.6,Bronze,1,GB,PulseEats,member24390@example.com,false,false
M24601,5,2022-08-26,2025-06-02,393,1011,391.45,78.29,783.0,0,2,1,PulseHome,252.8,1.55,141.32,Gold,3,GB,PulseHome,member24601@example.com,false,false
M24969,5,2024-04-04,2025-08-22,312,505,388.85,77.77,695.0,1,3,1,PulseMart,126.3,2.47,281.05,Bronze,1,IN,PulseMart,member24969@example.com,false,false
M25913,4,2024-04-05,2025-04-15,441,375,147.77,36.94,203.0,1,2,1,PulseEats,125.0,3.53,143.83,Silver,2,IN,PulseEats,member25913@example.com,false,false
M26524,5,2024-03-14,2025-09-24,279,559,495.48,99.1,981.0,0,3,2,PulseHome,139.8,2.0,323.52,Bronze,1,IN,PulseHome,member26524@example.com,false,false
M26734,6,2021-12-19,2025-06-07,388,1266,368.71,61.45,646.0,0,3,1,PulseEats,253.2,1.53,106.3,Bronze,1,US,PulseEats,member26734@example.com,false,false
M26737,5,2022-11-18,2025-03-03,484,836,267.87,53.57,486.0,1,2,1,PulseHome,209.0,2.32,116.95,Gold,3,US,PulseHome,member26737@example.com,false,false
M26743,5,2023-02-20,2025-07-19,346,880,252.16,50.43,492.0,0,3,2,PulseHome,220.0,1.57,104.59,Silver,2,IN,PulseHome,member26743@example.com,false,false
M26810,7,2024-08-13,2026-02-02,148,538,342.0,48.86,617.0,2,3,3,PulseMart,89.7,1.65,232.03,Gold,3,US,PulseMart,member26810@example.com,false,false
M27032,4,2023-04-24,2025-03-23,464,699,176.23,44.06,404.0,0,2,1,PulseMart,233.0,1.99,92.02,Bronze,1,IN,PulseMart,member27032@example.com,false,false
M27093,7,2023-12-18,2025-10-31,242,683,453.51,64.79,794.0,2,3,1,PulseHome,113.8,2.13,242.36,Silver,2,IN,PulseHome,member27093@example.com,false,false
M27372,4,2024-07-21,2025-09-22,281,428,298.91,74.73,524.0,0,3,1,PulseEats,142.7,1.97,254.91,Bronze,1,US,PulseEats,member27372@example.com,false,false
M27425,4,2024-03-20,2025-08-18,316,516,175.48,43.87,327.0,0,2,2,PulseEats,172.0,1.84,124.13,Gold,3,IN,PulseHome,member27425@example.com,false,false
M27651,6,2022-03-27,2025-06-09,386,1170,369.34,61.56,679.0,2,3,1,PulseMart,234.0,1.65,115.22,Bronze,1,IN,PulseMart,member27651@example.com,false,false
M27824,6,2024-01-25,2025-12-05,207,680,485.41,80.9,849.0,0,3,1,PulseEats,136.0,1.52,260.55,Gold,3,SG,PulseEats,member27824@example.com,false,false
M27851,5,2023-11-24,2025-04-06,450,499,363.12,72.62,726.0,1,2,2,PulseMart,124.8,3.61,265.61,Bronze,1,GB,PulseMart,member27851@example.com,false,false
M28149,6,2023-04-26,2025-07-08,357,804,345.23,57.54,297.0,3,2,2,PulseEats,160.8,2.22,156.73,Bronze,1,US,PulseEats,member28149@example.com,false,false
M28329,8,2024-08-02,2026-01-17,164,533,510.99,63.87,1109.0,1,3,1,PulseMart,76.1,2.15,349.93,Bronze,1,IN,PulseMart,member28329@example.com,false,false
M28332,4,2024-02-22,2025-05-18,408,451,327.05,81.76,701.0,0,2,2,PulseMart,150.3,2.71,264.69,Bronze,1,IN,PulseMart,member28332@example.com,false,false
M28719,5,2023-10-26,2025-04-19,437,541,550.79,110.16,914.0,1,2,1,PulseEats,135.3,3.23,371.61,Gold,3,IN,PulseEats,member28719@example.com,false,false
M28777,4,2023-12-02,2025-07-09,356,585,298.97,74.74,525.0,1,2,2,PulseMart,195.0,1.83,186.54,Bronze,1,IN,PulseMart,member28777@example.com,false,false
M28793,6,2021-06-03,2025-04-01,455,1398,379.66,63.28,601.0,2,3,1,PulseHome,279.6,1.63,99.12,Silver,2,US,PulseHome,member28793@example.com,false,false
M28836,9,2023-03-14,2025-11-21,221,983,904.22,100.47,1497.0,2,3,2,PulseEats,122.9,1.8,335.75,Gold,3,GB,PulseEats,member28836@example.com,false,false
M29343,7,2023-01-05,2025-06-10,385,887,387.15,55.31,719.0,0,3,2,PulseEats,147.8,2.6,159.31,Gold,3,IN,PulseEats,member29343@example.com,false,false
M29632,4,2023-11-21,2025-07-13,352,600,188.74,47.19,378.0,0,2,1,PulseHome,200.0,1.76,114.82,Platinum,4,IN,PulseHome,member29632@example.com,false,false
M30279,4,2024-04-13,2025-09-29,274,534,135.59,33.9,250.0,1,2,1,PulseHome,178.0,1.54,92.68,Platinum,4,GB,PulseHome,member30279@example.com,false,false
M30377,4,2022-08-14,2025-03-13,474,942,178.48,44.62,402.0,0,3,2,PulseMart,314.0,1.51,69.16,Silver,2,IN,PulseMart,member30377@example.com,false,false
M30786,4,2024-02-22,2025-08-24,310,549,340.95,85.24,629.0,1,3,1,PulseMart,183.0,1.69,226.68,Gold,3,IN,PulseMart,member30786@example.com,false,false
M31337,9,2021-10-14,2025-07-23,342,1378,656.71,72.97,1312.0,0,3,1,PulseHome,172.3,1.99,173.95,Gold,3,US,PulseHome,member31337@example.com,false,false
M31508,6,2022-11-21,2025-03-30,457,860,295.32,49.22,669.0,0,3,2,PulseMart,172.0,2.66,125.34,Silver,2,SG,PulseMart,member31508@example.com,false,false
M31618,4,2023-08-16,2025-01-13,533,516,431.27,107.82,863.0,0,2,1,PulseHome,172.0,3.1,305.07,Silver,2,IN,PulseHome,member31618@example.com,false,false
M31700,5,2024-02-06,2025-09-12,291,584,423.57,84.71,741.0,0,2,1,PulseEats,146.0,1.99,264.73,Bronze,1,IN,PulseEats,member31700@example.com,false,false
M31880,5,2023-01-20,2025-05-06,420,837,312.67,62.53,497.0,1,3,1,PulseEats,209.3,2.01,136.35,Bronze,1,SG,PulseEats,member31880@example.com,false,false
M32160,5,2024-12-24,2026-01-19,162,391,186.19,37.24,340.0,1,2,1,PulseMart,97.8,1.66,173.81,Silver,2,IN,PulseMart,member32160@example.com,false,false
M32749,6,2024-10-29,2025-12-06,206,403,437.0,72.83,806.0,0,3,2,PulseEats,80.6,2.56,395.79,Silver,2,US,PulseEats,member32749@example.com,false,false
M33206,4,2024-03-03,2025-09-08,295,554,385.94,96.49,525.0,1,2,1,PulseEats,184.7,1.6,254.27,Bronze,1,IN,PulseEats,member33206@example.com,false,false
M33332,4,2023-09-10,2025-05-23,403,621,315.19,78.8,578.0,0,3,2,PulseEats,207.0,1.95,185.26,Bronze,1,US,PulseEats,member33332@example.com,false,false
M33583,4,2022-04-09,2025-01-22,524,1019,225.45,56.36,313.0,1,3,2,PulseMart,339.7,1.54,80.75,Bronze,1,US,PulseMart,member33583@example.com,false,false
M33715,11,2023-11-20,2025-11-04,238,715,625.99,56.91,1052.0,1,3,1,PulseHome,71.5,3.33,319.56,Silver,2,IN,PulseHome,member33715@example.com,false,false
M34069,6,2022-05-07,2025-04-09,447,1068,377.59,62.93,510.0,1,3,1,PulseEats,213.6,2.09,129.05,Silver,2,US,PulseEats,member34069@example.com,false,false
M34078,8,2025-02-07,2026-02-14,136,372,550.6,68.83,951.0,1,3,1,PulseHome,53.1,2.56,540.24,Silver,2,GB,PulseHome,member34078@example.com,false,false
M34170,4,2023-12-23,2025-08-20,314,606,223.03,55.76,512.0,0,2,1,PulseMart,202.0,1.55,134.33,Bronze,1,IN,PulseMart,member34170@example.com,false,false
M34179,4,2024-09-18,2025-11-17,225,425,192.46,48.11,337.0,0,3,1,PulseEats,141.7,1.59,165.29,Bronze,1,SG,PulseEats,member34179@example.com,false,false
M34248,5,2022-07-28,2025-05-28,398,1035,213.3,42.66,437.0,1,3,1,PulseMart,258.8,1.54,75.22,Bronze,1,SG,PulseMart,member34248@example.com,false,false
M34691,5,2022-12-12,2025-01-31,515,781,425.64,85.13,713.0,2,3,3,PulseMart,195.3,2.64,198.92,Gold,3,IN,PulseMart,member34691@example.com,false,false
M34724,5,2024-02-26,2025-08-01,333,522,333.55,66.71,472.0,1,3,3,PulseHome,130.5,2.55,233.23,Silver,2,IN,PulseHome,member34724@example.com,false,false
M34749,7,2023-06-08,2025-05-06,420,698,605.77,86.54,1211.0,0,3,1,PulseHome,116.3,3.61,316.77,Bronze,1,IN,PulseHome,member34749@example.com,false,false
M34826,6,2022-04-25,2025-06-16,379,1148,333.87,55.65,668.0,0,3,1,PulseHome,229.6,1.65,106.15,Gold,3,US,PulseHome,member34826@example.com,false,false
M35477,5,2024-06-04,2025-06-17,378,378,393.78,78.76,689.0,0,3,1,PulseEats,94.5,4.0,380.24,Bronze,1,US,PulseEats,member35477@example.com,false,false
M35509,4,2024-09-18,2025-11-04,238,412,183.32,45.83,367.0,0,2,1,PulseHome,137.3,1.73,162.41,Gold,3,US,PulseHome,member35509@example.com,false,false
M35523,5,2022-12-24,2025-04-21,435,849,256.51,51.3,449.0,0,2,1,PulseEats,212.3,2.05,110.28,Silver,2,IN,PulseEats,member35523@example.com,false,false
M35565,5,2022-03-12,2025-04-22,434,1137,409.92,81.98,743.0,1,2,1,PulseMart,284.3,1.53,131.59,Gold,3,US,PulseMart,member35565@example.com,false,false
M35589,5,2022-08-06,2025-04-18,438,986,214.33,42.87,437.0,1,3,2,PulseMart,246.5,1.78,79.34,Bronze,1,IN,PulseMart,member35589@example.com,false,false
M35934,8,2024-08-09,2025-12-30,182,508,547.24,68.4,1202.0,0,3,2,PulseMart,72.6,2.51,393.19,Gold,3,US,PulseMart,member35934@example.com,false,false
M36288,6,2024-11-09,2026-01-02,179,419,441.88,73.65,691.0,1,3,1,PulseEats,83.8,2.14,384.93,Bronze,1,US,PulseEats,member36288@example.com,false,false
M36358,5,2022-05-21,2025-02-18,497,1004,427.59,85.52,808.0,2,3,1,PulseMart,251.0,1.98,155.45,Silver,2,IN,PulseMart,member36358@example.com,false,false
M37138,4,2023-03-27,2025-02-28,487,704,334.7,83.68,640.0,1,2,2,PulseHome,234.7,2.08,173.53,Silver,2,SG,PulseHome,member37138@example.com,false,false
M38000,4,2024-04-18,2025-07-20,345,458,237.03,59.26,315.0,1,2,1,PulseEats,152.7,2.26,188.9,Platinum,4,IN,PulseEats,member38000@example.com,false,false
M38557,5,2022-12-06,2025-02-09,506,796,292.21,58.44,422.0,1,3,1,PulseEats,199.0,2.54,133.99,Bronze,1,US,PulseEats,member38557@example.com,false,false
M39215,5,2024-10-15,2026-01-08,173,450,222.86,44.57,393.0,1,2,1,PulseMart,112.5,1.54,180.76,Bronze,1,US,PulseMart,member39215@example.com,false,false
M39608,5,2023-08-02,2025-06-19,376,687,469.8,93.96,932.0,0,3,2,PulseHome,171.8,2.19,249.6,Bronze,1,US,PulseHome,member39608@example.com,false,false
M39816,10,2024-04-06,2026-01-10,171,644,839.84,83.98,1769.0,0,3,2,PulseHome,71.6,2.39,476.0,Silver,2,IN,PulseHome,member39816@example.com,false,false
M39840,6,2024-06-14,2025-09-07,296,450,602.49,100.42,1290.0,1,3,2,PulseMart,90.0,3.29,488.69,Bronze,1,IN,PulseMart,member39840@example.com,false,false
M39901,6,2024-04-06,2025-08-13,321,494,634.52,105.75,1117.0,1,3,3,PulseEats,98.8,3.25,468.83,Silver,2,IN,PulseEats,member39901@example.com,false,false
M33998,5,2024-06-19,2025-08-30,304,437,1418.26,283.65,2836.0,0,3,1,PulseHome,109.3,2.78,1184.59,Silver,2,IN,PulseHome,member33998@example.com,false,false
M07579,4,2024-06-19,2025-09-27,276,465,1052.97,263.24,2422.0,0,3,1,PulseMart,155.0,1.78,826.52,Bronze,1,IN,PulseMart,member07579@example.com,false,false
M28525,5,2024-07-01,2025-12-06,206,523,1256.78,251.36,2889.0,0,3,1,PulseMart,130.8,1.58,877.1,Silver,2,AE,PulseMart,member28525@example.com,false,false
M16710,6,2024-09-03,2025-12-21,191,474,1852.98,308.83,3242.0,0,3,1,PulseEats,94.8,2.01,1426.87,Bronze,1,IN,PulseEats,member16710@example.com,false,false
M27470,6,2024-06-18,2025-12-20,192,550,1720.1,286.68,3956.0,0,3,1,PulseMart,110.0,1.75,1141.52,Silver,2,US,PulseMart,member27470@example.com,false,false
M20239,5,2024-10-20,2025-12-06,206,412,1495.36,299.07,2617.0,0,3,1,PulseEats,103.0,2.0,1324.77,Silver,2,SG,PulseEats,member20239@example.com,false,false
M31628,6,2024-10-29,2025-11-05,237,372,1610.66,268.44,2819.0,0,2,1,PulseEats,74.4,3.19,1580.35,Gold,3,US,PulseEats,member31628@example.com,false,false
M28439,4,2024-07-14,2025-08-11,323,393,1082.52,270.63,2165.0,0,3,1,PulseHome,131.0,2.47,1005.39,Silver,2,SG,PulseHome,member28439@example.com,false,false
M16782,6,2024-07-25,2025-12-15,197,508,1536.14,256.02,2688.0,0,3,1,PulseEats,101.6,1.94,1103.72,Platinum,4,SG,PulseEats,member16782@example.com,false,false
M19371,6,2024-07-12,2025-09-10,293,425,1830.49,305.08,3204.0,0,3,1,PulseEats,85.0,3.45,1572.07,Platinum,4,US,PulseEats,member19371@example.com,false,false
M38342,6,2024-08-20,2025-12-03,209,470,1830.08,305.01,3203.0,0,3,1,PulseEats,94.0,2.22,1421.23,Bronze,1,IN,PulseEats,member38342@example.com,false,false
M26243,5,2024-10-06,2025-10-18,255,377,1523.24,304.65,2665.0,0,3,1,PulseEats,94.3,2.71,1474.75,Bronze,1,SG,PulseEats,member26243@example.com,false,false
M01540,7,2023-05-26,2025-07-31,334,797,262.79,37.54,525.0,0,3,1,PulseHome,132.8,2.51,120.35,Silver,2,US,PulseHome,member01540@example.com,false,false
M11657,5,2023-07-16,2025-08-27,307,773,387.09,77.42,890.0,0,3,1,PulseMart,193.3,1.59,182.78,Gold,3,IN,PulseMart,member11657@example.com,false,false
M04383,8,2024-11-09,2026-03-01,121,477,481.15,60.14,712.0,2,3,2,PulseEats,68.1,1.78,368.18,Gold,3,IN,PulseEats,member04383@example.com,false,false
M08080,5,2023-06-12,2025-07-10,355,759,308.45,61.69,709.0,0,3,1,PulseMart,189.8,1.87,148.33,Bronze,1,US,PulseMart,member08080@example.com,false,false
M02672,8,2024-06-26,2025-12-29,183,551,613.47,76.68,868.0,2,3,2,PulseEats,78.7,2.32,406.38,Bronze,1,US,PulseEats,member02672@example.com,false,false
M00326,7,2023-10-03,2025-07-27,338,663,362.87,51.84,734.0,1,3,2,PulseMart,110.5,3.06,199.77,Bronze,1,IN,PulseMart,member00326@example.com,false,false
M00381,7,2023-03-05,2025-10-12,261,952,575.84,82.26,1084.0,0,2,2,PulseEats,158.7,1.64,220.78,Silver,2,IN,PulseEats,member00381@example.com,false,false
M00569,7,2023-10-21,2025-09-14,289,694,597.05,85.29,995.0,1,2,1,PulseEats,115.7,2.5,314.01,Bronze,1,AE,PulseEats,member00569@example.com,false,false
M00617,8,2024-03-15,2025-12-14,198,639,443.1,55.39,882.0,0,2,3,PulseHome,91.3,2.17,253.1,Gold,3,US,PulseHome,member00617@example.com,false,false
M00630,7,2023-02-09,2025-08-16,318,919,453.83,64.83,1043.0,0,3,1,PulseMart,153.2,2.08,180.25,Bronze,1,GB,PulseMart,member00630@example.com,false,false
M00662,4,2023-07-13,2025-04-09,447,636,282.8,70.7,651.0,0,3,1,PulseMart,212.0,2.11,162.3,Silver,2,SG,PulseMart,member00662@example.com,false,false
M00740,5,2022-10-11,2025-02-03,512,846,257.62,51.52,451.0,0,3,1,PulseEats,211.5,2.42,111.15,Bronze,1,US,PulseEats,member00740@example.com,false,false
M00877,4,2022-12-18,2025-03-22,465,825,100.98,25.25,191.0,0,3,2,PulseEats,275.0,1.69,44.68,Gold,3,GB,PulseEats,member00877@example.com,false,false
M00880,5,2023-03-16,2025-01-31,515,687,389.46,77.89,896.0,0,3,1,PulseMart,171.8,3.0,206.92,Bronze,1,IN,PulseMart,member00880@example.com,false,false
M01269,7,2022-04-29,2025-08-14,320,1203,366.11,52.3,646.0,1,2,1,PulseHome,200.5,1.6,111.08,Platinum,4,US,PulseHome,member01269@example.com,false,false
M01508,7,2024-02-17,2025-11-24,218,646,710.61,101.52,1090.0,3,3,1,PulseHome,107.7,2.02,401.51,Gold,3,US,PulseHome,member01508@example.com,false,false
M01689,7,2021-04-20,2025-05-06,420,1477,508.28,72.61,858.0,1,3,2,PulseEats,246.2,1.71,125.61,Platinum,4,IN,PulseEats,member01689@example.com,false,false
M02234,6,2022-11-14,2025-04-11,445,879,353.12,58.85,588.0,1,3,1,PulseEats,175.8,2.53,146.63,Gold,3,US,PulseEats,member02234@example.com,false,false
M02488,4,2023-10-04,2025-02-07,508,492,198.96,49.74,458.0,0,2,1,PulseMart,164.0,3.1,147.6,Platinum,4,US,PulseMart,member02488@example.com,false,false
M02701,7,2021-09-26,2025-02-17,498,1240,443.88,63.41,1004.0,0,3,2,PulseMart,206.7,2.41,130.66,Silver,2,IN,PulseMart,member02701@example.com,false,false
M02827,4,2023-11-09,2025-07-08,357,607,291.36,72.84,509.0,0,3,1,PulseEats,202.3,1.76,175.2,Silver,2,GB,PulseEats,member02827@example.com,false,false
M02963,4,2023-11-14,2025-04-17,439,520,358.02,89.51,773.0,1,2,1,PulseMart,173.3,2.53,251.3,Bronze,1,IN,PulseMart,member02963@example.com,false,false
M02988,4,2024-02-18,2025-02-22,493,370,151.97,37.99,263.0,1,3,1,PulseHome,123.3,4.0,149.92,Silver,2,SG,PulseHome,member02988@example.com,false,false
M03129,5,2023-03-29,2025-06-25,370,819,420.58,84.12,861.0,1,3,1,PulseMart,204.8,1.81,187.44,Silver,2,IN,PulseMart,member03129@example.com,false,false
M03323,7,2023-01-09,2025-08-21,313,955,449.35,64.19,599.0,4,3,3,PulseEats,159.2,1.97,171.74,Silver,2,AE,PulseEats,member03323@example.com,false,false
M04331,5,2022-02-21,2025-01-15,531,1059,416.13,83.23,678.0,1,3,1,PulseEats,264.8,2.01,143.43,Platinum,4,IN,PulseEats,member04331@example.com,false,false
M04972,5,2024-03-24,2025-11-11,231,597,269.04,53.81,478.0,1,3,1,PulseHome,149.3,1.55,164.49,Bronze,1,IN,PulseHome,member04972@example.com,false,false
M05041,9,2021-09-12,2025-07-14,351,1401,624.32,69.37,1100.0,0,3,2,PulseEats,175.1,2.0,162.65,Silver,2,IN,PulseEats,member05041@example.com,false,false
M05227,4,2024-03-13,2025-06-30,365,474,282.94,70.74,435.0,2,2,1,PulseMart,158.0,2.31,217.88,Silver,2,IN,PulseMart,member05227@example.com,false,false
M05319,7,2024-01-14,2025-08-26,308,590,343.94,49.13,602.0,1,2,1,PulseHome,98.3,3.13,212.78,Silver,2,IN,PulseHome,member05319@example.com,false,false
M05522,5,2022-06-08,2025-01-21,525,958,378.07,75.61,464.0,4,2,1,PulseHome,239.5,2.19,144.05,Silver,2,US,PulseHome,member05522@example.com,false,false
M05628,7,2022-12-11,2025-07-10,355,942,560.62,80.09,1220.0,0,3,2,PulseMart,157.0,2.26,217.23,Bronze,1,SG,PulseMart,member05628@example.com,false,false
M05855,6,2023-10-19,2025-09-20,283,702,394.46,65.74,612.0,2,2,2,PulseHome,140.4,2.02,205.1,Platinum,4,IN,PulseHome,member05855@example.com,false,false
M06000,4,2022-12-06,2025-03-22,465,837,490.67,122.67,1128.0,0,2,1,PulseMart,279.0,1.67,213.97,Bronze,1,SG,PulseMart,member06000@example.com,false,false
M06029,4,2024-02-11,2025-09-02,301,569,326.36,81.59,472.0,1,2,1,PulseEats,189.7,1.59,209.35,Silver,2,US,PulseEats,member06029@example.com,false,false
M06541,7,2023-02-08,2025-09-27,276,962,297.41,42.49,485.0,2,3,2,PulseHome,160.3,1.72,112.84,Bronze,1,US,PulseHome,member06541@example.com,false,false
M06723,5,2024-05-23,2025-09-29,274,494,362.24,72.45,756.0,1,3,1,PulseMart,123.5,2.22,267.65,Gold,3,IN,PulseMart,member06723@example.com,false,false
M06902,5,2024-05-20,2025-11-12,230,541,260.62,52.12,382.0,1,3,1,PulseEats,135.3,1.7,175.83,Bronze,1,AE,PulseEats,member06902@example.com,false,false
M06987,5,2024-07-31,2025-09-22,281,418,224.91,44.98,255.0,2,3,1,PulseMart,104.5,2.69,196.39,Bronze,1,IN,PulseMart,member06987@example.com,false,false
M07147,5,2023-12-01,2025-08-18,316,626,340.51,68.1,591.0,1,3,1,PulseHome,156.5,2.02,198.54,Bronze,1,US,PulseHome,member07147@example.com,false,false
M07587,5,2023-09-03,2025-07-12,353,678,416.53,83.31,714.0,2,3,2,PulseEats,169.5,2.08,224.24,Gold,3,IN,PulseEats,member07587@example.com,false,false
M07820,10,2022-07-11,2025-10-03,270,1180,643.14,64.31,1151.0,1,3,2,PulseHome,131.1,2.06,198.94,Gold,3,GB,PulseHome,member07820@example.com,false,false
M08102,9,2022-02-18,2025-01-30,516,1077,560.75,62.31,1174.0,1,2,2,PulseMart,134.6,3.83,190.04,Bronze,1,SG,PulseMart,member08102@example.com,false,false
M09086,6,2022-11-19,2025-06-01,394,925,573.8,95.63,987.0,2,3,3,PulseHome,185.0,2.13,226.42,Gold,3,US,PulseHome,member09086@example.com,false,false
M09094,7,2022-08-04,2025-06-19,376,1050,373.73,53.39,748.0,0,3,1,PulseHome,175.0,2.15,129.92,Silver,2,IN,PulseHome,member09094@example.com,false,false
M09127,5,2024-09-06,2025-10-12,261,401,608.55,121.71,865.0,1,3,1,PulseEats,100.3,2.6,553.92,Silver,2,IN,PulseEats,member09127@example.com,false,false
M09297,5,2023-05-09,2025-04-18,438,710,406.34,81.27,854.0,0,2,3,PulseMart,177.5,2.47,208.89,Bronze,1,IN,PulseMart,member09297@example.com,false,false
M09369,6,2021-12-03,2025-05-14,412,1258,524.18,87.36,1131.0,0,3,2,PulseMart,251.6,1.64,152.09,Bronze,1,AE,PulseMart,member09369@example.com,false,false
M09460,8,2022-09-06,2025-02-11,504,889,405.32,50.67,933.0,0,3,1,PulseMart,127.0,3.97,166.41,Gold,3,IN,PulseMart,member09460@example.com,false,false
M09558,9,2022-09-21,2025-06-17,378,1000,606.36,67.37,1203.0,0,3,2,PulseHome,125.0,3.02,221.32,Silver,2,IN,PulseHome,member09558@example.com,false,false
M09563,6,2024-01-26,2025-10-12,261,625,463.01,77.17,660.0,2,3,1,PulseEats,125.0,2.09,270.4,Platinum,4,IN,PulseEats,member09563@example.com,false,false
M10515,5,2023-11-02,2025-10-08,265,706,222.76,44.55,296.0,2,3,1,PulseEats,176.5,1.5,115.17,Bronze,1,US,PulseEats,member10515@example.com,false,false
M10524,7,2022-02-06,2025-07-16,349,1256,423.57,60.51,975.0,0,3,1,PulseMart,209.3,1.67,123.09,Platinum,4,SG,PulseMart,member10524@example.com,false,false
M10600,6,2023-03-13,2025-08-31,303,902,367.7,61.28,736.0,0,3,1,PulseHome,180.4,1.68,148.79,Platinum,4,US,PulseHome,member10600@example.com,false,false
M10825,7,2024-10-17,2026-02-06,144,477,416.13,59.45,906.0,1,3,1,PulseMart,79.5,1.81,318.42,Bronze,1,AE,PulseMart,member10825@example.com,false,false
M11390,5,2025-01-17,2026-01-20,161,368,508.95,101.79,906.0,0,3,2,PulseEats,92.0,1.75,504.8,Silver,2,AE,PulseEats,member11390@example.com,false,false
M11443,5,2022-10-20,2025-04-04,452,897,301.46,60.29,516.0,1,3,2,PulseEats,224.3,2.02,122.67,Silver,2,US,PulseEats,member11443@example.com,false,false
M11705,5,2023-03-31,2025-07-14,351,836,263.78,52.76,411.0,1,3,1,PulseEats,209.0,1.68,115.17,Bronze,1,US,PulseEats,member11705@example.com,false,false
M12323,5,2022-08-22,2025-04-16,440,968,321.23,64.25,714.0,0,2,2,PulseMart,242.0,1.82,121.12,Bronze,1,IN,PulseMart,member12323@example.com,false,false
M12516,7,2022-09-14,2025-09-11,292,1093,311.98,44.57,554.0,0,3,2,PulseEats,182.2,1.6,104.18,Bronze,1,IN,PulseEats,member12516@example.com,false,false
M12555,7,2024-05-24,2025-12-08,204,563,386.57,55.22,676.0,0,3,1,PulseEats,93.8,2.17,250.62,Silver,2,IN,PulseEats,member12555@example.com,false,false
M12676,7,2022-08-07,2025-07-16,349,1074,331.93,47.42,724.0,0,3,3,PulseMart,179.0,1.95,112.81,Gold,3,IN,PulseMart,member12676@example.com,false,false
M12712,4,2023-09-21,2025-07-04,361,652,378.54,94.64,721.0,2,3,1,PulseMart,217.3,1.66,211.91,Bronze,1,IN,PulseMart,member12712@example.com,false,false
M12725,4,2024-09-18,2025-10-16,257,393,259.5,64.88,453.0,0,3,1,PulseEats,131.0,1.96,241.01,Silver,2,GB,PulseEats,member12725@example.com,false,false
M12827,4,2024-07-17,2025-09-12,291,422,168.64,42.16,292.0,1,3,1,PulseHome,140.7,2.07,145.86,Bronze,1,US,PulseHome,member12827@example.com,false,false
M13039,5,2022-02-19,2025-04-18,438,1154,435.27,87.05,871.0,0,3,1,PulseHome,288.5,1.52,137.67,Bronze,1,IN,PulseHome,member13039@example.com,false,false
M13569,5,2023-10-12,2025-10-01,272,720,257.87,51.57,492.0,0,2,2,PulseEats,180.0,1.51,130.73,Bronze,1,US,PulseEats,member13569@example.com,false,false
M14171,6,2021-10-13,2025-02-16,499,1222,415.88,69.31,742.0,0,3,2,PulseEats,244.4,2.04,124.22,Silver,2,IN,PulseEats,member14171@example.com,false,false
M14177,5,2023-05-25,2025-06-10,385,747,255.8,51.16,303.0,1,2,2,PulseHome,186.8,2.06,124.99,Bronze,1,US,PulseHome,member14177@example.com,false,false
M14467,7,2023-11-06,2025-10-06,267,700,575.81,82.26,1002.0,2,3,1,PulseHome,116.7,2.29,300.24,Bronze,1,IN,PulseHome,member14467@example.com,false,false
M14606,6,2024-07-19,2025-12-14,198,513,326.5,54.42,571.0,2,3,3,PulseMart,102.6,1.93,232.31,Silver,2,US,PulseMart,member14606@example.com,false,false
M14705,4,2023-12-26,2025-03-11,476,441,242.24,60.56,460.0,1,2,2,PulseHome,147.0,3.24,200.49,Silver,2,IN,PulseHome,member14705@example.com,false,false
M14895,5,2024-11-23,2025-12-24,188,396,285.06,57.01,413.0,1,3,1,PulseEats,99.0,1.9,262.74,Bronze,1,IN,PulseEats,member14895@example.com,false,false
M15413,8,2024-02-28,2025-12-13,199,654,582.56,72.82,949.0,3,3,2,PulseMart,93.4,2.13,325.13,Silver,2,US,PulseMart,member15413@example.com,false,false
M15439,6,2024-09-09,2025-11-20,222,437,387.28,64.55,745.0,1,3,2,PulseHome,87.4,2.54,323.47,Silver,2,IN,PulseHome,member15439@example.com,false,false
M15703,7,2023-04-14,2025-09-15,288,885,336.49,48.07,624.0,2,3,1,PulseMart,147.5,1.95,138.78,Bronze,1,US,PulseMart,member15703@example.com,false,false
M16188,4,2024-04-15,2025-06-26,369,437,291.45,72.86,670.0,0,2,1,PulseMart,145.7,2.53,243.43,Bronze,1,GB,PulseMart,member16188@example.com,false,false
M16215,4,2022-08-22,2025-02-24,491,917,246.77,61.69,493.0,0,2,1,PulseHome,305.7,1.61,98.22,Bronze,1,IN,PulseHome,member16215@example.com,false,false
M16312,4,2023-03-13,2025-05-11,415,790,168.55,42.14,337.0,0,2,1,PulseHome,263.3,1.58,77.87,Silver,2,IN,PulseHome,member16312@example.com,false,false
M16740,9,2024-12-05,2026-01-14,167,405,462.15,51.35,882.0,3,2,2,PulseMart,50.6,3.3,416.51,Silver,2,IN,PulseMart,member16740@example.com,false,false
M16946,9,2021-11-19,2025-08-03,331,1353,514.23,57.14,949.0,1,3,3,PulseHome,169.1,1.96,138.72,Silver,2,US,PulseHome,member16946@example.com,false,false
M17128,5,2024-10-15,2025-11-19,223,400,303.56,60.71,526.0,1,2,2,PulseHome,100.0,2.23,277.0,Gold,3,US,PulseHome,member17128@example.com,false,false
M17228,4,2023-12-15,2025-03-10,477,451,262.89,65.72,460.0,0,3,1,PulseEats,150.3,3.17,212.76,Silver,2,AE,PulseEats,member17228@example.com,false,false
M17426,6,2023-03-04,2025-03-22,465,749,317.57,52.93,567.0,1,3,1,PulseHome,149.8,3.1,154.76,Silver,2,US,PulseHome,member17426@example.com,false,false
M17786,5,2023-09-22,2025-05-13,413,599,363.66,72.73,727.0,0,3,1,PulseHome,149.8,2.76,221.6,Bronze,1,IN,PulseHome,member17786@example.com,false,false
M17883,5,2024-07-15,2025-09-26,277,438,381.93,76.39,668.0,0,3,1,PulseEats,109.5,2.53,318.28,Silver,2,US,PulseEats,member17883@example.com,false,false
M17886,5,2022-03-25,2025-03-24,463,1095,313.49,62.7,722.0,0,2,1,PulseMart,273.8,1.69,104.5,Bronze,1,US,PulseMart,member17886@example.com,false,false
M17888,4,2024-09-04,2025-11-01,241,423,217.95,54.49,294.0,2,3,1,PulseMart,141.0,1.71,188.07,Platinum,4,US,PulseMart,member17888@example.com,false,false
M17908,5,2023-02-03,2025-06-27,368,875,396.03,79.21,714.0,1,3,1,PulseHome,218.8,1.68,165.2,Gold,3,US,PulseHome,member17908@example.com,false,false
M17993,6,2023-11-15,2025-08-12,322,636,317.81,52.97,555.0,0,3,1,PulseEats,127.2,2.53,182.39,Silver,2,AE,PulseEats,member17993@example.com,false,false
M18191,5,2022-06-16,2025-05-22,404,1071,233.11,46.62,339.0,1,2,1,PulseEats,267.8,1.51,79.44,Gold,3,IN,PulseEats,member18191@example.com,false,false
M18265,5,2021-09-20,2025-02-22,493,1251,385.93,77.19,789.0,0,2,3,PulseMart,312.8,1.58,112.6,Bronze,1,GB,PulseHome,member18265@example.com,false,false
M18794,4,2024-07-16,2025-10-12,261,453,277.94,69.49,437.0,1,3,1,PulseEats,151.0,1.73,223.95,Bronze,1,US,PulseEats,member18794@example.com,false,false
M18860,8,2022-01-09,2025-06-13,382,1251,418.01,52.25,604.0,3,3,1,PulseHome,178.7,2.14,121.96,Silver,2,US,PulseHome,member18860@example.com,false,false
M19055,5,2022-11-19,2025-05-31,395,924,292.48,58.5,511.0,0,3,1,PulseEats,231.0,1.71,115.54,Bronze,1,US,PulseEats,member19055@example.com,false,false
M19065,4,2023-12-10,2025-01-24,522,411,160.39,40.1,155.0,3,2,2,PulseEats,137.0,3.81,142.44,Bronze,1,GB,PulseEats,member19065@example.com,false,false
M19278,4,2023-08-22,2025-04-25,431,612,164.22,41.06,225.0,1,3,2,PulseEats,204.0,2.11,97.94,Silver,2,GB,PulseEats,member19278@example.com,false,false
M19317,4,2022-12-06,2025-03-31,456,846,287.16,71.79,445.0,1,2,3,PulseHome,282.0,1.62,123.89,Bronze,1,US,PulseHome,member19317@example.com,false,false
M19359,6,2024-05-29,2025-08-29,305,457,462.43,77.07,959.0,1,2,2,PulseMart,91.4,3.34,369.34,Bronze,1,US,PulseMart,member19359@example.com,false,false
M19480,7,2021-08-08,2025-05-12,414,1373,344.69,49.24,503.0,2,3,1,PulseEats,228.8,1.81,91.63,Bronze,1,US,PulseEats,member19480@example.com,false,false
M19748,5,2024-03-05,2025-10-11,262,585,461.99,92.4,614.0,2,2,2,PulseEats,146.3,1.79,288.25,Silver,2,IN,PulseEats,member19748@example.com,false,false
M19809,5,2023-09-25,2025-03-15,472,537,577.66,115.53,1011.0,0,3,1,PulseEats,134.3,3.52,392.64,Silver,2,US,PulseEats,member19809@example.com,false,false
M19994,5,2024-02-17,2025-10-15,258,606,322.9,64.58,475.0,3,3,2,PulseMart,151.5,1.7,194.49,Gold,3,US,PulseMart,member19994@example.com,false,false
M20874,6,2022-08-04,2025-01-17,529,897,335.93,55.99,526.0,1,3,1,PulseHome,179.4,2.95,136.69,Silver,2,AE,PulseHome,member20874@example.com,false,false
M20948,4,2024-08-17,2025-09-20,283,399,198.36,49.59,239.0,1,2,1,PulseHome,133.0,2.13,181.46,Bronze,1,SG,PulseHome,member20948@example.com,false,false
M20956,7,2022-09-30,2025-08-08,326,1043,357.76,51.11,485.0,1,2,1,PulseEats,173.8,1.88,125.2,Silver,2,IN,PulseEats,member20956@example.com,false,false
M21021,8,2023-01-16,2025-08-04,330,931,414.61,51.83,787.0,1,3,3,PulseMart,133.0,2.48,162.55,Bronze,1,IN,PulseMart,member21021@example.com,false,false
M21569,4,2024-05-25,2025-06-28,367,399,216.59,54.15,424.0,0,3,2,PulseHome,133.0,2.76,198.13,Silver,2,IN,PulseHome,member21569@example.com,false,false
M21602,6,2021-11-26,2025-04-03,453,1224,342.1,57.02,570.0,1,3,2,PulseHome,244.8,1.85,102.02,Gold,3,GB,PulseHome,member21602@example.com,false,false
M21708,6,2024-07-13,2025-11-30,212,505,308.44,51.41,616.0,0,2,1,PulseHome,101.0,2.1,222.93,Gold,3,AE,PulseHome,member21708@example.com,false,false
M22160,4,2023-04-21,2025-04-18,438,728,256.12,64.03,512.0,0,3,1,PulseHome,242.7,1.8,128.41,Gold,3,US,PulseHome,member22160@example.com,false,false
M22520,4,2024-03-22,2025-09-09,294,536,192.26,48.07,340.0,1,3,3,PulseMart,178.7,1.65,130.92,Bronze,1,IN,PulseMart,member22520@example.com,false,false
M22760,6,2024-08-02,2025-12-21,191,506,438.32,73.05,776.0,1,3,1,PulseHome,101.2,1.89,316.18,Bronze,1,US,PulseHome,member22760@example.com,false,false
M22844,6,2023-12-22,2025-08-15,319,602,261.95,43.66,502.0,1,3,1,PulseMart,120.4,2.65,158.82,Silver,2,US,PulseMart,member22844@example.com,false,false
M23245,6,2022-10-03,2025-06-17,378,988,434.0,72.33,659.0,1,3,1,PulseEats,197.6,1.91,160.33,Bronze,1,US,PulseEats,member23245@example.com,false,false
M23436,8,2023-01-22,2025-08-18,316,939,639.2,79.9,1040.0,1,3,2,PulseHome,134.1,2.36,248.46,Bronze,1,SG,PulseHome,member23436@example.com,false,false
M23482,4,2023-05-28,2025-06-03,392,737,310.76,77.69,513.0,1,3,1,PulseMart,245.7,1.6,153.9,Gold,3,IN,PulseMart,member23482@example.com,false,false
M23727,6,2023-06-10,2025-08-06,328,788,319.04,53.17,493.0,2,3,2,PulseHome,157.6,2.08,147.78,Platinum,4,IN,PulseHome,member23727@example.com,false,false
M23903,6,2022-01-21,2025-04-26,430,1191,350.71,58.45,668.0,2,2,2,PulseMart,238.2,1.81,107.48,Silver,2,US,PulseMart,member23903@example.com,false,false
M24047,5,2022-01-03,2025-03-10,477,1162,204.27,40.85,325.0,1,2,2,PulseEats,290.5,1.64,64.16,Bronze,1,US,PulseEats,member24047@example.com,false,false
M24267,5,2023-06-28,2025-03-06,481,617,297.46,59.49,553.0,0,2,2,PulseEats,154.3,3.12,175.97,Gold,3,US,PulseEats,member24267@example.com,false,false
M24290,7,2024-09-04,2025-12-09,203,461,332.48,47.5,470.0,2,3,1,PulseHome,76.8,2.64,263.24,Silver,2,IN,PulseHome,member24290@example.com,false,false
M24319,8,2021-07-28,2025-07-23,342,1456,468.96,58.62,571.0,2,3,1,PulseEats,208.0,1.64,117.56,Silver,2,GB,PulseEats,member24319@example.com,false,false
M24821,7,2023-04-08,2025-09-08,295,884,454.26,64.89,745.0,2,3,1,PulseMart,147.3,2.0,187.56,Silver,2,US,PulseMart,member24821@example.com,false,false
M25238,4,2024-09-17,2025-11-13,229,422,280.53,70.13,369.0,2,3,1,PulseHome,140.7,1.63,242.64,Bronze,1,GB,PulseHome,member25238@example.com,false,false
M25301,4,2024-03-30,2025-08-10,324,498,253.65,63.41,583.0,0,3,1,PulseMart,166.0,1.95,185.91,Silver,2,IN,PulseMart,member25301@example.com,false,false
M25370,6,2022-05-18,2025-02-21,494,1010,552.77,92.13,994.0,0,3,2,PulseEats,202.0,2.45,199.76,Silver,2,US,PulseEats,member25370@example.com,false,false
M25552,4,2024-04-28,2025-06-26,369,424,497.36,124.34,670.0,2,2,1,PulseEats,141.3,2.61,428.15,Platinum,4,IN,PulseEats,member25552@example.com,false,false
M25635,7,2022-12-31,2025-06-17,378,899,546.38,78.05,894.0,1,3,1,PulseEats,149.8,2.52,221.83,Bronze,1,IN,PulseEats,member25635@example.com,false,false
M26037,6,2023-09-16,2025-07-29,336,682,300.14,50.02,540.0,1,3,1,PulseMart,136.4,2.46,160.63,Silver,2,IN,PulseMart,member26037@example.com,false,false
M26071,8,2023-10-26,2025-07-29,336,642,531.41,66.43,783.0,2,3,1,PulseEats,91.7,3.66,302.13,Platinum,4,US,PulseEats,member26071@example.com,false,false
M26098,4,2024-10-07,2025-11-30,212,419,237.0,59.25,460.0,0,2,2,PulseHome,139.7,1.52,206.46,Bronze,1,GB,PulseHome,member26098@example.com,false,false
M26229,7,2024-07-08,2025-11-26,216,506,601.53,85.93,932.0,1,3,1,PulseEats,84.3,2.56,433.91,Bronze,1,IN,PulseEats,member26229@example.com,false,false
M26360,6,2023-07-11,2025-04-02,454,631,341.4,56.9,497.0,2,3,1,PulseMart,126.2,3.6,197.48,Bronze,1,SG,PulseMart,member26360@example.com,false,false
M26397,8,2022-11-04,2025-08-27,307,1027,327.61,40.95,471.0,3,3,3,PulseHome,146.7,2.09,116.43,Silver,2,US,PulseHome,member26397@example.com,false,false
M26522,7,2024-05-31,2025-11-27,215,545,498.69,71.24,873.0,0,3,1,PulseEats,90.8,2.37,333.99,Silver,2,GB,PulseEats,member26522@example.com,false,false
M26758,5,2024-03-03,2025-09-24,279,570,404.38,80.88,592.0,1,3,2,PulseEats,142.5,1.96,258.95,Silver,2,GB,PulseEats,member26758@example.com,false,false
M26759,4,2023-09-26,2025-05-31,395,613,217.3,54.33,388.0,1,3,1,PulseHome,204.3,1.93,129.39,Gold,3,US,PulseHome,member26759@example.com,false,false
M27059,6,2022-04-19,2025-06-17,378,1155,288.94,48.16,506.0,0,3,1,PulseEats,231.0,1.64,91.31,Bronze,1,IN,PulseEats,member27059@example.com,false,false
M27429,9,2022-07-13,2025-07-08,357,1091,525.11,58.35,1050.0,0,3,1,PulseHome,136.4,2.62,175.68,Bronze,1,IN,PulseHome,member27429@example.com,false,false
M27780,5,2021-11-09,2025-03-14,473,1221,333.07,66.61,666.0,0,3,1,PulseHome,305.3,1.55,99.57,Bronze,1,IN,PulseHome,member27780@example.com,false,false
M27819,7,2024-09-30,2026-02-14,136,502,416.05,59.44,908.0,1,3,1,PulseMart,83.7,1.63,302.51,Bronze,1,SG,PulseMart,member27819@example.com,false,false
M28072,4,2024-09-25,2025-11-23,219,424,181.11,45.28,390.0,0,3,2,PulseMart,141.3,1.55,155.91,Bronze,1,US,PulseMart,member28072@example.com,false,false
M28129,5,2024-09-07,2025-12-25,187,474,158.54,31.71,235.0,1,3,3,PulseEats,118.5,1.58,122.08,Bronze,1,IN,PulseEats,member28129@example.com,false,false
M28282,4,2023-08-25,2025-02-17,498,542,242.84,60.71,342.0,2,2,2,PulseEats,180.7,2.76,163.54,Silver,2,IN,PulseEats,member28282@example.com,false,false
M28372,6,2023-04-15,2025-09-09,294,878,424.46,70.74,976.0,0,3,1,PulseMart,175.6,1.67,176.46,Bronze,1,US,PulseMart,member28372@example.com,false,false
M28523,6,2024-10-10,2025-12-03,209,419,265.98,44.33,440.0,2,2,1,PulseHome,83.8,2.49,231.7,Gold,3,US,PulseHome,member28523@example.com,false,false
M28695,5,2024-01-24,2025-05-08,418,470,293.77,58.75,573.0,0,3,2,PulseHome,117.5,3.56,228.14,Gold,3,AE,PulseHome,member28695@example.com,false,false
M28741,4,2024-01-08,2025-03-03,484,420,353.72,88.43,708.0,0,3,1,PulseHome,140.0,3.46,307.4,Bronze,1,US,PulseHome,member28741@example.com,false,false
M28967,5,2023-05-01,2025-03-14,473,683,404.0,80.8,680.0,2,3,1,PulseMart,170.8,2.77,215.9,Bronze,1,US,PulseMart,member28967@example.com,false,false
M29108,6,2022-12-31,2025-06-01,394,883,444.2,74.03,777.0,0,3,1,PulseEats,176.6,2.23,183.62,Bronze,1,US,PulseEats,member29108@example.com,false,false
M29839,5,2024-04-09,2025-08-02,332,480,322.9,64.58,743.0,0,3,1,PulseMart,120.0,2.77,245.54,Bronze,1,IN,PulseMart,member29839@example.com,false,false
M29877,8,2025-02-16,2026-02-28,122,377,313.08,39.14,620.0,1,2,1,PulseMart,53.9,2.27,303.11,Platinum,4,US,PulseMart,member29877@example.com,false,false
M29933,5,2024-08-08,2025-12-18,194,497,327.06,65.41,752.0,0,3,1,PulseMart,124.3,1.56,240.19,Gold,3,US,PulseMart,member29933@example.com,false,false
M30518,7,2023-09-12,2025-07-02,363,659,474.83,67.83,1046.0,0,3,2,PulseMart,109.8,3.31,262.99,Bronze,1,IN,PulseMart,member30518@example.com,false,false
M30569,8,2024-01-12,2025-09-30,273,627,568.92,71.12,937.0,2,3,3,PulseHome,89.6,3.05,331.19,Silver,2,IN,PulseHome,member30569@example.com,false,false
M30684,8,2024-11-05,2025-12-28,184,418,287.5,35.94,319.0,3,2,1,PulseHome,59.7,3.08,251.05,Bronze,1,US,PulseHome,member30684@example.com,false,false
M30731,4,2023-06-23,2025-04-05,451,652,216.17,54.04,302.0,1,2,1,PulseEats,217.3,2.08,121.02,Silver,2,US,PulseEats,member30731@example.com,false,false
M30813,6,2024-10-29,2026-01-16,165,444,282.66,47.11,417.0,2,3,1,PulseEats,88.8,1.86,232.37,Platinum,4,SG,PulseEats,member30813@example.com,false,false
M31546,7,2023-08-29,2025-08-23,311,725,438.85,62.69,778.0,0,3,2,PulseEats,120.8,2.57,220.94,Silver,2,IN,PulseEats,member31546@example.com,false,false
M31660,7,2023-11-09,2025-09-16,287,677,467.82,66.83,793.0,2,3,1,PulseMart,112.8,2.54,252.22,Silver,2,US,PulseMart,member31660@example.com,false,false
M31683,5,2023-04-10,2025-04-15,441,736,291.32,58.26,462.0,2,2,2,PulseHome,184.0,2.4,144.47,Silver,2,GB,PulseHome,member31683@example.com,false,false
M31684,8,2021-06-08,2025-06-29,366,1482,396.2,49.53,850.0,1,3,2,PulseMart,211.7,1.73,97.58,Gold,3,SG,PulseMart,member31684@example.com,false,false
M31723,7,2022-02-22,2025-04-11,445,1144,403.46,57.64,629.0,3,3,2,PulseHome,190.7,2.33,128.73,Bronze,1,AE,PulseHome,member31723@example.com,false,false
M31730,6,2024-01-17,2025-11-10,232,663,470.66,78.44,882.0,1,3,1,PulseMart,132.6,1.75,259.11,Platinum,4,SG,PulseMart,member31730@example.com,false,false
M31865,5,2023-11-02,2025-06-28,367,604,206.96,41.39,417.0,1,3,1,PulseMart,151.0,2.43,125.07,Bronze,1,IN,PulseMart,member31865@example.com,false,false
M32035,4,2024-08-02,2025-09-30,273,424,159.78,39.95,284.0,1,3,1,PulseHome,141.3,1.93,137.55,Gold,3,IN,PulseHome,member32035@example.com,false,false
M32124,6,2024-03-13,2025-09-14,289,550,407.92,67.99,815.0,0,2,1,PulseHome,110.0,2.63,270.71,Bronze,1,SG,PulseHome,member32124@example.com,false,false
M32526,6,2023-11-23,2025-11-15,227,723,351.03,58.51,632.0,0,3,2,PulseEats,144.6,1.57,177.21,Bronze,1,GB,PulseEats,member32526@example.com,false,false
M33384,5,2023-07-14,2025-06-17,378,704,367.31,73.46,678.0,1,3,1,PulseHome,176.0,2.15,190.44,Bronze,1,US,PulseHome,member33384@example.com,false,false
M33656,5,2022-12-10,2025-05-31,395,903,200.31,40.06,398.0,0,3,3,PulseHome,225.8,1.75,80.97,Platinum,4,AE,PulseHome,member33656@example.com,false,false
M33741,6,2022-04-24,2025-02-06,509,1019,319.35,53.22,636.0,1,3,1,PulseMart,203.8,2.5,114.39,Bronze,1,IN,PulseMart,member33741@example.com,false,false
M34060,4,2023-07-22,2025-06-17,378,696,163.64,40.91,113.0,2,3,1,PulseMart,232.0,1.63,85.82,Gold,3,US,PulseMart,member34060@example.com,false,false
M34081,4,2023-07-18,2025-04-29,427,651,320.42,80.11,433.0,2,3,2,PulseEats,217.0,1.97,179.65,Bronze,1,IN,PulseEats,member34081@example.com,false,false
M34094,4,2023-10-29,2025-01-21,525,450,280.37,70.09,391.0,1,2,1,PulseEats,150.0,3.5,227.41,Bronze,1,US,PulseEats,member34094@example.com,false,false
M34501,5,2022-08-30,2025-05-17,409,991,542.73,108.55,1035.0,1,3,1,PulseHome,247.8,1.65,199.9,Silver,2,IN,PulseHome,member34501@example.com,false,false
M35181,5,2024-01-25,2025-08-21,313,574,175.64,35.13,135.0,3,2,1,PulseEats,143.5,2.18,111.69,Silver,2,IN,PulseEats,member35181@example.com,false,false
M35314,5,2023-12-30,2025-08-24,310,603,246.59,49.32,397.0,1,3,2,PulseEats,150.8,2.06,149.26,Bronze,1,US,PulseEats,member35314@example.com,false,false
M35393,5,2023-05-20,2025-06-06,389,748,404.51,80.9,880.0,1,2,1,PulseMart,187.0,2.08,197.39,Silver,2,IN,PulseMart,member35393@example.com,false,false
M36800,6,2023-12-11,2025-09-02,301,631,288.45,48.08,455.0,1,2,1,PulseEats,126.2,2.39,166.85,Silver,2,IN,PulseEats,member36800@example.com,false,false
M36897,6,2023-01-27,2025-08-06,328,922,256.75,42.79,518.0,1,3,2,PulseMart,184.4,1.78,101.64,Bronze,1,IN,PulseMart,member36897@example.com,false,false
M36903,4,2024-10-16,2025-11-22,220,402,315.2,78.8,581.0,2,3,1,PulseMart,134.0,1.64,286.19,Bronze,1,GB,PulseMart,member36903@example.com,false,false
M37269,7,2023-12-14,2025-11-13,229,700,436.29,62.33,1001.0,0,3,1,PulseMart,116.7,1.96,227.49,Bronze,1,US,PulseMart,member37269@example.com,false,false
M37554,6,2023-10-05,2025-08-03,331,668,328.3,54.72,418.0,2,2,1,PulseEats,133.6,2.48,179.39,Bronze,1,IN,PulseEats,member37554@example.com,false,false
M38074,6,2024-04-28,2025-11-30,212,581,399.84,66.64,795.0,1,3,2,PulseHome,116.2,1.82,251.19,Silver,2,AE,PulseHome,member38074@example.com,false,false
M38186,5,2024-04-22,2025-10-28,245,554,310.48,62.1,616.0,0,2,2,PulseHome,138.5,1.77,204.56,Platinum,4,IN,PulseHome,member38186@example.com,false,false
M38190,6,2024-04-10,2025-08-05,329,482,375.16,62.53,711.0,1,2,1,PulseHome,96.4,3.41,284.09,Bronze,1,IN,PulseHome,member38190@example.com,false,false
M38318,7,2022-09-01,2025-02-08,507,891,537.69,76.81,933.0,2,3,1,PulseHome,148.5,3.41,220.27,Gold,3,IN,PulseHome,member38318@example.com,false,false
M38565,5,2022-10-24,2025-05-03,423,922,415.17,83.03,592.0,2,3,2,PulseEats,230.5,1.84,164.36,Bronze,1,IN,PulseEats,member38565@example.com,false,false
M39329,6,2024-10-14,2025-11-10,232,392,367.96,61.33,735.0,0,3,1,PulseHome,78.4,2.96,342.62,Bronze,1,IN,PulseHome,member39329@example.com,false,false
M39518,4,2024-01-02,2025-08-26,308,602,183.17,45.79,333.0,0,2,2,PulseEats,200.7,1.53,111.06,Bronze,1,GB,PulseEats,member39518@example.com,false,false
M39961,5,2023-06-20,2025-05-17,409,697,255.41,51.08,334.0,2,3,3,PulseHome,174.3,2.35,133.75,Silver,2,US,PulseHome,member39961@example.com,false,false
M00214,6,2024-11-22,2025-11-25,217,368,1637.46,272.91,3766.0,0,3,1,PulseMart,73.6,2.95,1624.11,Platinum,4,US,PulseMart,member00214@example.com,false,false
M14380,4,2024-08-23,2025-10-29,244,432,1617.04,404.26,2831.0,0,3,1,PulseEats,144.0,1.69,1366.25,Silver,2,GB,PulseEats,member14380@example.com,false,false
M19405,6,2024-09-16,2025-10-11,262,390,1707.35,284.56,3927.0,0,3,1,PulseMart,78.0,3.36,1597.9,Platinum,4,GB,PulseMart,member19405@example.com,false,false
M24400,6,2024-12-03,2025-12-14,198,376,1375.75,229.29,3164.0,0,3,1,PulseMart,75.2,2.63,1335.5,Bronze,1,GB,PulseMart,member24400@example.com,false,false
M06451,5,2024-06-24,2025-11-03,239,497,1476.23,295.25,3396.0,0,3,1,PulseMart,124.3,1.92,1084.15,Gold,3,US,PulseMart,member06451@example.com,false,false
M08492,6,2024-09-02,2025-12-21,191,475,1424.07,237.35,2492.0,0,2,1,PulseEats,95.0,2.01,1094.29,Platinum,4,SG,PulseEats,member08492@example.com,false,false
M34498,4,2024-08-04,2025-08-23,311,384,1110.61,277.65,1943.0,0,2,1,PulseEats,128.0,2.43,1055.66,Platinum,4,IN,PulseEats,member34498@example.com,false,false
M00976,5,2024-06-11,2025-07-02,363,386,1572.35,314.47,3617.0,0,3,1,PulseMart,96.5,3.76,1486.81,Silver,2,IN,PulseMart,member00976@example.com,false,false
M00219,6,2024-10-31,2025-11-26,216,391,2267.27,377.88,4535.0,0,2,1,PulseHome,78.2,2.76,2116.51,Bronze,1,IN,PulseHome,member00219@example.com,false,false
M18532,6,2024-06-20,2025-10-06,267,473,1692.22,282.04,3384.0,0,3,1,PulseHome,94.6,2.82,1305.84,Silver,2,US,PulseHome,member18532@example.com,false,false
M32133,4,2024-07-05,2025-07-26,339,386,901.32,225.33,1802.0,0,3,1,PulseHome,128.7,2.63,852.28,Silver,2,AE,PulseHome,member32133@example.com,false,false
M00416,4,2024-10-21,2025-11-15,227,390,1167.27,291.82,2685.0,0,3,1,PulseMart,130.0,1.75,1092.45,Gold,3,IN,PulseMart,member00416@example.com,false,false
M38023,6,2024-10-04,2025-11-23,219,415,1397.18,232.86,3213.0,0,3,1,PulseMart,83.0,2.64,1228.85,Bronze,1,SG,PulseMart,member38023@example.com,false,false
M32063,5,2024-07-11,2025-08-27,307,412,1356.99,271.4,2374.0,0,3,1,PulseEats,103.0,2.98,1202.19,Bronze,1,US,PulseEats,member32063@example.com,false,false
M02725,5,2024-07-13,2025-10-12,261,456,1362.14,272.43,2725.0,0,3,1,PulseHome,114.0,2.29,1090.31,Bronze,1,AE,PulseHome,member02725@example.com,false,false
M05703,4,2023-10-19,2025-06-12,383,602,347.93,86.98,500.0,2,2,2,PulseMart,200.7,1.91,210.95,Platinum,4,IN,PulseMart,member05703@example.com,false,false
M11716,6,2024-09-15,2025-09-24,279,374,371.47,61.91,649.0,1,2,1,PulseHome,74.8,3.73,362.53,Silver,2,US,PulseHome,member11716@example.com,false,false
M01723,7,2023-01-04,2025-09-10,293,980,493.82,70.55,758.0,2,3,1,PulseEats,163.3,1.79,183.92,Bronze,1,SG,PulseEats,member01723@example.com,false,false
M00576,8,2024-09-05,2026-02-06,144,519,427.35,53.42,869.0,0,3,3,PulseHome,74.1,1.94,300.54,Silver,2,US,PulseHome,member00576@example.com,false,false
M00968,9,2024-02-09,2026-02-05,145,727,521.37,57.93,911.0,2,3,2,PulseHome,90.9,1.6,261.76,Bronze,1,IN,PulseHome,member00968@example.com,false,false
M01109,5,2023-05-19,2025-07-23,342,796,316.89,63.38,464.0,2,3,1,PulseEats,199.0,1.72,145.31,Bronze,1,US,PulseEats,member01109@example.com,false,false
M01208,5,2024-04-05,2025-10-07,266,550,222.43,44.49,315.0,1,3,1,PulseEats,137.5,1.93,147.61,Platinum,4,IN,PulseEats,member01208@example.com,false,false
M01383,5,2022-03-28,2025-04-25,431,1124,240.85,48.17,554.0,0,3,1,PulseMart,281.0,1.53,78.21,Silver,2,SG,PulseMart,member01383@example.com,false,false
M01495,5,2024-10-01,2025-10-28,245,392,188.78,37.76,322.0,1,3,3,PulseHome,98.0,2.5,175.78,Bronze,1,AE,PulseHome,member01495@example.com,false,false
M01703,5,2023-01-01,2025-07-09,356,920,299.17,59.83,598.0,0,3,1,PulseHome,230.0,1.55,118.69,Silver,2,US,PulseHome,member01703@example.com,false,false
M01789,6,2022-03-29,2025-04-25,431,1123,401.85,66.98,754.0,1,3,1,PulseHome,224.6,1.92,130.61,Bronze,1,IN,PulseHome,member01789@example.com,false,false
M01988,6,2024-02-07,2025-09-24,279,595,338.32,56.39,553.0,2,3,1,PulseMart,119.0,2.34,207.54,Silver,2,IN,PulseMart,member01988@example.com,false,false
M02241,8,2022-10-14,2025-10-21,252,1103,441.61,55.2,596.0,3,3,2,PulseHome,157.6,1.6,146.14,Silver,2,AE,PulseHome,member02241@example.com,false,false
M02334,11,2024-09-03,2026-01-04,177,488,901.23,81.93,1661.0,3,3,1,PulseHome,48.8,3.63,674.08,Gold,3,SG,PulseHome,member02334@example.com,false,false
M02601,5,2022-09-10,2025-01-26,520,869,532.98,106.6,1127.0,1,2,1,PulseMart,217.3,2.39,223.86,Silver,2,US,PulseMart,member02601@example.com,false,false
M02687,5,2022-12-22,2025-01-08,538,748,269.34,53.87,437.0,1,2,2,PulseEats,187.0,2.88,131.43,Bronze,1,SG,PulseEats,member02687@example.com,false,false
M02850,6,2023-12-17,2025-07-09,356,570,461.35,76.89,922.0,0,3,1,PulseHome,114.0,3.12,295.43,Silver,2,GB,PulseHome,member02850@example.com,false,false
M02853,4,2023-10-14,2025-04-17,439,551,173.41,43.35,348.0,0,2,1,PulseHome,183.7,2.39,114.87,Gold,3,IN,PulseHome,member02853@example.com,false,false
M02940,6,2023-11-02,2025-10-28,245,726,313.19,52.2,409.0,1,3,2,PulseEats,145.2,1.69,157.46,Gold,3,US,PulseEats,member02940@example.com,false,false
M03041,4,2023-10-28,2025-06-23,372,604,266.11,66.53,466.0,0,3,1,PulseEats,201.3,1.85,160.81,Gold,3,US,PulseEats,member03041@example.com,false,false
M03180,7,2021-09-27,2025-04-09,447,1290,398.74,56.96,590.0,2,2,3,PulseEats,215.0,2.08,112.82,Gold,3,IN,PulseEats,member03180@example.com,false,false
M04064,5,2023-05-12,2025-06-12,383,762,346.93,69.39,644.0,1,3,1,PulseHome,190.5,2.01,166.18,Bronze,1,GB,PulseHome,member04064@example.com,false,false
M04212,7,2022-06-01,2025-04-02,454,1036,562.26,80.32,1034.0,1,3,2,PulseHome,172.7,2.63,198.09,Bronze,1,IN,PulseHome,member04212@example.com,false,false
M04465,4,2023-05-15,2025-05-13,413,729,285.17,71.29,655.0,0,2,1,PulseMart,243.0,1.7,142.78,Bronze,1,SG,PulseMart,member04465@example.com,false,false
M04878,4,2024-04-10,2025-08-22,312,499,212.63,53.16,293.0,1,3,1,PulseHome,166.3,1.88,155.53,Gold,3,US,PulseHome,member04878@example.com,false,false
M04970,5,2025-01-17,2026-02-04,146,383,338.3,67.66,535.0,3,3,2,PulseHome,95.8,1.52,322.4,Bronze,1,US,PulseHome,member04970@example.com,false,false
M04975,4,2024-09-04,2025-11-13,229,435,175.06,43.77,223.0,1,3,2,PulseEats,145.0,1.58,146.89,Bronze,1,IN,PulseEats,member04975@example.com,false,false
M05002,6,2024-01-18,2025-11-28,214,680,443.64,73.94,799.0,2,3,2,PulseMart,136.0,1.57,238.13,Silver,2,IN,PulseMart,member05002@example.com,false,false
M05183,6,2022-12-28,2025-06-09,386,894,303.85,50.64,598.0,0,2,2,PulseHome,178.8,2.16,124.06,Bronze,1,US,PulseHome,member05183@example.com,false,false
M05371,8,2024-10-10,2026-02-20,130,498,629.93,78.74,1428.0,0,3,2,PulseMart,71.1,1.83,461.7,Silver,2,IN,PulseMart,member05371@example.com,false,false
M05382,8,2023-04-15,2025-08-11,323,849,533.31,66.66,1201.0,0,3,2,PulseMart,121.3,2.66,229.28,Bronze,1,GB,PulseMart,member05382@example.com,false,false
M05993,5,2023-09-21,2025-07-16,349,664,173.2,34.64,240.0,1,3,1,PulseEats,166.0,2.1,95.21,Platinum,4,US,PulseEats,member05993@example.com,false,false
M06013,5,2023-02-13,2025-06-08,387,846,251.95,50.39,441.0,0,3,1,PulseEats,211.5,1.83,108.7,Gold,3,IN,PulseEats,member06013@example.com,false,false
M06055,6,2024-12-13,2026-02-19,131,433,488.07,81.35,863.0,1,3,1,PulseHome,86.6,1.51,411.42,Bronze,1,IN,PulseHome,member06055@example.com,false,false
M06193,8,2022-09-02,2025-05-09,417,980,547.26,68.41,933.0,2,2,2,PulseHome,140.0,2.98,203.83,Silver,2,IN,PulseHome,member06193@example.com,false,false
M06421,8,2024-08-22,2026-01-19,162,515,575.71,71.96,871.0,2,3,2,PulseEats,73.6,2.2,408.03,Platinum,4,AE,PulseEats,member06421@example.com,false,false
M06807,4,2024-04-04,2025-10-01,272,545,248.03,62.01,252.0,1,2,2,PulseEats,181.7,1.5,166.11,Bronze,1,IN,PulseEats,member06807@example.com,false,false
M06937,7,2022-01-29,2025-06-23,372,1241,385.82,55.12,605.0,2,3,1,PulseHome,206.8,1.8,113.48,Bronze,1,US,PulseHome,member06937@example.com,false,false
M07087,7,2024-12-31,2026-01-31,150,396,511.73,73.1,894.0,0,3,1,PulseEats,66.0,2.27,471.67,Gold,3,US,PulseEats,member07087@example.com,false,false
M07221,7,2023-05-02,2025-07-30,335,820,440.2,62.89,721.0,2,3,2,PulseHome,136.7,2.45,195.94,Gold,3,US,PulseHome,member07221@example.com,false,false
M07498,4,2024-04-15,2025-08-18,316,490,188.26,47.07,338.0,0,3,2,PulseEats,163.3,1.93,140.23,Bronze,1,GB,PulseEats,member07498@example.com,false,false
M07507,6,2024-07-26,2025-12-06,206,498,425.77,70.96,865.0,0,3,2,PulseHome,99.6,2.07,312.06,Bronze,1,US,PulseHome,member07507@example.com,false,false
M07522,5,2024-06-20,2025-11-08,234,506,300.14,60.03,514.0,1,2,1,PulseHome,126.5,1.85,216.5,Bronze,1,SG,PulseHome,member07522@example.com,false,false
M07942,7,2024-02-27,2025-12-27,185,669,326.41,46.63,654.0,1,2,1,PulseMart,111.5,1.66,178.09,Silver,2,SG,PulseMart,member07942@example.com,false,false
M08003,5,2024-12-03,2025-12-07,205,369,331.99,66.4,310.0,3,3,1,PulseEats,92.3,2.22,328.39,Gold,3,IN,PulseEats,member08003@example.com,false,false
M08963,5,2024-04-28,2025-10-25,248,545,239.69,47.94,471.0,0,3,3,PulseEats,136.3,1.82,160.53,Gold,3,SG,PulseEats,member08963@example.com,false,false
M09228,4,2024-04-26,2025-08-18,316,479,107.37,26.84,185.0,1,3,2,PulseHome,159.7,1.98,81.82,Bronze,1,US,PulseHome,member09228@example.com,false,false
M09476,5,2023-11-19,2025-05-15,411,543,281.85,56.37,565.0,0,3,1,PulseHome,135.8,3.03,189.46,Bronze,1,US,PulseHome,member09476@example.com,false,false
M09589,8,2021-10-28,2025-07-07,358,1348,561.42,70.18,674.0,3,3,3,PulseEats,192.6,1.86,152.02,Gold,3,IN,PulseEats,member09589@example.com,false,false
M10013,7,2023-06-26,2025-06-09,386,714,508.8,72.69,887.0,2,3,2,PulseMart,119.0,3.24,260.1,Bronze,1,SG,PulseMart,member10013@example.com,false,false
M10384,10,2022-09-16,2025-12-11,201,1182,498.94,49.89,1120.0,1,3,1,PulseMart,131.3,1.53,154.07,Silver,2,US,PulseMart,member10384@example.com,false,false
M10401,5,2024-08-12,2025-12-13,199,488,382.03,76.41,749.0,0,2,2,PulseHome,122.0,1.63,285.74,Bronze,1,US,PulseHome,member10401@example.com,false,false
M10575,6,2022-10-14,2025-05-22,404,951,261.58,43.6,438.0,1,3,1,PulseEats,190.2,2.12,100.4,Silver,2,GB,PulseEats,member10575@example.com,false,false
M10582,6,2023-04-25,2025-08-18,316,846,588.14,98.02,996.0,1,3,2,PulseEats,169.2,1.87,253.75,Gold,3,US,PulseEats,member10582@example.com,false,false
M10641,6,2024-05-18,2025-09-13,290,483,398.41,66.4,771.0,2,3,1,PulseMart,96.6,3.0,301.08,Bronze,1,US,PulseMart,member10641@example.com,false,false
M11318,7,2021-10-26,2025-07-16,349,1359,411.16,58.74,827.0,1,3,1,PulseMart,226.5,1.54,110.43,Platinum,4,GB,PulseMart,member11318@example.com,false,false
M11377,5,2023-01-07,2025-02-08,507,763,310.64,62.13,572.0,1,3,1,PulseHome,190.8,2.66,148.6,Bronze,1,US,PulseHome,member11377@example.com,false,false
M11464,9,2022-09-30,2025-09-05,298,1071,358.64,39.85,606.0,1,3,2,PulseEats,133.9,2.23,122.23,Silver,2,AE,PulseEats,member11464@example.com,false,false
M11571,4,2022-12-17,2025-02-27,488,803,189.11,47.28,366.0,0,3,2,PulseHome,267.7,1.82,85.96,Gold,3,US,PulseHome,member11571@example.com,false,false
M11727,6,2023-12-18,2025-11-10,232,693,303.6,50.6,700.0,0,3,1,PulseMart,138.6,1.67,159.9,Bronze,1,US,PulseMart,member11727@example.com,false,false
M11775,5,2024-05-13,2025-09-13,290,488,465.73,93.15,880.0,0,2,2,PulseEats,122.0,2.38,348.34,Platinum,4,US,PulseEats,member11775@example.com,false,false
M11994,6,2024-01-24,2025-11-23,219,669,432.11,72.02,743.0,3,3,1,PulseMart,133.8,1.64,235.76,Silver,2,SG,PulseMart,member11994@example.com,false,false
M12018,6,2023-04-13,2025-03-07,480,694,490.59,81.77,708.0,1,3,1,PulseEats,138.8,3.46,258.02,Gold,3,US,PulseEats,member12018@example.com,false,false
M12028,6,2022-08-23,2025-03-21,466,941,406.01,67.67,711.0,0,2,1,PulseEats,188.2,2.48,157.49,Silver,2,IN,PulseEats,member12028@example.com,false,false
M12135,8,2023-10-20,2025-09-23,280,704,426.03,53.25,768.0,3,3,1,PulseMart,100.6,2.78,220.88,Silver,2,IN,PulseMart,member12135@example.com,false,false
M12188,6,2022-08-09,2025-04-14,442,979,447.06,74.51,766.0,1,3,3,PulseHome,195.8,2.26,166.68,Silver,2,US,PulseHome,member12188@example.com,false,false
M12205,5,2024-11-26,2026-01-19,162,419,294.84,58.97,678.0,0,2,1,PulseMart,104.8,1.55,256.84,Bronze,1,IN,PulseMart,member12205@example.com,false,false
M12379,9,2023-01-19,2025-10-07,266,992,599.49,66.61,1147.0,0,3,2,PulseEats,124.0,2.15,220.58,Silver,2,US,PulseEats,member12379@example.com,false,false
M13165,7,2021-11-19,2025-04-03,453,1231,647.81,92.54,1388.0,1,2,1,PulseMart,205.2,2.21,192.08,Gold,3,US,PulseMart,member13165@example.com,false,false
M13723,9,2022-04-06,2025-09-06,297,1249,453.75,50.42,761.0,1,2,2,PulseEats,156.1,1.9,132.6,Bronze,1,AE,PulseEats,member13723@example.com,false,false
M13927,6,2023-07-22,2025-06-15,380,694,357.47,59.58,821.0,0,2,1,PulseMart,138.8,2.74,188.01,Bronze,1,AE,PulseMart,member13927@example.com,false,false
M14110,7,2023-12-10,2025-09-14,289,644,424.65,60.66,593.0,2,2,1,PulseHome,107.3,2.69,240.68,Silver,2,US,PulseHome,member14110@example.com,false,false
M14301,8,2023-05-29,2025-11-16,226,902,744.74,93.09,1660.0,1,3,1,PulseMart,128.9,1.75,301.36,Gold,3,IN,PulseMart,member14301@example.com,false,false
M14407,5,2024-08-16,2025-09-10,293,390,452.93,90.59,913.0,0,2,2,PulseHome,97.5,3.01,423.9,Bronze,1,SG,PulseHome,member14407@example.com,false,false
M14423,5,2024-06-15,2025-09-20,283,462,142.5,28.5,135.0,2,3,2,PulseEats,115.5,2.45,112.58,Gold,3,SG,PulseEats,member14423@example.com,false,false
M14645,7,2023-11-30,2025-08-07,327,616,448.67,64.1,823.0,1,3,3,PulseMart,102.7,3.19,265.85,Bronze,1,IN,PulseMart,member14645@example.com,false,false
M14782,5,2024-10-31,2025-12-06,206,401,370.73,74.15,591.0,1,3,2,PulseEats,100.3,2.05,337.45,Bronze,1,IN,PulseEats,member14782@example.com,false,false
M14924,5,2023-03-20,2025-04-20,436,762,461.1,92.22,807.0,0,3,1,PulseEats,190.5,2.29,220.87,Gold,3,GB,PulseEats,member14924@example.com,false,false
M14937,5,2023-09-06,2025-07-26,339,689,326.27,65.25,653.0,0,3,1,PulseHome,172.3,1.97,172.84,Bronze,1,IN,PulseHome,member14937@example.com,false,false
M15085,6,2022-07-28,2025-06-21,374,1059,351.12,58.52,661.0,1,3,1,PulseMart,211.8,1.77,121.02,Silver,2,US,PulseMart,member15085@example.com,false,false
M15196,5,2022-04-21,2025-04-04,452,1079,493.14,98.63,936.0,1,3,1,PulseHome,269.8,1.68,166.82,Silver,2,US,PulseHome,member15196@example.com,false,false
M15512,6,2023-10-06,2025-07-12,353,645,362.64,60.44,672.0,0,3,2,PulseEats,129.0,2.74,205.21,Silver,2,GB,PulseEats,member15512@example.com,false,false
M15519,6,2022-01-03,2025-02-12,503,1136,337.96,56.33,677.0,0,3,1,PulseHome,227.2,2.21,108.59,Silver,2,IN,PulseHome,member15519@example.com,false,false
M15524,6,2021-12-01,2025-03-20,467,1205,364.67,60.78,539.0,1,3,1,PulseEats,241.0,1.94,110.46,Bronze,1,US,PulseEats,member15524@example.com,false,false
M15632,4,2024-02-05,2025-09-08,295,581,298.04,74.51,665.0,0,2,2,PulseMart,193.7,1.52,187.24,Silver,2,IN,PulseMart,member15632@example.com,false,false
M15650,5,2024-02-12,2025-06-07,388,481,308.64,61.73,344.0,3,3,1,PulseHome,120.3,3.23,234.21,Bronze,1,AE,PulseHome,member15650@example.com,false,false
M15735,7,2021-09-29,2025-03-13,474,1261,287.56,41.08,483.0,1,3,2,PulseHome,210.2,2.26,83.24,Gold,3,US,PulseHome,member15735@example.com,false,false
M15790,5,2023-06-14,2025-04-17,439,673,221.33,44.27,386.0,0,2,1,PulseEats,168.3,2.61,120.04,Silver,2,IN,PulseEats,member15790@example.com,false,false
M15860,5,2024-11-29,2025-12-29,183,395,503.96,100.79,832.0,1,2,1,PulseEats,98.8,1.85,465.68,Bronze,1,IN,PulseEats,member15860@example.com,false,false
M16070,5,2023-08-26,2025-06-28,367,672,236.82,47.36,365.0,1,3,1,PulseEats,168.0,2.18,128.63,Gold,3,IN,PulseEats,member16070@example.com,false,false
M16629,6,2023-01-10,2025-07-23,342,925,406.07,67.68,812.0,0,3,1,PulseHome,185.0,1.85,160.23,Bronze,1,US,PulseHome,member16629@example.com,false,false
M16781,8,2025-03-08,2026-03-25,97,382,547.82,68.48,954.0,1,3,2,PulseHome,54.6,1.78,523.44,Gold,3,US,PulseHome,member16781@example.com,false,false
M17302,6,2024-04-10,2025-11-15,227,584,372.03,62.01,490.0,2,3,2,PulseEats,116.8,1.94,232.52,Platinum,4,IN,PulseEats,member17302@example.com,false,false
M17395,10,2021-05-14,2025-07-16,349,1524,434.89,43.49,853.0,1,3,2,PulseMart,169.3,2.06,104.16,Gold,3,IN,PulseMart,member17395@example.com,false,false
M17413,6,2022-04-26,2025-06-15,380,1146,640.1,106.68,1122.0,3,3,1,PulseMart,229.2,1.66,203.87,Bronze,1,IN,PulseMart,member17413@example.com,false,false
M18029,9,2022-06-17,2025-08-27,307,1167,472.82,52.54,765.0,2,2,2,PulseHome,145.9,2.1,147.88,Gold,3,US,PulseHome,member18029@example.com,false,false
M18058,6,2023-01-11,2025-02-10,505,761,327.34,54.56,523.0,1,3,1,PulseEats,152.2,3.32,157.0,Bronze,1,IN,PulseEats,member18058@example.com,false,false
M18125,6,2023-05-28,2025-09-18,285,844,315.12,52.52,452.0,1,3,1,PulseEats,168.8,1.69,136.28,Bronze,1,SG,PulseEats,member18125@example.com,false,false
M18146,4,2024-01-14,2025-03-12,475,423,252.67,63.17,442.0,0,2,1,PulseEats,141.0,3.37,218.02,Silver,2,US,PulseEats,member18146@example.com,false,false
M18517,5,2023-08-17,2025-02-21,494,554,202.17,40.43,354.0,0,3,1,PulseEats,138.5,3.57,133.2,Bronze,1,IN,PulseEats,member18517@example.com,false,false
M18705,4,2023-12-24,2025-08-13,321,598,290.19,72.55,618.0,0,2,3,PulseMart,199.3,1.61,177.12,Bronze,1,IN,PulseMart,member18705@example.com,false,false
M18992,9,2023-06-10,2026-01-01,180,936,617.81,68.65,1263.0,1,3,2,PulseMart,117.0,1.54,240.92,Bronze,1,US,PulseMart,member18992@example.com,false,false
M19991,6,2024-02-27,2025-09-28,275,579,403.78,67.3,507.0,1,2,1,PulseEats,115.8,2.37,254.54,Bronze,1,US,PulseEats,member19991@example.com,false,false
M20103,8,2022-02-05,2025-02-26,489,1117,523.0,65.38,1202.0,0,3,1,PulseMart,159.6,3.06,170.9,Gold,3,US,PulseMart,member20103@example.com,false,false
M20204,5,2023-08-26,2025-06-27,368,671,279.73,55.95,410.0,1,2,1,PulseEats,167.8,2.19,152.16,Silver,2,IN,PulseEats,member20204@example.com,false,false
M20388,6,2024-01-13,2025-10-16,257,642,236.05,39.34,359.0,1,3,1,PulseHome,128.4,2.0,134.2,Silver,2,AE,PulseHome,member20388@example.com,false,false
M20745,4,2024-02-29,2025-06-19,376,476,221.27,55.32,406.0,0,2,2,PulseEats,158.7,2.37,169.67,Bronze,1,GB,PulseEats,member20745@example.com,false,false
M21099,6,2024-09-15,2025-12-16,196,457,494.33,82.39,669.0,2,3,1,PulseEats,91.4,2.14,394.81,Silver,2,US,PulseEats,member21099@example.com,false,false
M21272,4,2022-12-03,2025-03-18,469,836,173.16,43.29,330.0,1,2,1,PulseMart,278.7,1.68,75.6,Bronze,1,IN,PulseMart,member21272@example.com,false,false
M21312,4,2024-03-24,2025-07-18,347,481,170.15,42.54,273.0,1,2,1,PulseMart,160.3,2.16,129.12,Bronze,1,US,PulseMart,member21312@example.com,false,false
M21507,8,2024-02-03,2025-11-30,212,666,470.77,58.85,938.0,0,3,3,PulseHome,95.1,2.23,258.0,Silver,2,US,PulseHome,member21507@example.com,false,false
M21588,4,2024-02-15,2025-08-17,317,549,169.91,42.48,340.0,0,1,1,PulseHome,183.0,1.73,112.96,Bronze,1,IN,PulseHome,member21588@example.com,false,false
M21640,5,2024-04-03,2025-11-16,226,592,154.48,30.9,221.0,1,2,1,PulseMart,148.0,1.53,95.25,Bronze,1,SG,PulseMart,member21640@example.com,false,false
M22550,9,2023-07-02,2025-07-18,347,747,733.83,81.54,1548.0,1,3,2,PulseMart,93.4,3.72,358.56,Bronze,1,IN,PulseMart,member22550@example.com,false,false
M22658,9,2021-09-03,2025-06-03,392,1369,512.53,56.95,1078.0,1,3,2,PulseMart,171.1,2.29,136.65,Bronze,1,GB,PulseMart,member22658@example.com,false,false
M22765,5,2024-06-05,2025-11-20,222,533,316.54,63.31,593.0,1,3,2,PulseMart,133.3,1.67,216.77,Bronze,1,IN,PulseMart,member22765@example.com,false,false
M22864,7,2024-12-19,2026-02-01,149,409,328.91,46.99,666.0,1,3,3,PulseMart,68.2,2.19,293.53,Bronze,1,US,PulseMart,member22864@example.com,false,false
M22899,4,2022-12-16,2025-03-30,457,835,300.95,75.24,567.0,0,2,3,PulseEats,278.3,1.64,131.55,Silver,2,AE,PulseEats,member22899@example.com,false,false
M22991,8,2022-09-11,2025-08-13,321,1067,460.35,57.54,614.0,2,3,1,PulseEats,152.4,2.11,157.48,Bronze,1,AE,PulseEats,member22991@example.com,false,false
M23270,4,2023-02-18,2025-04-10,446,782,190.08,47.52,276.0,1,3,1,PulseEats,260.7,1.71,88.72,Bronze,1,IN,PulseEats,member23270@example.com,false,false
M23367,5,2022-11-06,2025-03-07,480,852,190.1,38.02,292.0,1,3,2,PulseEats,213.0,2.25,81.44,Silver,2,US,PulseHome,member23367@example.com,false,false
M23796,6,2022-02-22,2025-06-05,390,1199,229.82,38.3,520.0,0,3,2,PulseMart,239.8,1.63,69.96,Platinum,4,SG,PulseMart,member23796@example.com,false,false
M23898,4,2023-03-04,2025-04-01,455,759,340.59,85.15,669.0,0,3,2,PulseHome,253.0,1.8,163.79,Gold,3,US,PulseHome,member23898@example.com,false,false
M23916,5,2023-07-02,2025-06-09,386,708,324.32,64.86,746.0,0,3,1,PulseMart,177.0,2.18,167.2,Bronze,1,AE,PulseMart,member23916@example.com,false,false
M24317,4,2023-06-13,2025-04-05,451,662,443.29,110.82,690.0,1,2,2,PulseEats,220.7,2.04,244.41,Bronze,1,AE,PulseEats,member24317@example.com,false,false
M24404,7,2021-07-29,2025-04-23,433,1364,355.58,50.8,623.0,0,3,1,PulseEats,227.3,1.9,95.15,Bronze,1,AE,PulseEats,member24404@example.com,false,false
M24633,8,2024-10-21,2026-03-12,110,507,715.87,89.48,1361.0,2,3,3,PulseMart,72.4,1.52,515.37,Silver,2,IN,PulseMart,member24633@example.com,false,false
M24835,4,2024-01-06,2025-08-12,322,584,631.12,157.78,907.0,1,2,1,PulseEats,194.7,1.65,394.45,Bronze,1,IN,PulseEats,member24835@example.com,false,false
M25035,11,2023-07-23,2026-01-02,179,894,634.77,57.71,1005.0,3,3,2,PulseHome,89.4,2.0,259.16,Gold,3,AE,PulseHome,member25035@example.com,false,false
M25266,4,2023-07-05,2025-06-06,389,702,230.76,57.69,461.0,0,2,1,PulseHome,234.0,1.66,119.98,Silver,2,US,PulseHome,member25266@example.com,false,false
M25326,6,2023-07-03,2025-10-16,257,836,311.83,51.97,524.0,1,3,1,PulseHome,167.2,1.54,136.15,Bronze,1,IN,PulseHome,member25326@example.com,false,false
M25904,8,2023-04-23,2025-08-31,303,861,567.89,70.99,1037.0,1,3,1,PulseHome,123.0,2.46,240.74,Bronze,1,SG,PulseHome,member25904@example.com,false,false
M26106,5,2023-10-26,2025-04-08,448,530,337.42,67.48,467.0,1,3,1,PulseEats,132.5,3.38,232.37,Platinum,4,US,PulseEats,member26106@example.com,false,false
M26154,5,2024-07-19,2025-10-10,263,448,316.8,63.36,628.0,0,3,2,PulseHome,112.0,2.35,258.11,Platinum,4,IN,PulseHome,member26154@example.com,false,false
M26384,9,2023-05-11,2025-12-13,199,947,606.59,67.4,947.0,2,3,2,PulseEats,118.4,1.68,233.8,Platinum,4,IN,PulseEats,member26384@example.com,false,false
M26897,5,2023-04-13,2025-03-29,458,716,378.93,75.79,743.0,0,3,2,PulseHome,179.0,2.56,193.17,Bronze,1,IN,PulseHome,member26897@example.com,false,false
M27020,5,2024-10-01,2025-11-02,240,397,505.6,101.12,886.0,0,2,1,PulseEats,99.3,2.42,464.85,Bronze,1,SG,PulseEats,member27020@example.com,false,false
M27029,12,2023-09-22,2026-01-24,157,855,571.59,47.63,1233.0,1,3,2,PulseMart,77.7,2.02,244.01,Platinum,4,SG,PulseMart,member27029@example.com,false,false
M27850,5,2024-01-15,2025-09-10,293,604,302.49,60.5,627.0,0,2,2,PulseHome,151.0,1.94,182.8,Gold,3,IN,PulseHome,member27850@example.com,false,false
M28122,8,2022-05-10,2025-01-20,526,986,509.95,63.74,760.0,2,3,3,PulseEats,140.9,3.73,188.77,Gold,3,IN,PulseEats,member28122@example.com,false,false
M28202,5,2022-09-27,2025-06-11,384,988,330.75,66.15,586.0,0,3,2,PulseEats,247.0,1.55,122.19,Platinum,4,AE,PulseEats,member28202@example.com,false,false
M28241,4,2023-12-05,2025-03-31,456,482,302.52,75.63,409.0,2,3,1,PulseMart,160.7,2.84,229.09,Bronze,1,IN,PulseMart,member28241@example.com,false,false
M28331,5,2023-12-15,2025-09-15,288,640,338.46,67.69,591.0,0,3,1,PulseEats,160.0,1.8,193.03,Gold,3,IN,PulseEats,member28331@example.com,false,false
M28521,4,2024-09-06,2025-10-19,254,408,296.9,74.22,557.0,0,3,2,PulseEats,136.0,1.87,265.61,Bronze,1,IN,PulseHome,member28521@example.com,false,false
M28543,5,2024-08-02,2025-10-22,251,446,268.74,53.75,526.0,0,3,2,PulseHome,111.5,2.25,219.93,Bronze,1,AE,PulseHome,member28543@example.com,false,false
M28696,9,2021-12-13,2025-10-11,262,1398,451.5,50.17,691.0,1,3,1,PulseEats,174.8,1.5,117.88,Bronze,1,SG,PulseEats,member28696@example.com,false,false
M28700,4,2024-01-24,2025-02-24,491,397,603.56,150.89,1056.0,0,3,1,PulseEats,132.3,3.71,554.91,Bronze,1,US,PulseEats,member28700@example.com,false,false
M28892,5,2023-12-18,2025-07-07,358,567,224.41,44.88,449.0,0,3,1,PulseHome,141.8,2.53,144.46,Silver,2,AE,PulseHome,member28892@example.com,false,false
M29053,4,2024-02-04,2025-05-04,422,455,249.89,62.47,544.0,0,2,2,PulseMart,151.7,2.78,200.46,Silver,2,IN,PulseMart,member29053@example.com,false,false
M29115,5,2023-05-23,2025-07-06,359,775,313.69,62.74,578.0,1,3,1,PulseHome,193.8,1.85,147.74,Platinum,4,IN,PulseHome,member29115@example.com,false,false
M29156,5,2023-09-15,2025-04-16,440,579,289.97,57.99,580.0,0,3,1,PulseHome,144.8,3.04,182.8,Bronze,1,GB,PulseHome,member29156@example.com,false,false
M29837,5,2022-01-27,2025-01-10,536,1079,239.76,47.95,552.0,0,3,1,PulseMart,269.8,1.99,81.11,Bronze,1,US,PulseMart,member29837@example.com,false,false
M30034,5,2024-06-29,2025-08-05,329,402,286.05,57.21,500.0,0,3,1,PulseEats,100.5,3.27,259.72,Bronze,1,SG,PulseEats,member30034@example.com,false,false
M30484,5,2022-11-19,2025-04-11,445,874,219.83,43.97,402.0,1,3,3,PulseEats,218.5,2.04,91.81,Bronze,1,IN,PulseEats,member30484@example.com,false,false
M30890,5,2022-12-11,2025-06-22,373,924,258.0,51.6,317.0,2,3,1,PulseEats,231.0,1.61,101.92,Silver,2,US,PulseEats,member30890@example.com,false,false
M31315,4,2023-12-26,2025-06-13,382,535,260.95,65.24,457.0,0,3,1,PulseEats,178.3,2.14,178.03,Silver,2,IN,PulseEats,member31315@example.com,false,false
M31536,4,2024-06-16,2025-07-16,349,395,227.29,56.82,373.0,1,3,2,PulseHome,131.7,2.65,210.03,Gold,3,SG,PulseHome,member31536@example.com,false,false
M31576,4,2022-09-01,2025-02-04,511,887,192.61,48.15,252.0,2,3,1,PulseMart,295.7,1.73,79.26,Bronze,1,US,PulseMart,member31576@example.com,false,false
M31608,4,2022-07-31,2025-01-24,522,908,207.22,51.81,295.0,1,2,1,PulseEats,302.7,1.72,83.3,Bronze,1,US,PulseEats,member31608@example.com,false,false
M31879,4,2022-09-29,2025-01-28,518,852,195.77,48.94,326.0,1,2,1,PulseHome,284.0,1.82,83.87,Gold,3,US,PulseHome,member31879@example.com,false,false
M33081,4,2024-07-26,2025-08-14,320,384,244.21,61.05,504.0,1,2,2,PulseMart,128.0,2.5,232.13,Silver,2,SG,PulseMart,member33081@example.com,false,false
M33730,7,2022-08-24,2025-09-01,302,1104,357.22,51.03,634.0,1,3,1,PulseHome,184.0,1.64,118.1,Gold,3,US,PulseHome,member33730@example.com,false,false
M34102,5,2022-05-27,2025-05-08,418,1077,287.34,57.47,502.0,0,2,1,PulseEats,269.3,1.55,97.38,Gold,3,US,PulseEats,member34102@example.com,false,false
M34169,5,2024-10-31,2025-12-14,198,409,460.75,92.15,996.0,1,2,1,PulseMart,102.3,1.94,411.18,Gold,3,IN,PulseMart,member34169@example.com,false,false
M34226,4,2023-09-05,2025-05-20,406,623,205.73,51.43,211.0,2,3,1,PulseMart,207.7,1.96,120.53,Bronze,1,US,PulseMart,member34226@example.com,false,false
M34333,5,2024-08-22,2025-10-06,267,410,370.63,74.13,599.0,1,3,1,PulseHome,102.5,2.6,329.95,Gold,3,US,PulseHome,member34333@example.com,false,false
M34456,5,2023-01-29,2025-06-06,389,859,275.61,55.12,339.0,2,3,1,PulseMart,214.8,1.81,117.11,Gold,3,IN,PulseMart,member34456@example.com,false,false
M34615,5,2023-09-08,2025-08-03,331,695,309.61,61.92,333.0,2,2,1,PulseHome,173.8,1.91,162.6,Silver,2,IN,PulseHome,member34615@example.com,false,false
M34777,6,2022-06-08,2025-07-17,348,1135,489.11,81.52,820.0,2,3,2,PulseHome,227.0,1.53,157.29,Silver,2,SG,PulseHome,member34777@example.com,false,false
M34828,5,2022-07-09,2025-02-21,494,958,259.0,51.8,278.0,3,3,1,PulseHome,239.5,2.06,98.68,Bronze,1,US,PulseHome,member34828@example.com,false,false
M34836,7,2023-12-20,2025-08-19,315,608,336.66,48.09,653.0,2,3,2,PulseMart,101.3,3.11,202.11,Bronze,1,IN,PulseMart,member34836@example.com,false,false
M34952,4,2022-09-07,2025-01-28,518,874,337.65,84.41,776.0,0,2,1,PulseMart,291.3,1.78,141.01,Silver,2,US,PulseMart,member34952@example.com,false,false
M35096,7,2021-09-18,2025-04-11,445,1301,486.54,69.51,789.0,3,3,1,PulseMart,216.8,2.05,136.5,Silver,2,US,PulseMart,member35096@example.com,false,false
M35213,6,2022-05-25,2025-03-06,481,1016,308.71,51.45,710.0,0,3,1,PulseMart,203.2,2.37,110.9,Gold,3,AE,PulseMart,member35213@example.com,false,false
M35322,4,2024-04-02,2025-04-02,454,365,266.93,66.73,487.0,1,3,2,PulseHome,121.7,3.73,266.93,Platinum,4,GB,PulseHome,member35322@example.com,false,false
M35367,9,2023-01-17,2025-12-04,208,1052,409.0,45.44,942.0,0,3,1,PulseMart,131.5,1.58,141.91,Bronze,1,AE,PulseMart,member35367@example.com,false,false
M35645,7,2024-11-07,2026-02-05,145,455,461.31,65.9,989.0,1,3,1,PulseMart,75.8,1.91,370.06,Bronze,1,AE,PulseMart,member35645@example.com,false,false
M35809,4,2023-06-28,2025-01-18,528,570,294.56,73.64,468.0,2,2,2,PulseMart,190.0,2.78,188.62,Platinum,4,GB,PulseMart,member35809@example.com,false,false
M36291,4,2023-02-28,2025-03-13,474,744,225.13,56.28,394.0,0,3,1,PulseEats,248.0,1.91,110.45,Bronze,1,SG,PulseEats,member36291@example.com,false,false
M36825,4,2024-07-15,2025-07-27,338,377,211.34,52.84,423.0,0,2,1,PulseHome,125.7,2.69,204.61,Platinum,4,IN,PulseHome,member36825@example.com,false,false
M37190,5,2024-07-28,2025-10-29,244,458,192.05,38.41,324.0,1,3,2,PulseEats,114.5,2.13,153.05,Silver,2,IN,PulseEats,member37190@example.com,false,false
M37238,6,2023-06-12,2025-06-18,377,737,472.65,78.77,945.0,0,3,1,PulseHome,147.4,2.56,234.08,Gold,3,US,PulseHome,member37238@example.com,false,false
M38048,4,2022-11-20,2025-02-11,504,814,265.29,66.32,465.0,1,3,1,PulseHome,271.3,1.86,118.96,Silver,2,SG,PulseHome,member38048@example.com,false,false
M38510,4,2023-10-12,2025-01-28,518,474,259.85,64.96,472.0,1,2,2,PulseEats,158.0,3.28,200.1,Silver,2,SG,PulseEats,member38510@example.com,false,false
M38559,8,2022-09-09,2025-10-11,262,1128,589.19,73.65,1355.0,0,3,1,PulseMart,161.1,1.63,190.65,Bronze,1,IN,PulseMart,member38559@example.com,false,false
M39155,6,2022-11-24,2025-05-09,417,897,364.95,60.83,588.0,1,1,1,PulseEats,179.4,2.32,148.5,Bronze,1,US,PulseEats,member39155@example.com,false,false
M39242,5,2023-05-10,2025-07-03,362,785,343.95,68.79,572.0,1,2,2,PulseEats,196.3,1.84,159.93,Silver,2,IN,PulseEats,member39242@example.com,false,false
M39375,8,2024-07-29,2026-01-18,163,538,433.35,54.17,505.0,3,2,2,PulseEats,76.9,2.12,294.0,Bronze,1,IN,PulseEats,member39375@example.com,false,false
M39466,7,2022-09-04,2025-06-16,379,1016,504.87,72.12,930.0,1,3,2,PulseMart,169.3,2.24,181.38,Silver,2,US,PulseMart,member39466@example.com,false,false
M39614,6,2023-08-06,2025-08-30,304,755,374.15,62.36,825.0,0,3,2,PulseMart,151.0,2.01,180.88,Bronze,1,US,PulseMart,member39614@example.com,false,false
M39639,7,2023-02-15,2025-06-07,388,843,394.74,56.39,813.0,0,3,2,PulseMart,140.5,2.76,170.91,Bronze,1,US,PulseMart,member39639@example.com,false,false
M18825,5,2024-08-26,2025-12-15,197,476,1515.13,303.03,3030.0,0,2,1,PulseHome,119.0,1.66,1161.81,Bronze,1,US,PulseHome,member18825@example.com,false,false
M02580,6,2024-06-21,2025-10-19,254,485,1512.21,252.04,3024.0,0,3,1,PulseHome,97.0,2.62,1138.05,Gold,3,IN,PulseHome,member02580@example.com,false,false
M17058,5,2024-08-03,2025-09-15,288,408,1752.83,350.57,3068.0,0,2,1,PulseEats,102.0,2.82,1568.1,Bronze,1,US,PulseEats,member17058@example.com,false,false
M11297,6,2024-11-16,2025-11-28,214,377,1810.72,301.79,3622.0,0,3,1,PulseHome,75.4,2.84,1753.08,Bronze,1,US,PulseHome,member11297@example.com,false,false
M21277,4,2024-06-10,2025-09-10,293,457,1251.73,312.93,2879.0,0,3,1,PulseMart,152.3,1.92,999.74,Bronze,1,US,PulseMart,member21277@example.com,false,false
M39152,5,2024-12-01,2025-12-08,204,372,1293.61,258.72,2264.0,0,3,1,PulseEats,93.0,2.19,1269.27,Platinum,4,AE,PulseEats,member39152@example.com,false,false
M18677,4,2024-10-05,2025-11-17,225,408,1050.62,262.66,1839.0,0,2,1,PulseEats,136.0,1.65,939.89,Silver,2,US,PulseEats,member18677@example.com,false,false
M23413,6,2024-06-20,2025-11-29,213,527,1894.1,315.68,3789.0,0,3,1,PulseHome,105.4,2.02,1311.85,Bronze,1,GB,PulseHome,member23413@example.com,false,false
M00685,6,2024-06-12,2025-12-14,198,550,1734.66,289.11,3471.0,0,3,1,PulseHome,110.0,1.8,1151.18,Bronze,1,GB,PulseHome,member00685@example.com,false,false
M12799,6,2024-09-08,2025-10-12,261,399,1762.88,293.81,3085.0,0,3,1,PulseEats,79.8,3.27,1612.66,Bronze,1,US,PulseEats,member12799@example.com,false,false
M35493,5,2024-07-06,2025-10-16,257,467,1386.44,277.29,3189.0,0,2,1,PulseMart,116.8,2.2,1083.62,Bronze,1,IN,PulseMart,member35493@example.com,false,false
M12903,6,2024-06-12,2025-09-20,283,465,1937.11,322.85,4455.0,0,3,1,PulseMart,93.0,3.04,1520.53,Bronze,1,US,PulseMart,member12903@example.com,false,false
M13637,6,2024-06-20,2025-11-27,215,525,1528.68,254.78,2675.0,0,3,1,PulseEats,105.0,2.05,1062.8,Bronze,1,AE,PulseEats,member13637@example.com,false,false
M05049,6,2024-07-05,2025-11-20,222,503,1619.06,269.84,3724.0,0,3,1,PulseMart,100.6,2.21,1174.86,Bronze,1,SG,PulseMart,member05049@example.com,false,false
M04091,5,2024-08-29,2025-12-06,206,464,1701.19,340.24,2977.0,0,3,1,PulseEats,116.0,1.78,1338.22,Bronze,1,IN,PulseEats,member04091@example.com,false,false
M19093,4,2024-08-24,2025-08-28,306,369,957.97,239.49,1916.0,0,2,1,PulseHome,123.0,2.49,947.59,Gold,3,IN,PulseHome,member19093@example.com,false,false
M00970,7,2024-09-22,2025-12-27,185,461,621.44,88.78,1036.0,1,3,1,PulseEats,76.8,2.41,492.03,Platinum,4,IN,PulseEats,member00970@example.com,false,false
M00107,8,2022-02-26,2025-09-01,302,1283,839.67,104.96,1842.0,0,3,3,PulseMart,183.3,1.65,238.88,Silver,2,GB,PulseMart,member00107@example.com,false,false
M00324,4,2023-11-01,2025-02-10,505,467,231.29,57.82,523.0,0,2,2,PulseMart,155.7,3.24,180.77,Bronze,1,IN,PulseMart,member00324@example.com,false,false
M00620,6,2022-11-02,2025-07-29,336,1000,431.02,71.84,666.0,2,3,1,PulseEats,200.0,1.68,157.32,Gold,3,US,PulseEats,member00620@example.com,false,false
M01112,5,2023-03-18,2025-03-17,470,730,325.96,65.19,660.0,0,2,2,PulseHome,182.5,2.58,162.98,Bronze,1,US,PulseHome,member01112@example.com,false,false
M01133,7,2024-09-06,2025-12-27,185,477,578.84,82.69,817.0,2,3,2,PulseEats,79.5,2.33,442.93,Bronze,1,IN,PulseEats,member01133@example.com,false,false
M01385,7,2022-07-10,2025-04-20,436,1015,374.23,53.46,760.0,0,2,2,PulseHome,169.2,2.58,134.58,Gold,3,GB,PulseHome,member01385@example.com,false,false
M01770,6,2023-06-06,2025-10-13,260,860,299.5,49.92,689.0,0,3,1,PulseMart,172.0,1.51,127.11,Gold,3,IN,PulseMart,member01770@example.com,false,false
M01941,6,2023-02-09,2025-09-08,295,942,435.73,72.62,755.0,1,2,1,PulseHome,188.4,1.57,168.83,Silver,2,IN,PulseHome,member01941@example.com,false,false
M02077,4,2023-06-08,2025-02-16,499,619,284.09,71.02,654.0,0,2,1,PulseMart,206.3,2.42,167.52,Gold,3,IN,PulseMart,member02077@example.com,false,false
M02464,6,2023-05-15,2025-05-25,401,741,336.24,56.04,509.0,1,3,2,PulseHome,148.2,2.71,165.62,Bronze,1,IN,PulseHome,member02464@example.com,false,false
M02501,5,2022-06-22,2025-01-27,519,950,229.22,45.84,401.0,0,2,1,PulseEats,237.5,2.19,88.07,Bronze,1,IN,PulseEats,member02501@example.com,false,false
M03224,6,2022-11-14,2025-08-06,328,996,256.15,42.69,462.0,1,3,1,PulseHome,199.2,1.65,93.87,Bronze,1,US,PulseHome,member03224@example.com,false,false
M03472,7,2023-09-05,2025-07-26,339,690,363.72,51.96,704.0,1,3,2,PulseMart,115.0,2.95,192.4,Bronze,1,GB,PulseMart,member03472@example.com,false,false
M03533,5,2023-11-03,2025-04-09,447,523,199.42,39.88,146.0,3,3,1,PulseEats,130.8,3.42,139.17,Platinum,4,SG,PulseEats,member03533@example.com,false,false
M03641,5,2024-11-29,2026-01-17,164,414,423.73,84.75,631.0,2,3,2,PulseEats,103.5,1.58,373.58,Silver,2,US,PulseEats,member03641@example.com,false,false
M04117,5,2023-10-29,2025-07-02,363,612,284.26,56.85,216.0,2,3,1,PulseEats,153.0,2.37,169.53,Bronze,1,IN,PulseEats,member04117@example.com,false,false
M04907,4,2024-02-26,2025-03-12,475,380,177.64,44.41,261.0,1,2,1,PulseEats,126.7,3.75,170.63,Silver,2,US,PulseEats,member04907@example.com,false,false
M05022,7,2022-04-13,2025-08-24,310,1229,469.31,67.04,812.0,1,3,2,PulseHome,204.8,1.51,139.38,Bronze,1,SG,PulseHome,member05022@example.com,false,false
M05163,6,2024-10-23,2026-01-06,175,440,643.81,107.3,874.0,3,3,2,PulseHome,88.0,1.99,534.07,Gold,3,IN,PulseHome,member05163@example.com,false,false
M05190,5,2023-12-11,2025-05-02,424,508,317.92,63.58,511.0,1,3,1,PulseEats,127.0,3.34,228.43,Silver,2,SG,PulseEats,member05190@example.com,false,false
M05636,7,2024-04-09,2025-12-01,211,601,494.03,70.58,774.0,3,3,2,PulseMart,100.2,2.11,300.03,Bronze,1,US,PulseMart,member05636@example.com,false,false
M06462,4,2024-04-04,2025-06-22,373,444,308.87,77.22,548.0,2,2,3,PulseMart,148.0,2.52,253.91,Bronze,1,US,PulseMart,member06462@example.com,false,false
M06986,6,2023-01-09,2025-06-04,391,877,560.63,93.44,1078.0,0,2,2,PulseEats,175.4,2.23,233.33,Bronze,1,IN,PulseEats,member06986@example.com,false,false
M07129,5,2024-10-27,2025-12-20,192,419,270.63,54.13,472.0,1,3,3,PulseHome,104.8,1.83,235.75,Silver,2,IN,PulseHome,member07129@example.com,false,false
M07138,5,2022-09-15,2025-03-18,469,915,354.66,70.93,714.0,1,3,1,PulseMart,228.8,2.05,141.48,Gold,3,IN,PulseMart,member07138@example.com,false,false
M07169,7,2023-09-12,2025-08-07,327,695,589.98,84.28,1129.0,1,3,1,PulseHome,115.8,2.82,309.85,Silver,2,GB,PulseHome,member07169@example.com,false,false
M07295,5,2024-12-01,2026-01-06,175,401,213.82,42.76,412.0,1,2,2,PulseMart,100.3,1.75,194.62,Bronze,1,US,PulseMart,member07295@example.com,false,false
M07405,6,2022-02-14,2025-06-07,388,1209,264.21,44.04,366.0,1,2,2,PulseEats,241.8,1.6,79.77,Silver,2,US,PulseEats,member07405@example.com,false,false
M08445,6,2021-11-06,2025-02-10,505,1192,363.76,60.63,560.0,1,2,2,PulseEats,238.4,2.12,111.39,Bronze,1,IN,PulseEats,member08445@example.com,false,false
M08885,6,2024-04-06,2025-11-17,225,590,361.77,60.29,832.0,0,2,1,PulseMart,118.0,1.91,223.81,Silver,2,US,PulseMart,member08885@example.com,false,false
M09006,8,2022-11-20,2025-07-21,344,974,371.02,46.38,732.0,1,3,1,PulseMart,139.1,2.47,139.04,Bronze,1,IN,PulseMart,member09006@example.com,false,false
M09255,4,2023-09-07,2025-06-15,380,647,382.87,95.72,666.0,1,3,1,PulseHome,215.7,1.76,215.99,Bronze,1,US,PulseHome,member09255@example.com,false,false
M09733,4,2023-11-06,2025-06-14,381,586,375.53,93.88,713.0,1,3,1,PulseMart,195.3,1.95,233.91,Bronze,1,SG,PulseMart,member09733@example.com,false,false
M10307,4,2023-03-08,2025-04-03,453,757,230.18,57.55,529.0,0,2,1,PulseMart,252.3,1.8,110.99,Bronze,1,SG,PulseMart,member10307@example.com,false,false
M10346,5,2023-12-04,2025-06-26,369,570,525.33,105.07,819.0,1,3,1,PulseEats,142.5,2.59,336.4,Platinum,4,IN,PulseEats,member10346@example.com,false,false
M10405,4,2023-02-03,2025-04-30,426,817,216.34,54.09,432.0,0,2,1,PulseHome,272.3,1.56,96.65,Bronze,1,IN,PulseHome,member10405@example.com,false,false
M10545,5,2024-08-25,2025-10-18,255,419,283.06,56.61,566.0,0,3,1,PulseHome,104.8,2.43,246.58,Gold,3,AE,PulseHome,member10545@example.com,false,false
M10968,6,2023-10-24,2025-09-12,291,689,531.97,88.66,1158.0,0,2,2,PulseMart,137.8,2.11,281.81,Platinum,4,IN,PulseMart,member10968@example.com,false,false
M11129,6,2024-12-06,2025-12-08,204,367,288.17,48.03,576.0,0,3,1,PulseHome,73.4,2.78,286.6,Gold,3,AE,PulseHome,member11129@example.com,false,false
M11214,4,2023-06-25,2025-06-12,383,718,397.7,99.43,796.0,0,2,3,PulseMart,239.3,1.6,202.17,Bronze,1,AE,PulseMart,member11214@example.com,false,false
M11254,6,2023-07-07,2025-10-12,261,828,209.16,34.86,402.0,1,3,1,PulseMart,165.6,1.58,92.2,Bronze,1,GB,PulseMart,member11254@example.com,false,false
M11506,5,2024-08-10,2025-12-02,210,479,346.36,69.27,693.0,0,3,1,PulseHome,119.8,1.75,263.93,Gold,3,IN,PulseHome,member11506@example.com,false,false
M11551,6,2024-01-29,2025-06-29,366,517,333.56,55.59,383.0,2,3,1,PulseEats,103.4,3.54,235.49,Gold,3,US,PulseEats,member11551@example.com,false,false
M11989,7,2022-05-27,2025-04-06,450,1045,361.71,51.67,820.0,0,3,2,PulseMart,174.2,2.58,126.34,Bronze,1,SG,PulseMart,member11989@example.com,false,false
M12125,8,2022-05-07,2025-05-31,395,1120,458.61,57.33,855.0,1,2,1,PulseMart,160.0,2.47,149.46,Gold,3,IN,PulseMart,member12125@example.com,false,false
M12191,4,2023-10-05,2025-04-21,435,564,164.19,41.05,168.0,2,3,1,PulseMart,188.0,2.31,106.26,Silver,2,US,PulseMart,member12191@example.com,false,false
M12224,4,2024-02-25,2025-07-30,335,521,374.43,93.61,722.0,1,2,1,PulseMart,173.7,1.93,262.32,Platinum,4,IN,PulseMart,member12224@example.com,false,false
M12380,7,2021-08-10,2025-02-17,498,1287,485.36,69.34,633.0,3,3,1,PulseEats,214.5,2.32,137.65,Platinum,4,IN,PulseEats,member12380@example.com,false,false
M12582,6,2022-02-08,2025-06-02,393,1210,427.06,71.18,982.0,0,3,1,PulseMart,242.0,1.62,128.82,Gold,3,AE,PulseMart,member12582@example.com,false,false
M12818,5,2022-05-26,2025-01-27,519,977,368.82,73.76,584.0,1,2,1,PulseEats,244.3,2.12,137.79,Bronze,1,IN,PulseEats,member12818@example.com,false,false
M12849,8,2021-10-25,2025-03-16,471,1238,393.51,49.19,827.0,1,3,2,PulseMart,176.9,2.66,116.02,Bronze,1,IN,PulseMart,member12849@example.com,false,false
M13118,4,2023-11-28,2025-06-21,374,571,266.69,66.67,547.0,0,1,2,PulseMart,190.3,1.96,170.48,Silver,2,IN,PulseMart,member13118@example.com,false,false
M13443,9,2024-07-30,2026-03-07,115,585,477.08,53.01,875.0,0,3,3,PulseEats,73.1,1.57,297.67,Silver,2,IN,PulseEats,member13443@example.com,false,false
M13477,6,2023-04-30,2025-09-09,294,863,333.68,55.61,597.0,0,3,2,PulseEats,172.6,1.7,141.13,Gold,3,US,PulseEats,member13477@example.com,false,false
M13778,5,2022-06-01,2025-01-14,532,958,409.59,81.92,819.0,0,3,1,PulseHome,239.5,2.22,156.05,Platinum,4,SG,PulseHome,member13778@example.com,false,false
M13850,6,2023-08-13,2025-10-06,267,785,342.81,57.13,713.0,1,1,1,PulseMart,157.0,1.7,159.4,Silver,2,IN,PulseMart,member13850@example.com,false,false
M14006,6,2023-08-22,2025-10-04,269,774,542.94,90.49,1249.0,0,3,1,PulseMart,154.8,1.74,256.04,Silver,2,US,PulseMart,member14006@example.com,false,false
M14099,7,2023-03-19,2025-05-18,408,791,263.28,37.61,330.0,3,3,1,PulseHome,131.8,3.09,121.49,Bronze,1,IN,PulseHome,member14099@example.com,false,false
M14454,6,2023-09-03,2025-07-23,342,689,330.51,55.09,656.0,0,2,3,PulseHome,137.8,2.48,175.09,Silver,2,IN,PulseHome,member14454@example.com,false,false
M14601,6,2024-01-24,2025-07-31,334,554,360.46,60.08,829.0,0,2,1,PulseMart,110.8,3.01,237.49,Bronze,1,IN,PulseMart,member14601@example.com,false,false
M14751,7,2022-09-14,2025-09-03,300,1085,459.43,65.63,771.0,1,3,2,PulseEats,180.8,1.66,154.55,Bronze,1,AE,PulseEats,member14751@example.com,false,false
M15360,6,2023-05-18,2025-10-08,265,874,447.61,74.6,848.0,1,3,1,PulseHome,174.8,1.52,186.93,Gold,3,IN,PulseHome,member15360@example.com,false,false
M15710,4,2024-10-19,2025-10-24,249,370,221.61,55.4,460.0,0,3,2,PulseMart,123.3,2.02,218.62,Silver,2,AE,PulseMart,member15710@example.com,false,false
M15750,8,2021-08-28,2025-05-15,411,1356,549.99,68.75,960.0,2,3,3,PulseMart,193.7,2.12,148.04,Bronze,1,US,PulseMart,member15750@example.com,false,false
M16009,6,2023-12-10,2025-08-06,328,605,297.85,49.64,405.0,1,2,1,PulseEats,121.0,2.71,179.69,Silver,2,IN,PulseEats,member16009@example.com,false,false
M16171,4,2023-09-14,2025-03-16,471,549,338.77,84.69,558.0,1,3,1,PulseHome,183.0,2.57,225.23,Bronze,1,IN,PulseHome,member16171@example.com,false,false
M16340,5,2024-09-01,2025-10-10,263,404,189.65,37.93,329.0,1,3,1,PulseHome,101.0,2.6,171.34,Silver,2,US,PulseHome,member16340@example.com,false,false
M16896,4,2022-06-01,2025-01-15,531,959,158.41,39.6,317.0,0,3,1,PulseHome,319.7,1.66,60.29,Gold,3,IN,PulseHome,member16896@example.com,false,false
M16940,5,2023-07-07,2025-04-21,435,654,410.21,82.04,774.0,1,3,2,PulseHome,163.5,2.66,228.94,Silver,2,AE,PulseHome,member16940@example.com,false,false
M17178,5,2024-07-09,2025-07-23,342,379,238.14,47.63,337.0,2,2,1,PulseHome,94.8,3.61,229.34,Bronze,1,GB,PulseHome,member17178@example.com,false,false
M17191,10,2024-05-17,2025-11-22,220,554,688.6,68.86,1115.0,3,3,2,PulseEats,61.6,3.57,453.68,Bronze,1,IN,PulseEats,member17191@example.com,false,false
M17343,5,2024-08-23,2025-11-16,226,450,304.4,60.88,541.0,1,3,2,PulseEats,112.5,2.01,246.9,Bronze,1,US,PulseEats,member17343@example.com,false,false
M17429,7,2022-10-02,2025-09-08,295,1072,316.22,45.17,531.0,2,3,1,PulseHome,178.7,1.65,107.67,Bronze,1,IN,PulseHome,member17429@example.com,false,false
M17556,6,2024-11-29,2025-12-22,190,388,383.7,63.95,649.0,2,3,1,PulseHome,77.6,2.45,360.95,Silver,2,IN,PulseHome,member17556@example.com,false,false
M17636,4,2024-02-24,2025-08-20,314,543,238.09,59.52,476.0,0,3,1,PulseHome,181.0,1.73,160.04,Silver,2,AE,PulseHome,member17636@example.com,false,false
M17645,7,2022-04-22,2025-08-18,316,1214,466.76,66.68,1023.0,1,3,1,PulseMart,202.3,1.56,140.34,Silver,2,AE,PulseMart,member17645@example.com,false,false
M17926,6,2022-09-12,2025-04-11,445,942,672.76,112.13,848.0,3,3,2,PulseHome,188.4,2.36,260.68,Gold,3,IN,PulseHome,member17926@example.com,false,false
M17962,6,2023-03-22,2025-02-26,489,707,302.72,50.45,681.0,0,3,2,PulseMart,141.4,3.46,156.28,Silver,2,IN,PulseMart,member17962@example.com,false,false
M18240,5,2023-10-26,2025-08-29,305,673,322.16,64.43,691.0,1,2,1,PulseMart,168.3,1.81,174.72,Gold,3,AE,PulseMart,member18240@example.com,false,false
M18771,6,2024-05-27,2025-11-07,235,529,399.86,66.64,658.0,1,3,2,PulseEats,105.8,2.22,275.9,Gold,3,US,PulseEats,member18771@example.com,false,false
M18833,4,2023-11-19,2025-08-02,332,622,255.61,63.9,354.0,1,2,1,PulseEats,207.3,1.6,150.0,Silver,2,US,PulseEats,member18833@example.com,false,false
M18886,5,2024-02-22,2025-06-19,376,483,366.3,73.26,528.0,1,2,1,PulseEats,120.8,3.11,276.81,Gold,3,SG,PulseEats,member18886@example.com,false,false
M19013,4,2022-05-11,2025-01-23,523,988,219.04,54.76,393.0,1,2,2,PulseMart,329.3,1.59,80.92,Bronze,1,GB,PulseMart,member19013@example.com,false,false
M19088,5,2024-09-14,2025-11-07,235,419,356.79,71.36,613.0,1,3,2,PulseMart,104.8,2.24,310.81,Silver,2,AE,PulseMart,member19088@example.com,false,false
M19329,6,2021-10-10,2025-03-01,486,1238,708.26,118.04,1040.0,2,3,1,PulseEats,247.6,1.96,208.82,Gold,3,SG,PulseEats,member19329@example.com,false,false
M19465,6,2022-09-16,2025-05-24,402,981,213.08,35.51,372.0,1,3,1,PulseMart,196.2,2.05,79.28,Silver,2,IN,PulseMart,member19465@example.com,false,false
M19632,5,2022-10-22,2025-03-15,472,875,434.9,86.98,900.0,1,3,1,PulseMart,218.8,2.16,181.42,Silver,2,GB,PulseMart,member19632@example.com,false,false
M19974,5,2024-02-15,2025-10-15,258,608,290.63,58.13,571.0,0,3,2,PulseHome,152.0,1.7,174.47,Bronze,1,US,PulseHome,member19974@example.com,false,false
M19986,7,2023-12-06,2025-08-29,305,632,438.08,62.58,876.0,0,3,1,PulseHome,105.3,2.9,253.01,Bronze,1,IN,PulseHome,member19986@example.com,false,false
M20124,6,2022-07-29,2025-03-03,484,948,450.1,75.02,904.0,1,2,2,PulseMart,189.6,2.55,173.3,Gold,3,US,PulseMart,member20124@example.com,false,false
M20226,4,2023-08-21,2025-04-25,431,613,295.82,73.96,631.0,1,3,1,PulseMart,204.3,2.11,176.14,Platinum,4,US,PulseMart,member20226@example.com,false,false
M20356,5,2023-10-16,2025-02-25,490,498,171.06,34.21,368.0,0,3,2,PulseMart,124.5,3.94,125.38,Silver,2,US,PulseMart,member20356@example.com,false,false
M20377,4,2023-03-20,2025-05-06,420,778,151.6,37.9,288.0,0,2,2,PulseEats,259.3,1.62,71.12,Bronze,1,AE,PulseEats,member20377@example.com,false,false
M20883,7,2021-08-30,2025-02-03,512,1253,740.71,105.82,1416.0,1,3,2,PulseHome,208.8,2.45,215.77,Silver,2,US,PulseHome,member20883@example.com,false,false
M21981,6,2022-06-01,2025-01-22,524,966,438.2,73.03,777.0,1,2,1,PulseHome,193.2,2.71,165.57,Silver,2,IN,PulseHome,member21981@example.com,false,false
M22184,5,2023-02-14,2025-01-17,529,703,158.56,31.71,169.0,2,3,2,PulseEats,175.8,3.01,82.32,Silver,2,IN,PulseEats,member22184@example.com,false,false
M22409,6,2024-07-19,2025-10-13,260,451,758.79,126.47,1395.0,1,3,3,PulseHome,90.2,2.88,614.1,Bronze,1,SG,PulseHome,member22409@example.com,false,false
M22661,4,2024-02-18,2025-03-21,466,397,313.85,78.46,722.0,0,3,1,PulseMart,132.3,3.52,288.55,Platinum,4,US,PulseMart,member22661@example.com,false,false
M22688,6,2022-06-13,2025-05-17,409,1069,459.72,76.62,1057.0,0,3,1,PulseMart,213.8,1.91,156.97,Silver,2,GB,PulseMart,member22688@example.com,false,false
M22764,4,2023-08-30,2025-06-05,390,645,154.53,38.63,355.0,0,2,1,PulseMart,215.0,1.81,87.45,Gold,3,AE,PulseMart,member22764@example.com,false,false
M23029,5,2024-04-21,2025-10-22,251,549,532.29,106.46,865.0,1,2,1,PulseHome,137.3,1.83,353.89,Gold,3,SG,PulseHome,member23029@example.com,false,false
M23198,7,2023-12-19,2025-08-05,329,595,536.66,76.67,919.0,1,3,2,PulseEats,99.2,3.32,329.21,Gold,3,IN,PulseEats,member23198@example.com,false,false
M23284,7,2023-01-18,2025-04-08,448,811,466.63,66.66,1075.0,0,3,1,PulseMart,135.2,3.31,210.01,Bronze,1,US,PulseMart,member23284@example.com,false,false
M23755,5,2023-04-30,2025-03-15,472,685,723.68,144.74,1066.0,2,3,1,PulseEats,171.3,2.76,385.61,Gold,3,IN,PulseEats,member23755@example.com,false,false
M23920,4,2024-09-22,2025-10-20,253,393,259.18,64.8,595.0,0,3,1,PulseMart,131.0,1.93,240.71,Bronze,1,IN,PulseMart,member23920@example.com,false,false
M24220,9,2022-04-03,2025-10-27,246,1303,878.96,97.66,1239.0,2,3,1,PulseEats,162.9,1.51,246.22,Gold,3,GB,PulseEats,member24220@example.com,false,false
M24279,4,2024-01-18,2025-06-23,372,522,176.64,44.16,241.0,1,3,2,PulseHome,174.0,2.14,123.51,Platinum,4,US,PulseHome,member24279@example.com,false,false
M24289,5,2022-09-26,2025-06-12,383,990,294.28,58.86,469.0,1,3,2,PulseHome,247.5,1.55,108.5,Silver,2,SG,PulseHome,member24289@example.com,false,false
M24843,5,2023-08-05,2025-04-19,437,623,367.64,73.53,735.0,0,2,1,PulseHome,155.8,2.81,215.39,Silver,2,US,PulseHome,member24843@example.com,false,false
M25109,4,2023-09-20,2025-01-14,532,482,432.81,108.2,866.0,0,2,1,PulseHome,160.7,3.31,327.75,Bronze,1,SG,PulseHome,member25109@example.com,false,false
M25247,4,2024-01-16,2025-07-17,348,548,195.79,48.95,281.0,1,3,1,PulseEats,182.7,1.91,130.41,Silver,2,US,PulseEats,member25247@example.com,false,false
M25543,4,2024-06-23,2025-08-11,323,414,251.54,62.89,578.0,0,2,1,PulseMart,138.0,2.34,221.77,Silver,2,AE,PulseMart,member25543@example.com,false,false
M25764,5,2024-02-07,2025-06-14,381,493,267.31,53.46,485.0,1,3,1,PulseHome,123.3,3.09,197.91,Bronze,1,IN,PulseHome,member25764@example.com,false,false
M25817,7,2023-06-21,2025-08-04,330,775,536.68,76.67,1105.0,1,3,2,PulseMart,129.2,2.55,252.76,Bronze,1,US,PulseMart,member25817@example.com,false,false
M25844,10,2024-02-15,2025-12-22,190,676,592.7,59.27,995.0,2,3,3,PulseHome,75.1,2.53,320.02,Bronze,1,US,PulseHome,member25844@example.com,false,false
M26830,8,2022-01-08,2025-08-23,311,1323,453.92,56.74,1043.0,0,3,1,PulseMart,189.0,1.65,125.23,Silver,2,IN,PulseMart,member26830@example.com,false,false
M26992,4,2023-02-07,2025-04-11,445,794,143.19,35.8,186.0,1,1,1,PulseHome,264.7,1.68,65.82,Bronze,1,AE,PulseHome,member26992@example.com,false,false
M27296,4,2023-11-08,2025-04-12,444,521,351.4,87.85,615.0,0,3,1,PulseEats,173.7,2.56,246.18,Silver,2,US,PulseEats,member27296@example.com,false,false
M27574,4,2023-07-31,2025-06-25,370,695,427.72,106.93,749.0,0,3,1,PulseEats,231.7,1.6,224.63,Gold,3,US,PulseEats,member27574@example.com,false,false
M27710,4,2024-01-17,2025-07-22,343,552,172.99,43.25,348.0,1,2,1,PulseMart,184.0,1.86,114.39,Gold,3,IN,PulseMart,member27710@example.com,false,false
M28098,5,2022-12-22,2025-02-07,508,778,528.88,105.78,875.0,1,2,1,PulseEats,194.5,2.61,248.12,Bronze,1,SG,PulseEats,member28098@example.com,false,false
M28616,4,2023-11-20,2025-06-22,373,580,268.32,67.08,340.0,1,3,2,PulseHome,193.3,1.93,168.86,Silver,2,SG,PulseEats,member28616@example.com,false,false
M28667,6,2024-12-20,2026-02-17,133,424,424.66,70.78,615.0,2,3,2,PulseEats,84.8,1.57,365.57,Gold,3,SG,PulseEats,member28667@example.com,false,false
M28690,4,2022-10-12,2025-02-26,489,868,167.81,41.95,342.0,0,2,3,PulseEats,289.3,1.69,70.57,Silver,2,AE,PulseEats,member28690@example.com,false,false
M29336,6,2023-10-27,2025-11-17,225,752,420.02,70.0,865.0,0,2,2,PulseMart,150.4,1.5,203.87,Gold,3,IN,PulseMart,member29336@example.com,false,false
M29436,5,2023-09-05,2025-08-19,315,714,245.39,49.08,552.0,0,3,2,PulseMart,178.5,1.76,125.44,Silver,2,SG,PulseMart,member29436@example.com,false,false
M29564,6,2022-04-02,2025-03-19,468,1082,415.41,69.24,758.0,1,3,1,PulseHome,216.4,2.16,140.13,Bronze,1,SG,PulseHome,member29564@example.com,false,false
M29613,6,2024-04-06,2025-09-28,275,540,388.44,64.74,663.0,1,3,2,PulseEats,108.0,2.55,262.56,Platinum,4,US,PulseEats,member29613@example.com,false,false
M30291,5,2023-04-26,2025-06-28,367,794,372.86,74.57,719.0,0,3,3,PulseEats,198.5,1.85,171.4,Platinum,4,US,PulseEats,member30291@example.com,false,false
M30428,5,2021-09-26,2025-01-09,537,1201,370.0,74.0,783.0,1,3,2,PulseMart,300.3,1.79,112.45,Gold,3,US,PulseMart,member30428@example.com,false,false
M30440,5,2022-08-31,2025-04-17,439,960,386.77,77.35,767.0,1,3,2,PulseMart,240.0,1.83,147.05,Gold,3,AE,PulseMart,member30440@example.com,false,false
M30492,4,2024-01-11,2025-08-27,307,594,205.16,51.29,269.0,1,3,2,PulseEats,198.0,1.55,126.07,Bronze,1,AE,PulseEats,member30492@example.com,false,false
M30959,7,2023-09-18,2025-08-17,317,699,531.73,75.96,922.0,2,2,2,PulseEats,116.5,2.72,277.66,Bronze,1,IN,PulseEats,member30959@example.com,false,false
M31386,7,2023-04-09,2025-08-01,333,845,336.76,48.11,691.0,1,2,1,PulseMart,140.8,2.36,145.46,Silver,2,IN,PulseMart,member31386@example.com,false,false
M31442,5,2021-09-19,2025-02-27,488,1257,267.38,53.48,353.0,1,2,1,PulseEats,314.3,1.55,77.64,Gold,3,GB,PulseEats,member31442@example.com,false,false
M32527,8,2023-10-17,2025-12-29,183,804,463.49,57.94,770.0,1,3,2,PulseEats,114.9,1.59,210.42,Gold,3,IN,PulseEats,member32527@example.com,false,false
M32872,5,2024-01-15,2025-05-21,405,492,168.51,33.7,295.0,0,3,1,PulseEats,123.0,3.29,125.01,Platinum,4,SG,PulseEats,member32872@example.com,false,false
M32963,6,2021-06-15,2025-01-11,535,1306,406.64,67.77,764.0,1,3,1,PulseHome,261.2,2.05,113.65,Gold,3,US,PulseHome,member32963@example.com,false,false
M32976,6,2024-05-15,2025-11-13,229,547,341.61,56.93,597.0,0,3,1,PulseEats,109.4,2.09,227.95,Bronze,1,IN,PulseEats,member32976@example.com,false,false
M33028,8,2022-11-08,2025-03-30,457,873,445.52,55.69,977.0,0,2,2,PulseMart,124.7,3.66,186.27,Silver,2,IN,PulseMart,member33028@example.com,false,false
M33316,5,2023-08-18,2025-04-30,426,621,407.95,81.59,615.0,1,3,1,PulseEats,155.3,2.74,239.78,Platinum,4,GB,PulseEats,member33316@example.com,false,false
M34132,4,2023-05-13,2025-05-08,418,726,207.05,51.76,413.0,0,3,1,PulseHome,242.0,1.73,104.1,Gold,3,US,PulseHome,member34132@example.com,false,false
M34259,4,2024-03-29,2025-06-12,383,440,236.1,59.03,351.0,1,2,1,PulseEats,146.7,2.61,195.86,Platinum,4,IN,PulseEats,member34259@example.com,false,false
M34466,4,2023-05-06,2025-04-18,438,713,178.81,44.7,358.0,0,3,1,PulseHome,237.7,1.84,91.54,Silver,2,US,PulseHome,member34466@example.com,false,false
M34863,5,2023-03-04,2025-06-14,381,833,336.01,67.2,601.0,1,3,2,PulseHome,208.3,1.83,147.23,Bronze,1,US,PulseHome,member34863@example.com,false,false
M34895,7,2022-02-05,2025-06-07,388,1218,463.04,66.15,864.0,1,3,1,PulseMart,203.0,1.91,138.76,Silver,2,IN,PulseMart,member34895@example.com,false,false
M35220,12,2021-06-05,2025-11-15,227,1624,741.24,61.77,1020.0,3,3,3,PulseEats,147.6,1.54,166.6,Bronze,1,US,PulseEats,member35220@example.com,false,false
M35621,6,2023-12-31,2025-08-19,315,597,314.72,52.45,480.0,1,3,2,PulseMart,119.4,2.64,192.42,Platinum,4,AE,PulseMart,member35621@example.com,false,false
M35646,7,2021-05-24,2025-01-17,529,1334,565.36,80.77,1098.0,2,3,2,PulseMart,222.3,2.38,154.69,Platinum,4,SG,PulseMart,member35646@example.com,false,false
M35806,6,2024-02-21,2025-12-07,205,655,411.18,68.53,946.0,0,3,1,PulseMart,131.0,1.56,229.13,Bronze,1,AE,PulseMart,member35806@example.com,false,false
M36008,6,2022-04-16,2025-06-29,366,1170,264.07,44.01,402.0,3,2,2,PulseMart,234.0,1.56,82.38,Bronze,1,IN,PulseMart,member36008@example.com,false,false
M36609,6,2022-09-29,2025-07-19,346,1024,666.02,111.0,1164.0,0,3,1,PulseEats,204.8,1.69,237.4,Bronze,1,IN,PulseEats,member36609@example.com,false,false
M36695,5,2023-06-30,2025-05-08,418,678,228.43,45.69,356.0,2,3,1,PulseHome,169.5,2.47,122.97,Bronze,1,US,PulseHome,member36695@example.com,false,false
M36870,4,2023-08-22,2025-03-14,473,570,218.21,54.55,272.0,1,3,2,PulseHome,190.0,2.49,139.73,Bronze,1,US,PulseHome,member36870@example.com,false,false
M37019,4,2024-03-12,2025-08-04,330,510,256.49,64.12,513.0,0,2,1,PulseHome,170.0,1.94,183.57,Platinum,4,IN,PulseHome,member37019@example.com,false,false
M37341,4,2024-04-08,2025-09-26,277,536,393.03,98.26,521.0,2,2,2,PulseHome,178.7,1.55,267.64,Silver,2,US,PulseHome,member37341@example.com,false,false
M37434,4,2024-08-12,2025-09-23,280,407,379.96,94.99,664.0,0,3,1,PulseEats,135.7,2.06,340.75,Bronze,1,GB,PulseEats,member37434@example.com,false,false
M37510,8,2024-12-09,2026-03-21,101,467,608.9,76.11,1219.0,0,3,1,PulseHome,66.7,1.51,475.91,Silver,2,US,PulseHome,member37510@example.com,false,false
M37929,9,2022-08-02,2025-06-17,378,1050,794.2,88.24,1391.0,1,3,2,PulseEats,131.3,2.88,276.08,Platinum,4,IN,PulseEats,member37929@example.com,false,false
M37974,5,2024-05-12,2025-10-24,249,530,389.55,77.91,897.0,0,3,1,PulseMart,132.5,1.88,268.27,Silver,2,IN,PulseMart,member37974@example.com,false,false
M38169,5,2023-11-09,2025-07-30,335,629,425.06,85.01,729.0,2,2,1,PulseMart,157.3,2.13,246.66,Gold,3,IN,PulseMart,member38169@example.com,false,false
M38191,8,2023-05-27,2025-08-24,310,820,452.5,56.56,911.0,2,3,1,PulseMart,117.1,2.65,201.42,Gold,3,US,PulseMart,member38191@example.com,false,false
M38333,5,2022-01-25,2025-01-31,515,1102,281.0,56.2,492.0,0,2,1,PulseEats,275.5,1.87,93.07,Silver,2,IN,PulseEats,member38333@example.com,false,false
M38543,6,2024-07-23,2025-12-11,201,506,312.43,52.07,541.0,1,3,1,PulseHome,101.2,1.99,225.37,Gold,3,SG,PulseHome,member38543@example.com,false,false
M39023,5,2022-07-17,2025-05-20,406,1038,241.1,48.22,454.0,1,2,1,PulseMart,259.5,1.56,84.78,Bronze,1,SG,PulseMart,member39023@example.com,false,false
M39374,8,2023-01-14,2025-09-05,298,965,374.58,46.82,639.0,2,2,2,PulseMart,137.9,2.16,141.68,Silver,2,IN,PulseMart,member39374@example.com,false,false
M39401,5,2023-05-10,2025-02-27,488,659,459.64,91.93,858.0,0,3,2,PulseEats,164.8,2.96,254.58,Bronze,1,IN,PulseEats,member39401@example.com,false,false
M39468,5,2024-04-16,2025-08-17,317,488,244.75,48.95,388.0,2,3,2,PulseHome,122.0,2.6,183.06,Bronze,1,US,PulseHome,member39468@example.com,false,false
M39743,10,2022-01-17,2025-10-11,262,1363,613.54,61.35,1162.0,1,3,2,PulseHome,151.4,1.73,164.3,Bronze,1,IN,PulseHome,member39743@example.com,false,false
M39814,8,2021-09-18,2025-08-07,327,1419,533.51,66.69,918.0,2,3,1,PulseHome,202.7,1.61,137.23,Bronze,1,SG,PulseHome,member39814@example.com,false,false
M32675,4,2024-06-07,2025-07-09,356,397,1400.83,350.21,3222.0,0,2,1,PulseMart,132.3,2.69,1287.92,Silver,2,US,PulseMart,member32675@example.com,false,false
M06524,6,2024-06-03,2025-12-28,184,573,1528.01,254.67,3055.0,0,3,1,PulseHome,114.6,1.61,973.34,Gold,3,US,PulseHome,member06524@example.com,false,false
M25267,6,2024-11-19,2025-12-28,184,404,1906.31,317.72,3813.0,0,3,1,PulseHome,80.8,2.28,1722.29,Gold,3,IN,PulseHome,member25267@example.com,false,false
M25179,5,2024-07-26,2025-11-05,237,467,1540.14,308.03,3543.0,0,2,1,PulseMart,116.8,2.03,1203.75,Bronze,1,AE,PulseMart,member25179@example.com,false,false
M37778,6,2024-08-05,2025-10-09,264,430,1369.05,228.18,2737.0,0,3,1,PulseHome,86.0,3.07,1162.1,Bronze,1,AE,PulseHome,member37778@example.com,false,false
M19123,4,2024-10-07,2025-10-16,257,374,1157.77,289.44,2025.0,0,3,1,PulseEats,124.7,2.06,1129.91,Gold,3,AE,PulseEats,member19123@example.com,false,false
M29788,5,2024-07-11,2025-07-29,336,383,1426.91,285.38,2498.0,0,3,1,PulseEats,95.8,3.51,1359.85,Bronze,1,AE,PulseEats,member29788@example.com,false,false
M18896,4,2024-06-10,2025-08-16,318,432,1046.1,261.53,2406.0,0,3,1,PulseMart,144.0,2.21,883.86,Gold,3,US,PulseMart,member18896@example.com,false,false
M35044,5,2024-07-10,2025-08-18,316,404,1653.54,330.71,3803.0,0,3,1,PulseMart,101.0,3.13,1493.92,Silver,2,IN,PulseMart,member35044@example.com,false,false
M04598,6,2024-10-01,2025-12-13,199,438,1896.64,316.11,3318.0,0,3,1,PulseEats,87.6,2.27,1580.53,Bronze,1,IN,PulseEats,member04598@example.com,false,false
M20172,5,2024-06-26,2025-10-02,271,463,1421.28,284.26,2486.0,0,3,1,PulseEats,115.8,2.34,1120.45,Silver,2,GB,PulseEats,member20172@example.com,false,false
M11513,6,2024-11-21,2025-12-11,201,385,1396.8,232.8,2793.0,0,2,1,PulseHome,77.0,2.61,1324.24,Gold,3,IN,PulseHome,member11513@example.com,false,false
M11815,5,2024-08-16,2025-12-13,199,484,1613.95,322.79,3712.0,0,3,1,PulseMart,121.0,1.64,1217.13,Silver,2,US,PulseMart,member11815@example.com,false,false
M18760,5,2024-06-02,2025-08-11,323,435,1370.16,274.03,3151.0,0,3,1,PulseMart,108.8,2.97,1149.67,Bronze,1,IN,PulseMart,member18760@example.com,false,false
M01006,4,2024-09-23,2025-10-27,246,399,1052.9,263.22,2421.0,0,2,1,PulseMart,133.0,1.85,963.18,Platinum,4,IN,PulseMart,member01006@example.com,false,false
M08455,6,2024-08-29,2025-12-05,207,463,1940.99,323.5,3397.0,0,2,1,PulseEats,92.6,2.24,1530.15,Gold,3,US,PulseEats,member08455@example.com,false,false
M03898,5,2024-09-29,2025-11-21,221,418,1778.16,355.63,4090.0,0,3,1,PulseMart,104.5,2.11,1552.7,Bronze,1,IN,PulseMart,member03898@example.com,false,false
M21516,6,2024-09-15,2025-11-28,214,439,1662.75,277.13,3824.0,0,3,1,PulseMart,87.8,2.44,1382.47,Silver,2,US,PulseMart,member21516@example.com,false,false
M10761,5,2024-09-10,2025-09-27,276,382,1725.12,345.02,3451.0,0,3,1,PulseHome,95.5,2.89,1648.35,Bronze,1,SG,PulseHome,member10761@example.com,false,false
M00227,6,2024-06-29,2025-08-11,323,408,1935.21,322.54,3387.0,0,3,1,PulseEats,81.6,3.96,1731.25,Bronze,1,US,PulseEats,member00227@example.com,false,false
M26301,5,2024-06-05,2025-10-11,262,493,1134.56,226.91,1985.0,0,2,1,PulseEats,123.3,2.13,839.99,Gold,3,IN,PulseEats,member26301@example.com,false,false
M22973,6,2024-08-04,2025-10-13,260,435,1717.14,286.19,3949.0,0,3,1,PulseMart,87.0,2.99,1440.82,Platinum,4,AE,PulseMart,member22973@example.com,false,false
M28044,5,2024-06-11,2025-09-27,276,473,1635.28,327.06,3761.0,0,3,1,PulseMart,118.3,2.33,1261.9,Bronze,1,IN,PulseMart,member28044@example.com,false,false
M38157,6,2024-11-18,2025-12-04,208,381,1311.77,218.63,3017.0,0,2,1,PulseMart,76.2,2.73,1256.68,Silver,2,SG,PulseMart,member38157@example.com,false,false
M07329,6,2023-08-18,2025-08-12,322,725,351.07,58.51,807.0,0,2,1,PulseMart,145.0,2.22,176.75,Platinum,4,US,PulseMart,member07329@example.com,false,false
M08658,7,2024-08-08,2026-01-11,170,521,668.89,95.56,1467.0,1,3,2,PulseMart,86.8,1.96,468.61,Silver,2,SG,PulseMart,member08658@example.com,false,false
M10984,6,2024-03-09,2025-09-05,298,545,301.68,50.28,473.0,1,3,2,PulseEats,109.0,2.73,202.04,Silver,2,US,PulseEats,member10984@example.com,false,false
M00845,4,2023-01-26,2025-04-08,448,803,181.77,45.44,268.0,1,2,1,PulseEats,267.7,1.67,82.62,Silver,2,IN,PulseEats,member00845@example.com,false,false
M00850,4,2023-11-15,2025-05-01,425,533,215.69,53.92,378.0,0,2,1,PulseEats,177.7,2.39,147.71,Bronze,1,GB,PulseEats,member00850@example.com,false,false
M02255,4,2023-03-26,2025-03-28,459,733,352.62,88.16,810.0,0,2,1,PulseMart,244.3,1.88,175.59,Gold,3,IN,PulseMart,member02255@example.com,false,false
M02614,4,2023-09-12,2025-05-15,411,611,260.21,65.05,527.0,0,3,2,PulseMart,203.7,2.02,155.44,Bronze,1,IN,PulseMart,member02614@example.com,false,false
M02621,5,2022-11-13,2025-03-09,478,847,239.58,47.92,368.0,1,3,1,PulseHome,211.8,2.26,103.24,Gold,3,IN,PulseHome,member02621@example.com,false,false
M02978,7,2021-08-20,2025-06-24,371,1404,396.79,56.68,772.0,1,3,2,PulseMart,234.0,1.59,103.15,Bronze,1,GB,PulseMart,member02978@example.com,false,false
M03040,10,2024-11-20,2026-03-09,113,474,738.16,73.82,1225.0,3,3,2,PulseMart,52.7,2.15,568.41,Gold,3,AE,PulseMart,member03040@example.com,false,false
M03061,6,2023-11-10,2025-07-15,350,613,387.83,64.64,879.0,0,3,2,PulseMart,122.6,2.85,230.93,Bronze,1,SG,PulseMart,member03061@example.com,false,false
M03158,4,2024-10-25,2025-10-27,246,367,365.42,91.36,648.0,0,3,2,PulseEats,122.3,2.01,363.43,Silver,2,SG,PulseEats,member03158@example.com,false,false
M03700,6,2022-11-22,2025-07-11,354,962,278.15,46.36,488.0,0,3,1,PulseEats,192.4,1.84,105.54,Gold,3,US,PulseEats,member03700@example.com,false,false
M03759,6,2022-10-23,2025-08-08,326,1020,284.02,47.34,496.0,0,2,1,PulseEats,204.0,1.6,101.63,Silver,2,US,PulseEats,member03759@example.com,false,false
M03884,4,2023-03-12,2025-04-25,431,775,242.97,60.74,552.0,0,3,2,PulseMart,258.3,1.67,114.43,Bronze,1,IN,PulseMart,member03884@example.com,false,false
M03960,5,2023-10-01,2025-06-15,380,623,219.64,43.93,504.0,0,3,1,PulseMart,155.8,2.44,128.68,Silver,2,GB,PulseMart,member03960@example.com,false,false
M04027,10,2022-05-23,2025-10-17,256,1243,545.27,54.53,752.0,3,3,2,PulseHome,138.1,1.85,160.12,Bronze,1,IN,PulseHome,member04027@example.com,false,false
M04156,5,2023-05-22,2025-04-25,431,704,343.24,68.65,559.0,2,2,2,PulseMart,176.0,2.45,177.96,Bronze,1,IN,PulseMart,member04156@example.com,false,false
M04316,7,2024-05-31,2026-01-05,176,584,543.32,77.62,1249.0,0,3,1,PulseMart,97.3,1.81,339.58,Gold,3,SG,PulseMart,member04316@example.com,false,false
M04341,5,2023-08-16,2025-08-26,308,741,283.91,56.78,452.0,1,2,1,PulseEats,185.3,1.66,139.85,Silver,2,IN,PulseEats,member04341@example.com,false,false
M04509,7,2023-03-05,2025-09-04,299,914,358.34,51.19,601.0,1,3,2,PulseHome,152.3,1.96,143.1,Bronze,1,IN,PulseHome,member04509@example.com,false,false
M04745,6,2024-08-21,2025-11-11,231,447,400.29,66.71,889.0,0,3,2,PulseMart,89.4,2.58,326.86,Platinum,4,AE,PulseMart,member04745@example.com,false,false
M04845,7,2021-06-22,2025-03-16,471,1363,434.99,62.14,772.0,2,2,2,PulseMart,227.2,2.07,116.49,Gold,3,IN,PulseMart,member04845@example.com,false,false
M04872,5,2024-06-12,2025-07-24,341,407,353.56,70.71,563.0,2,2,1,PulseMart,101.8,3.35,317.07,Bronze,1,IN,PulseMart,member04872@example.com,false,false
M05068,9,2022-05-06,2025-03-30,457,1059,937.34,104.15,1641.0,0,3,1,PulseEats,132.4,3.45,323.07,Bronze,1,IN,PulseEats,member05068@example.com,false,false
M05321,5,2023-07-04,2025-04-05,451,641,246.52,49.3,479.0,0,3,2,PulseHome,160.3,2.81,140.37,Bronze,1,IN,PulseHome,member05321@example.com,false,false
M05543,7,2023-07-09,2025-07-19,346,741,294.24,42.03,675.0,0,3,1,PulseMart,123.5,2.8,144.94,Bronze,1,US,PulseMart,member05543@example.com,false,false
M05579,7,2022-08-25,2025-04-11,445,960,421.58,60.23,859.0,0,3,2,PulseHome,160.0,2.78,160.29,Silver,2,IN,PulseHome,member05579@example.com,false,false
M05644,5,2021-12-18,2025-01-21,525,1130,298.47,59.69,615.0,1,2,1,PulseMart,282.5,1.86,96.41,Silver,2,IN,PulseMart,member05644@example.com,false,false
M05688,7,2024-05-25,2026-01-07,174,592,416.18,59.45,555.0,3,2,1,PulseEats,98.7,1.76,256.6,Bronze,1,IN,PulseEats,member05688@example.com,false,false
M06364,4,2024-06-10,2025-09-22,281,469,233.42,58.36,537.0,0,2,1,PulseMart,156.3,1.8,181.66,Bronze,1,IN,PulseMart,member06364@example.com,false,false
M06648,5,2024-08-02,2025-12-16,196,501,359.33,71.87,791.0,0,3,2,PulseMart,125.3,1.56,261.79,Silver,2,IN,PulseMart,member06648@example.com,false,false
M06674,4,2024-04-19,2025-04-22,434,368,218.56,54.64,382.0,0,3,1,PulseEats,122.7,3.54,216.78,Platinum,4,IN,PulseEats,member06674@example.com,false,false
M06808,7,2022-11-06,2025-07-28,337,995,373.26,53.32,859.0,0,3,1,PulseMart,165.8,2.03,136.92,Silver,2,SG,PulseMart,member06808@example.com,false,false
M06826,6,2023-11-11,2025-08-27,307,655,450.88,75.15,1037.0,0,3,1,PulseMart,131.0,2.34,251.25,Gold,3,IN,PulseMart,member06826@example.com,false,false
M06910,8,2024-08-29,2025-12-27,185,485,440.55,55.07,659.0,2,3,2,PulseEats,69.3,2.67,331.55,Bronze,1,AE,PulseEats,member06910@example.com,false,false
M07287,7,2024-08-14,2026-01-29,152,533,328.25,46.89,653.0,1,3,1,PulseMart,88.8,1.71,224.79,Silver,2,AE,PulseMart,member07287@example.com,false,false
M07665,4,2022-11-28,2025-02-09,506,804,151.87,37.97,249.0,1,2,1,PulseMart,268.0,1.89,68.95,Silver,2,US,PulseMart,member07665@example.com,false,false
M08158,9,2024-10-17,2025-12-07,205,416,631.49,70.17,1089.0,3,3,1,PulseHome,52.0,3.94,554.07,Bronze,1,US,PulseHome,member08158@example.com,false,false
M08212,5,2023-12-29,2025-08-04,330,584,219.41,43.88,438.0,0,2,1,PulseHome,146.0,2.26,137.13,Bronze,1,US,PulseHome,member08212@example.com,false,false
M08280,6,2023-07-28,2025-04-17,439,629,386.64,64.44,772.0,0,3,1,PulseHome,125.8,3.49,224.36,Silver,2,IN,PulseHome,member08280@example.com,false,false
M08297,10,2024-10-19,2026-03-21,101,518,759.09,75.91,880.0,5,3,2,PulseEats,57.6,1.75,534.88,Bronze,1,IN,PulseEats,member08297@example.com,false,false
M08453,4,2022-09-29,2025-03-27,460,910,294.34,73.58,514.0,0,3,1,PulseEats,303.3,1.52,118.06,Gold,3,SG,PulseEats,member08453@example.com,false,false
M08550,5,2022-09-18,2025-02-09,506,875,232.5,46.5,407.0,0,3,1,PulseEats,218.8,2.31,96.99,Gold,3,US,PulseEats,member08550@example.com,false,false
M08774,5,2022-07-13,2025-04-13,443,1005,441.66,88.33,1015.0,0,3,1,PulseMart,251.3,1.76,160.4,Silver,2,US,PulseMart,member08774@example.com,false,false
M08901,6,2022-04-30,2025-05-25,401,1121,484.99,80.83,948.0,0,3,2,PulseHome,224.2,1.79,157.91,Bronze,1,US,PulseHome,member08901@example.com,false,false
M09003,4,2023-05-09,2025-06-12,383,765,257.59,64.4,592.0,0,3,1,PulseMart,255.0,1.5,122.9,Silver,2,US,PulseMart,member09003@example.com,false,false
M09064,6,2023-02-25,2025-06-08,387,834,303.94,50.66,650.0,1,3,1,PulseMart,166.8,2.32,133.02,Silver,2,US,PulseMart,member09064@example.com,false,false
M09112,4,2022-12-05,2025-04-11,445,858,218.09,54.52,501.0,0,2,1,PulseMart,286.0,1.56,92.78,Bronze,1,IN,PulseMart,member09112@example.com,false,false
M09388,5,2023-12-05,2025-08-27,307,631,214.77,42.95,357.0,2,3,2,PulseHome,157.8,1.95,124.23,Silver,2,IN,PulseHome,member09388@example.com,false,false
M09412,5,2023-10-09,2025-05-19,407,588,313.92,62.78,550.0,0,3,1,PulseEats,147.0,2.77,194.87,Bronze,1,IN,PulseEats,member09412@example.com,false,false
M09423,6,2023-12-24,2025-11-20,222,697,504.94,84.16,972.0,2,3,1,PulseMart,139.4,1.59,264.42,Bronze,1,IN,PulseMart,member09423@example.com,false,false
M09481,4,2024-08-18,2025-10-14,259,422,248.8,62.2,519.0,0,3,2,PulseHome,140.7,1.84,215.19,Bronze,1,US,PulseHome,member09481@example.com,false,false
M09560,4,2024-10-09,2025-11-29,213,416,199.95,49.99,460.0,0,3,1,PulseMart,138.7,1.54,175.44,Silver,2,IN,PulseMart,member09560@example.com,false,false
M09718,6,2023-07-15,2025-07-07,358,723,846.1,141.02,1946.0,0,3,1,PulseMart,144.6,2.48,427.15,Bronze,1,US,PulseMart,member09718@example.com,false,false
M09904,5,2024-04-05,2025-08-04,330,486,545.93,109.19,908.0,1,3,2,PulseHome,121.5,2.72,410.01,Bronze,1,IN,PulseHome,member09904@example.com,false,false
M10026,4,2023-11-24,2025-04-07,449,500,192.99,48.25,387.0,0,3,1,PulseHome,166.7,2.69,140.88,Bronze,1,AE,PulseHome,member10026@example.com,false,false
M10168,5,2023-08-11,2025-08-08,326,728,278.56,55.71,422.0,1,3,2,PulseEats,182.0,1.79,139.66,Silver,2,GB,PulseEats,member10168@example.com,false,false
M10218,5,2023-02-05,2025-01-29,517,724,312.72,62.54,395.0,2,2,3,PulseHome,181.0,2.86,157.66,Silver,2,US,PulseHome,member10218@example.com,false,false
M11183,7,2022-06-07,2025-06-02,393,1091,367.23,52.46,636.0,2,3,3,PulseHome,181.8,2.16,122.86,Silver,2,IN,PulseHome,member11183@example.com,false,false
M11666,6,2023-10-16,2025-08-18,316,672,350.99,58.5,602.0,1,2,1,PulseHome,134.4,2.35,190.64,Platinum,4,IN,PulseHome,member11666@example.com,false,false
M11757,6,2024-11-07,2025-11-19,223,377,582.42,97.07,1098.0,1,3,2,PulseHome,75.4,2.96,563.88,Silver,2,US,PulseHome,member11757@example.com,false,false
M11835,4,2023-08-04,2025-02-16,499,562,244.15,61.04,329.0,1,2,1,PulseEats,187.3,2.66,158.57,Silver,2,US,PulseEats,member11835@example.com,false,false
M12020,4,2024-06-07,2025-08-09,325,428,394.47,98.62,741.0,0,2,2,PulseEats,142.7,2.28,336.41,Gold,3,IN,PulseEats,member12020@example.com,false,false
M12313,6,2022-06-24,2025-06-05,390,1077,388.04,64.67,840.0,0,3,2,PulseMart,215.4,1.81,131.51,Silver,2,GB,PulseMart,member12313@example.com,false,false
M12324,5,2024-07-28,2025-09-19,284,418,631.57,126.31,956.0,2,3,2,PulseHome,104.5,2.72,551.49,Bronze,1,IN,PulseHome,member12324@example.com,false,false
M12614,6,2023-11-21,2025-11-06,236,716,333.19,55.53,458.0,2,3,1,PulseHome,143.2,1.65,169.85,Platinum,4,US,PulseHome,member12614@example.com,false,false
M12743,6,2024-05-07,2025-12-18,194,590,235.33,39.22,412.0,0,3,1,PulseEats,118.0,1.64,145.59,Silver,2,AE,PulseEats,member12743@example.com,false,false
M13327,4,2023-05-30,2025-01-27,519,608,384.94,96.24,744.0,1,3,2,PulseMart,202.7,2.56,231.09,Platinum,4,IN,PulseMart,member13327@example.com,false,false
M13510,4,2023-09-11,2025-04-13,443,580,268.42,67.11,618.0,0,2,1,PulseMart,193.3,2.29,168.92,Gold,3,US,PulseMart,member13510@example.com,false,false
M13997,7,2023-04-06,2025-07-26,339,842,542.23,77.46,821.0,3,2,2,PulseMart,140.3,2.42,235.05,Platinum,4,SG,PulseMart,member13997@example.com,false,false
M14035,4,2024-08-23,2025-11-07,235,441,437.35,109.34,1006.0,0,2,1,PulseMart,147.0,1.6,361.98,Silver,2,IN,PulseMart,member14035@example.com,false,false
M14070,4,2023-11-02,2025-02-16,499,472,266.08,66.52,466.0,0,2,1,PulseEats,157.3,3.17,205.76,Bronze,1,IN,PulseEats,member14070@example.com,false,false
M14509,4,2024-02-23,2025-09-01,302,556,273.74,68.44,547.0,0,2,1,PulseHome,185.3,1.63,179.7,Bronze,1,US,PulseHome,member14509@example.com,false,false
M14561,8,2022-05-31,2025-05-21,405,1086,740.65,92.58,1281.0,2,3,1,PulseHome,155.1,2.61,248.93,Silver,2,IN,PulseHome,member14561@example.com,false,false
M14564,6,2022-04-19,2025-05-22,404,1129,374.01,62.34,681.0,0,3,2,PulseEats,225.8,1.79,120.92,Gold,3,US,PulseEats,member14564@example.com,false,false
M14608,8,2022-03-27,2025-07-25,340,1216,452.61,56.58,951.0,1,2,2,PulseMart,173.7,1.96,135.86,Bronze,1,US,PulseMart,member14608@example.com,false,false
M14915,5,2023-09-19,2025-03-22,465,550,252.84,50.57,393.0,1,3,1,PulseEats,137.5,3.38,167.79,Silver,2,AE,PulseEats,member14915@example.com,false,false
M15048,5,2024-07-20,2025-12-13,199,511,207.15,41.43,414.0,0,3,1,PulseHome,127.8,1.56,147.96,Silver,2,US,PulseHome,member15048@example.com,false,false
M15139,5,2022-12-12,2025-01-21,525,771,278.33,55.67,528.0,0,2,2,PulseEats,192.8,2.72,131.76,Silver,2,US,PulseEats,member15139@example.com,false,false
M15222,5,2024-11-30,2025-12-19,193,384,259.02,51.8,314.0,2,3,1,PulseEats,96.0,2.01,246.2,Bronze,1,GB,PulseEats,member15222@example.com,false,false
M15847,5,2024-01-30,2025-06-08,387,495,227.14,45.43,339.0,2,2,2,PulseMart,123.8,3.13,167.49,Bronze,1,SG,PulseMart,member15847@example.com,false,false
M15893,5,2023-02-05,2025-03-19,468,773,332.51,66.5,663.0,0,3,3,PulseHome,193.3,2.42,157.01,Silver,2,IN,PulseHome,member15893@example.com,false,false
M16225,4,2022-07-28,2025-03-06,481,952,253.65,63.41,476.0,0,2,2,PulseEats,317.3,1.52,97.25,Bronze,1,US,PulseEats,member16225@example.com,false,false
M16481,8,2022-10-03,2025-10-10,263,1103,516.5,64.56,937.0,1,3,1,PulseHome,157.6,1.67,170.92,Silver,2,IN,PulseHome,member16481@example.com,false,false
M16576,5,2024-03-10,2025-06-10,385,457,403.33,80.67,581.0,2,2,1,PulseEats,114.3,3.37,322.13,Silver,2,AE,PulseEats,member16576@example.com,false,false
M16667,6,2024-12-05,2025-12-27,185,387,535.26,89.21,1079.0,1,3,1,PulseMart,77.4,2.39,504.83,Gold,3,IN,PulseMart,member16667@example.com,false,false
M16893,5,2024-09-25,2025-10-07,266,377,248.64,49.73,348.0,1,3,1,PulseHome,94.3,2.82,240.73,Bronze,1,US,PulseHome,member16893@example.com,false,false
M17094,4,2024-04-20,2025-05-20,406,395,244.63,61.16,412.0,1,2,1,PulseMart,131.7,3.08,226.05,Silver,2,IN,PulseMart,member17094@example.com,false,false
M17570,5,2024-05-16,2025-10-19,254,521,390.45,78.09,712.0,3,3,2,PulseHome,130.3,1.95,273.54,Gold,3,GB,PulseHome,member17570@example.com,false,false
M17590,8,2024-08-26,2026-01-23,158,515,649.46,81.18,1197.0,1,3,1,PulseHome,73.6,2.15,460.3,Bronze,1,IN,PulseHome,member17590@example.com,false,false
M17771,5,2024-12-08,2026-01-12,169,400,444.06,88.81,1022.0,0,3,1,PulseMart,100.0,1.69,405.2,Gold,3,AE,PulseMart,member17771@example.com,false,false
M18177,5,2023-02-04,2025-04-12,444,798,338.99,67.8,419.0,2,3,1,PulseEats,199.5,2.23,155.05,Silver,2,GB,PulseEats,member18177@example.com,false,false
M18211,5,2022-12-07,2025-05-18,408,893,367.54,73.51,735.0,0,2,1,PulseHome,223.3,1.83,150.23,Bronze,1,US,PulseHome,member18211@example.com,false,false
M18405,6,2023-04-05,2025-03-16,471,711,504.7,84.12,877.0,1,3,3,PulseEats,142.2,3.31,259.09,Silver,2,IN,PulseEats,member18405@example.com,false,false
M18504,6,2023-10-06,2025-11-09,233,765,267.36,44.56,447.0,1,3,1,PulseEats,153.0,1.52,127.56,Bronze,1,AE,PulseEats,member18504@example.com,false,false
M18668,4,2024-09-06,2025-10-25,248,414,239.55,59.89,451.0,1,2,1,PulseMart,138.0,1.8,211.2,Silver,2,US,PulseMart,member18668@example.com,false,false
M18792,5,2023-04-23,2025-05-26,400,764,189.15,37.83,348.0,0,2,2,PulseEats,191.0,2.09,90.37,Gold,3,IN,PulseEats,member18792@example.com,false,false
M19403,5,2023-12-04,2025-04-23,433,506,255.55,51.11,362.0,1,3,1,PulseHome,126.5,3.42,184.34,Silver,2,SG,PulseHome,member19403@example.com,false,false
M19434,5,2023-07-08,2025-03-10,477,611,342.51,68.5,717.0,1,3,2,PulseMart,152.8,3.12,204.61,Silver,2,IN,PulseMart,member19434@example.com,false,false
M19568,12,2025-04-14,2026-04-17,74,368,693.65,57.8,1174.0,2,3,2,PulseHome,33.5,2.21,688.0,Silver,2,IN,PulseHome,member19568@example.com,false,false
M19881,4,2023-05-15,2025-02-15,500,642,360.53,90.13,632.0,0,3,1,PulseEats,214.0,2.34,204.97,Silver,2,IN,PulseEats,member19881@example.com,false,false
M20957,6,2023-06-17,2025-09-27,276,833,469.14,78.19,730.0,1,2,2,PulseEats,166.6,1.66,205.57,Silver,2,IN,PulseEats,member20957@example.com,false,false
M21508,6,2023-11-16,2025-07-16,349,608,502.57,83.76,924.0,2,3,1,PulseMart,121.6,2.87,301.71,Silver,2,IN,PulseMart,member21508@example.com,false,false
M21866,5,2023-12-03,2025-09-29,274,666,229.25,45.85,489.0,0,3,3,PulseMart,166.5,1.65,125.64,Bronze,1,GB,PulseMart,member21866@example.com,false,false
M22026,4,2023-10-05,2025-04-21,435,564,225.29,56.32,429.0,0,3,2,PulseEats,188.0,2.31,145.8,Bronze,1,IN,PulseEats,member22026@example.com,false,false
M22114,7,2024-06-06,2025-12-02,210,544,298.9,42.7,623.0,0,3,2,PulseHome,90.7,2.32,200.55,Silver,2,IN,PulseHome,member22114@example.com,false,false
M22521,7,2024-02-24,2025-11-13,229,628,520.24,74.32,1152.0,0,2,2,PulseMart,104.7,2.19,302.37,Silver,2,IN,PulseMart,member22521@example.com,false,false
M22587,6,2022-09-04,2025-06-19,376,1019,387.22,64.54,796.0,0,3,3,PulseHome,203.8,1.84,138.7,Silver,2,IN,PulseHome,member22587@example.com,false,false
M22675,7,2024-03-03,2025-11-14,228,621,290.79,41.54,445.0,1,2,2,PulseEats,103.5,2.2,170.92,Bronze,1,IN,PulseEats,member22675@example.com,false,false
M22942,4,2024-02-09,2025-06-27,368,504,217.57,54.39,495.0,0,3,2,PulseMart,168.0,2.19,157.57,Silver,2,SG,PulseMart,member22942@example.com,false,false
M23136,5,2024-02-23,2025-10-09,264,594,328.8,65.76,535.0,1,2,2,PulseEats,148.5,1.78,202.04,Gold,3,US,PulseEats,member23136@example.com,false,false
M23246,5,2024-09-08,2025-12-30,182,478,298.75,59.75,523.0,1,2,2,PulseMart,119.5,1.52,228.13,Bronze,1,AE,PulseMart,member23246@example.com,false,false
M23526,7,2023-01-01,2025-09-27,276,1000,377.33,53.9,661.0,0,3,1,PulseEats,166.7,1.66,137.73,Silver,2,GB,PulseEats,member23526@example.com,false,false
M23616,4,2024-04-08,2025-08-15,319,494,306.89,76.72,537.0,0,3,1,PulseEats,164.7,1.94,226.75,Bronze,1,IN,PulseEats,member23616@example.com,false,false
M23637,6,2022-02-12,2025-02-01,514,1085,272.5,45.42,440.0,1,3,1,PulseEats,217.0,2.37,91.67,Platinum,4,US,PulseEats,member23637@example.com,false,false
M25107,8,2024-06-19,2026-01-08,173,568,534.29,66.79,934.0,0,2,1,PulseEats,81.1,2.13,343.34,Bronze,1,US,PulseEats,member25107@example.com,false,false
M25293,5,2024-06-02,2025-11-04,238,520,374.26,74.85,861.0,0,2,1,PulseMart,130.0,1.83,262.7,Platinum,4,IN,PulseMart,member25293@example.com,false,false
M25351,4,2023-12-03,2025-06-05,390,550,251.82,62.96,579.0,0,3,1,PulseMart,183.3,2.13,167.12,Gold,3,IN,PulseMart,member25351@example.com,false,false
M25524,4,2024-04-06,2025-04-23,433,382,301.08,75.27,527.0,0,2,1,PulseEats,127.3,3.4,287.68,Platinum,4,IN,PulseEats,member25524@example.com,false,false
M25801,8,2022-12-09,2025-08-07,327,972,534.47,66.81,854.0,1,3,1,PulseEats,138.9,2.35,200.7,Silver,2,IN,PulseEats,member25801@example.com,false,false
M26025,4,2024-11-19,2025-12-15,197,391,119.78,29.95,192.0,1,2,1,PulseMart,130.3,1.51,111.82,Silver,2,US,PulseMart,member26025@example.com,false,false
M26036,7,2022-12-19,2025-08-15,319,970,489.8,69.97,813.0,2,3,2,PulseEats,161.7,1.97,184.31,Bronze,1,US,PulseEats,member26036@example.com,false,false
M26530,7,2023-08-16,2025-07-20,345,704,511.86,73.12,967.0,1,3,1,PulseHome,117.3,2.94,265.38,Gold,3,IN,PulseHome,member26530@example.com,false,false
M26697,8,2021-06-21,2025-02-17,498,1337,506.99,63.37,1000.0,0,3,2,PulseEats,191.0,2.61,138.41,Gold,3,US,PulseEats,member26697@example.com,false,false
M26863,6,2022-03-05,2025-04-23,433,1145,279.85,46.64,476.0,1,3,2,PulseHome,229.0,1.89,89.21,Silver,2,US,PulseHome,member26863@example.com,false,false
M27484,8,2023-05-17,2025-10-18,255,885,502.5,62.81,859.0,1,3,2,PulseEats,126.4,2.02,207.25,Silver,2,AE,PulseEats,member27484@example.com,false,false
M27752,5,2022-06-13,2025-04-05,451,1027,168.21,33.64,233.0,2,3,2,PulseMart,256.8,1.76,59.78,Platinum,4,GB,PulseMart,member27752@example.com,false,false
M27775,6,2021-05-31,2025-03-14,473,1383,365.42,60.9,841.0,0,3,1,PulseMart,276.6,1.71,96.44,Bronze,1,US,PulseMart,member27775@example.com,false,false
M27963,6,2023-08-03,2025-10-01,272,790,416.31,69.39,833.0,0,3,1,PulseHome,158.0,1.72,192.35,Silver,2,US,PulseHome,member27963@example.com,false,false
M27990,4,2024-05-19,2025-09-21,282,490,249.08,62.27,435.0,0,2,1,PulseEats,163.3,1.73,185.54,Bronze,1,GB,PulseEats,member27990@example.com,false,false
M28020,5,2022-11-25,2025-01-14,532,781,204.79,40.96,273.0,3,2,1,PulseMart,195.3,2.72,95.71,Bronze,1,AE,PulseMart,member28020@example.com,false,false
M28465,4,2023-11-05,2025-07-03,362,606,174.31,43.58,400.0,0,3,1,PulseMart,202.0,1.79,104.99,Gold,3,US,PulseMart,member28465@example.com,false,false
M28476,6,2022-10-22,2025-06-07,388,959,453.14,75.52,899.0,0,3,2,PulseHome,191.8,2.02,172.47,Platinum,4,US,PulseHome,member28476@example.com,false,false
M28639,5,2023-08-30,2025-06-17,378,657,369.4,73.88,647.0,0,3,1,PulseEats,164.3,2.3,205.22,Bronze,1,IN,PulseEats,member28639@example.com,false,false
M28651,8,2024-09-07,2025-11-29,213,448,413.82,51.73,829.0,0,3,1,PulseHome,64.0,3.33,337.15,Bronze,1,US,PulseHome,member28651@example.com,false,false
M28675,5,2022-05-19,2025-04-29,427,1076,268.26,53.65,469.0,0,2,1,PulseEats,269.0,1.59,91.0,Platinum,4,AE,PulseEats,member28675@example.com,false,false
M28962,7,2023-11-02,2025-12-15,197,774,794.24,113.46,1390.0,0,2,1,PulseEats,129.0,1.53,374.54,Gold,3,SG,PulseEats,member28962@example.com,false,false
M29474,9,2021-08-22,2025-05-09,417,1356,348.15,38.68,492.0,2,3,3,PulseHome,169.5,2.46,93.71,Gold,3,IN,PulseHome,member29474@example.com,false,false
M29594,4,2022-08-08,2025-03-04,483,939,226.67,56.67,283.0,2,3,2,PulseMart,313.0,1.54,88.11,Bronze,1,US,PulseMart,member29594@example.com,false,false
M29761,5,2024-04-05,2025-11-11,231,585,547.09,109.42,909.0,2,3,1,PulseMart,146.3,1.58,341.35,Bronze,1,IN,PulseMart,member29761@example.com,false,false
M30031,5,2023-05-22,2025-07-12,353,782,324.0,64.8,648.0,0,3,1,PulseHome,195.5,1.81,151.23,Silver,2,IN,PulseHome,member30031@example.com,false,false
M30508,8,2023-03-01,2025-07-05,360,857,494.0,61.75,900.0,0,3,2,PulseEats,122.4,2.94,210.4,Silver,2,IN,PulseEats,member30508@example.com,false,false
M30794,7,2022-05-27,2025-02-23,492,1003,298.57,42.65,372.0,1,3,1,PulseEats,167.2,2.94,108.65,Bronze,1,US,PulseEats,member30794@example.com,false,false
M30896,7,2022-10-01,2025-05-15,411,957,478.77,68.4,838.0,0,3,1,PulseEats,159.5,2.58,182.6,Silver,2,IN,PulseEats,member30896@example.com,false,false
M31026,5,2024-01-03,2025-10-22,251,658,205.81,41.16,250.0,3,2,2,PulseMart,164.5,1.53,114.17,Gold,3,IN,PulseMart,member31026@example.com,false,false
M31218,4,2023-08-30,2025-04-28,428,607,166.03,41.51,308.0,0,2,2,PulseEats,202.3,2.12,99.84,Gold,3,IN,PulseEats,member31218@example.com,false,false
M32090,4,2024-05-05,2025-07-20,345,441,213.89,53.47,492.0,0,1,1,PulseMart,147.0,2.35,177.03,Bronze,1,US,PulseMart,member32090@example.com,false,false
M32212,5,2024-01-15,2025-10-12,261,636,372.44,74.49,652.0,0,3,1,PulseEats,159.0,1.64,213.74,Bronze,1,AE,PulseEats,member32212@example.com,false,false
M32249,6,2023-10-09,2025-08-07,327,668,531.75,88.63,1222.0,0,3,1,PulseMart,133.6,2.45,290.55,Bronze,1,SG,PulseMart,member32249@example.com,false,false
M32256,6,2024-07-18,2025-11-18,224,488,216.77,36.13,457.0,1,3,1,PulseMart,97.6,2.3,162.13,Bronze,1,IN,PulseMart,member32256@example.com,false,false
M32701,7,2022-12-27,2025-10-11,262,1019,334.44,47.78,584.0,0,3,1,PulseEats,169.8,1.54,119.79,Gold,3,IN,PulseEats,member32701@example.com,false,false
M32762,5,2022-06-11,2025-05-22,404,1076,323.74,64.75,647.0,0,2,1,PulseHome,269.0,1.5,109.82,Bronze,1,US,PulseHome,member32762@example.com,false,false
M32907,6,2023-11-02,2025-06-29,366,605,522.83,87.14,1017.0,1,2,2,PulseMart,121.0,3.02,315.43,Gold,3,GB,PulseMart,member32907@example.com,false,false
M33045,7,2022-08-20,2025-02-17,498,912,631.28,90.18,1169.0,2,3,3,PulseHome,152.0,3.28,252.65,Bronze,1,IN,PulseHome,member33045@example.com,false,false
M33068,7,2023-08-13,2025-07-25,340,712,304.14,43.45,498.0,1,3,2,PulseEats,118.7,2.87,155.91,Bronze,1,AE,PulseEats,member33068@example.com,false,false
M33149,6,2023-05-04,2025-07-03,362,791,302.67,50.45,620.0,0,3,2,PulseHome,158.2,2.29,139.66,Platinum,4,US,PulseHome,member33149@example.com,false,false
M33530,8,2021-09-18,2025-03-22,465,1281,605.56,75.69,867.0,2,2,1,PulseEats,183.0,2.54,172.54,Silver,2,IN,PulseEats,member33530@example.com,false,false
M34158,5,2023-10-10,2025-09-16,287,707,320.38,64.08,641.0,0,3,1,PulseHome,176.8,1.62,165.4,Bronze,1,US,PulseHome,member34158@example.com,false,false
M34243,6,2023-05-21,2025-09-16,287,849,379.16,63.19,664.0,0,2,1,PulseEats,169.8,1.69,163.01,Silver,2,IN,PulseEats,member34243@example.com,false,false
M34592,7,2022-02-21,2025-07-11,354,1236,320.19,45.74,662.0,2,3,1,PulseMart,206.0,1.72,94.55,Silver,2,IN,PulseMart,member34592@example.com,false,false
M35024,7,2024-04-24,2025-11-29,213,584,577.91,82.56,1155.0,0,3,1,PulseHome,97.3,2.19,361.19,Silver,2,IN,PulseHome,member35024@example.com,false,false
M35101,5,2022-12-01,2025-06-09,386,921,445.29,89.06,884.0,1,3,2,PulseMart,230.3,1.68,176.47,Bronze,1,IN,PulseMart,member35101@example.com,false,false
M35306,5,2023-04-18,2025-05-28,398,771,309.12,61.82,660.0,1,3,1,PulseMart,192.8,2.06,146.34,Silver,2,US,PulseMart,member35306@example.com,false,false
M35329,5,2023-04-26,2025-08-16,318,843,330.48,66.1,631.0,1,3,2,PulseHome,210.8,1.51,143.09,Silver,2,IN,PulseHome,member35329@example.com,false,false
M35751,4,2022-11-07,2025-02-19,496,835,230.71,57.68,336.0,2,3,2,PulseHome,278.3,1.78,100.85,Gold,3,GB,PulseHome,member35751@example.com,false,false
M35831,7,2022-11-08,2025-06-07,388,942,367.7,52.53,801.0,1,3,1,PulseMart,157.0,2.47,142.47,Bronze,1,SG,PulseMart,member35831@example.com,false,false
M36034,5,2023-10-20,2025-09-19,284,700,314.94,62.99,724.0,0,3,1,PulseMart,175.0,1.62,164.22,Silver,2,US,PulseMart,member36034@example.com,false,false
M36144,5,2023-06-21,2025-06-19,376,729,252.28,50.46,331.0,2,3,3,PulseEats,182.3,2.06,126.31,Platinum,4,SG,PulseEats,member36144@example.com,false,false
M36447,6,2023-05-05,2025-09-27,276,876,385.53,64.26,463.0,3,3,1,PulseHome,175.2,1.58,160.64,Bronze,1,GB,PulseHome,member36447@example.com,false,false
M37366,7,2023-08-23,2025-10-11,262,780,388.12,55.45,893.0,0,3,1,PulseMart,130.0,2.02,181.62,Bronze,1,US,PulseMart,member37366@example.com,false,false
M37670,4,2024-11-08,2025-11-15,227,372,262.7,65.68,587.0,0,2,2,PulseMart,124.0,1.83,257.76,Gold,3,SG,PulseMart,member37670@example.com,false,false
M37865,6,2023-02-28,2025-08-24,310,908,406.38,67.73,735.0,1,3,2,PulseHome,181.6,1.71,163.36,Gold,3,US,PulseHome,member37865@example.com,false,false
M38532,7,2021-12-26,2025-05-25,401,1246,292.87,41.84,495.0,1,3,2,PulseEats,207.7,1.93,85.79,Gold,3,US,PulseEats,member38532@example.com,false,false
M38547,5,2023-08-08,2025-06-24,371,686,254.91,50.98,405.0,1,2,2,PulseHome,171.5,2.16,135.63,Bronze,1,AE,PulseHome,member38547@example.com,false,false
M19418,6,2024-06-12,2025-08-26,308,440,1587.47,264.58,2778.0,0,3,1,PulseEats,88.0,3.5,1316.88,Gold,3,IN,PulseEats,member19418@example.com,false,false
M16472,4,2024-06-12,2025-08-09,325,423,1161.04,290.26,2322.0,0,2,1,PulseHome,141.0,2.3,1001.84,Gold,3,US,PulseHome,member16472@example.com,false,false
M04083,4,2024-08-11,2025-09-06,297,391,1005.53,251.38,2312.0,0,2,1,PulseMart,130.3,2.28,938.67,Gold,3,IN,PulseMart,member04083@example.com,false,false
M16499,5,2024-06-24,2025-10-29,244,492,1459.52,291.9,3357.0,0,3,1,PulseMart,123.0,1.98,1082.77,Bronze,1,IN,PulseMart,member16499@example.com,false,false
M10288,6,2024-06-13,2025-09-05,298,449,1908.85,318.14,3340.0,0,3,1,PulseEats,89.8,3.32,1551.74,Bronze,1,IN,PulseEats,member10288@example.com,false,false
M00566,6,2024-08-23,2025-12-21,191,485,1662.31,277.05,3822.0,0,2,1,PulseMart,97.0,1.97,1251.02,Silver,2,US,PulseMart,member00566@example.com,false,false
M11405,5,2024-10-11,2025-11-05,237,390,1213.38,242.68,2122.0,0,3,1,PulseEats,97.5,2.43,1135.6,Platinum,4,IN,PulseEats,member11405@example.com,false,false
M17021,5,2024-10-04,2025-10-22,251,383,1190.04,238.01,2083.0,0,2,1,PulseEats,95.8,2.62,1134.11,Bronze,1,US,PulseEats,member17021@example.com,false,false
M29261,6,2024-08-31,2025-11-01,241,427,1468.14,244.69,2937.0,0,3,1,PulseHome,85.4,2.82,1254.97,Bronze,1,GB,PulseHome,member29261@example.com,false,false
M20772,5,2024-06-09,2025-08-26,308,443,1630.2,326.04,3260.0,0,3,1,PulseHome,110.8,2.78,1343.17,Silver,2,IN,PulseHome,member20772@example.com,false,false
M09053,6,2024-06-19,2025-11-13,229,512,1557.44,259.57,2725.0,0,3,1,PulseEats,102.4,2.24,1110.28,Gold,3,IN,PulseEats,member09053@example.com,false,false
M23552,6,2024-08-01,2025-12-02,210,488,1722.41,287.07,3014.0,0,3,1,PulseEats,97.6,2.15,1288.28,Gold,3,US,PulseEats,member23552@example.com,false,false
M30985,6,2024-07-26,2025-10-08,265,439,1714.8,285.8,3944.0,0,3,1,PulseMart,87.8,3.02,1425.74,Silver,2,US,PulseMart,member30985@example.com,false,false
M25713,4,2024-09-16,2025-09-17,286,366,968.47,242.12,1695.0,0,3,1,PulseEats,122.0,2.34,965.82,Silver,2,AE,PulseEats,member25713@example.com,false,false
M29126,6,2024-08-16,2025-11-13,229,454,1495.29,249.22,3439.0,0,3,1,PulseMart,90.8,2.52,1202.16,Silver,2,IN,PulseMart,member29126@example.com,false,false
M13654,4,2024-08-08,2025-10-24,249,442,1089.15,272.29,2505.0,0,2,1,PulseMart,147.3,1.69,899.41,Gold,3,US,PulseMart,member13654@example.com,false,false
M34817,5,2024-09-04,2025-11-01,241,423,1223.17,244.63,2814.0,0,3,1,PulseMart,105.8,2.28,1055.45,Bronze,1,AE,PulseMart,member34817@example.com,false,false
M07137,4,2024-06-08,2025-09-05,298,454,316.37,79.09,588.0,1,2,1,PulseMart,151.3,1.97,254.35,Gold,3,SG,PulseMart,member07137@example.com,false,false
M02238,5,2024-04-07,2025-08-16,318,496,379.68,75.94,751.0,0,3,2,PulseHome,124.0,2.56,279.4,Gold,3,US,PulseHome,member02238@example.com,false,false
M06411,5,2022-11-14,2025-06-06,389,935,383.23,76.65,839.0,0,2,2,PulseMart,233.8,1.66,149.6,Bronze,1,IN,PulseMart,member06411@example.com,false,false
M05865,6,2023-07-13,2025-08-17,317,766,413.6,68.93,778.0,1,3,1,PulseHome,153.2,2.07,197.08,Platinum,4,US,PulseHome,member05865@example.com,false,false
M11105,5,2024-06-12,2025-10-04,269,479,301.32,60.26,584.0,0,3,2,PulseHome,119.8,2.25,229.61,Silver,2,IN,PulseHome,member11105@example.com,false,false
M11792,7,2023-04-10,2025-06-25,370,807,237.26,33.89,386.0,1,3,2,PulseMart,134.5,2.75,107.31,Bronze,1,US,PulseMart,member11792@example.com,false,false
M00041,5,2022-04-25,2025-03-25,462,1065,484.63,96.93,858.0,0,3,2,PulseEats,266.3,1.74,166.09,Bronze,1,US,PulseEats,member00041@example.com,false,false
M00250,8,2022-02-16,2025-08-12,322,1273,647.93,80.99,1491.0,0,3,1,PulseMart,181.9,1.77,185.78,Gold,3,US,PulseMart,member00250@example.com,false,false
M00335,6,2023-10-20,2025-10-08,265,719,415.01,69.17,786.0,2,3,1,PulseMart,143.8,1.84,210.68,Bronze,1,IN,PulseMart,member00335@example.com,false,false
M01233,5,2023-07-24,2025-07-06,359,713,186.53,37.31,327.0,0,2,1,PulseEats,178.3,2.01,95.49,Gold,3,US,PulseEats,member01233@example.com,false,false
M01663,6,2023-08-02,2025-10-19,254,809,384.48,64.08,885.0,0,2,1,PulseMart,161.8,1.57,173.47,Gold,3,US,PulseMart,member01663@example.com,false,false
M01753,6,2023-09-10,2025-09-17,286,738,262.34,43.72,463.0,1,3,1,PulseHome,147.6,1.94,129.75,Bronze,1,IN,PulseHome,member01753@example.com,false,false
M01966,8,2022-02-19,2025-08-25,309,1283,471.0,58.88,796.0,3,3,1,PulseMart,183.3,1.69,133.99,Silver,2,AE,PulseMart,member01966@example.com,false,false
M01990,7,2022-12-25,2025-03-23,464,819,480.21,68.6,740.0,2,3,1,PulseEats,136.5,3.4,214.01,Bronze,1,GB,PulseEats,member01990@example.com,false,false
M02046,7,2023-12-08,2025-09-07,296,639,458.73,65.53,778.0,2,3,3,PulseHome,106.5,2.78,262.03,Silver,2,IN,PulseHome,member02046@example.com,false,false
M02121,5,2023-09-24,2025-05-13,413,597,361.28,72.26,831.0,0,3,1,PulseMart,149.3,2.77,220.88,Platinum,4,AE,PulseMart,member02121@example.com,false,false
M02490,6,2023-09-04,2025-08-30,304,726,381.57,63.6,581.0,2,3,1,PulseEats,145.2,2.09,191.84,Silver,2,SG,PulseEats,member02490@example.com,false,false
M02995,6,2024-10-13,2026-01-02,179,446,342.47,57.08,604.0,0,3,2,PulseEats,89.2,2.01,280.27,Gold,3,IN,PulseEats,member02995@example.com,false,false
M03197,8,2023-05-12,2025-08-03,331,814,357.72,44.72,683.0,1,2,1,PulseHome,116.3,2.85,160.4,Gold,3,AE,PulseHome,member03197@example.com,false,false
M03616,5,2025-01-01,2026-01-02,179,366,341.57,68.31,523.0,1,2,2,PulseEats,91.5,1.96,340.64,Bronze,1,US,PulseEats,member03616@example.com,false,false
M03938,5,2024-03-15,2025-06-03,392,445,225.6,45.12,370.0,1,2,1,PulseMart,111.3,3.52,185.04,Silver,2,GB,PulseMart,member03938@example.com,false,false
M04183,7,2022-09-29,2025-04-09,447,923,459.68,65.67,820.0,2,2,1,PulseHome,153.8,2.91,181.78,Silver,2,SG,PulseHome,member04183@example.com,false,false
M04700,6,2024-07-19,2025-10-26,247,464,578.87,96.48,1011.0,0,2,1,PulseEats,92.8,2.66,455.36,Gold,3,IN,PulseEats,member04700@example.com,false,false
M05181,5,2023-05-30,2025-07-21,344,783,390.1,78.02,681.0,0,3,1,PulseEats,195.8,1.76,181.85,Gold,3,IN,PulseEats,member05181@example.com,false,false
M05202,4,2022-12-27,2025-03-18,469,812,162.85,40.71,178.0,2,3,3,PulseMart,270.7,1.73,73.2,Silver,2,IN,PulseMart,member05202@example.com,false,false
M05612,6,2024-04-25,2025-11-29,213,583,374.95,62.49,690.0,1,3,2,PulseHome,116.6,1.83,234.75,Platinum,4,SG,PulseHome,member05612@example.com,false,false
M06028,6,2022-08-13,2025-07-04,361,1056,390.74,65.12,781.0,0,3,1,PulseHome,211.2,1.71,135.06,Silver,2,IN,PulseHome,member06028@example.com,false,false
M06460,5,2023-06-28,2025-05-02,424,674,242.58,48.52,424.0,0,2,1,PulseEats,168.5,2.52,131.37,Gold,3,US,PulseEats,member06460@example.com,false,false
M06790,5,2022-12-27,2025-01-16,530,751,225.3,45.06,341.0,1,2,2,PulseEats,187.8,2.82,109.5,Platinum,4,SG,PulseHome,member06790@example.com,false,false
M06796,10,2021-07-02,2025-10-01,272,1552,612.46,61.25,1072.0,0,3,1,PulseEats,172.4,1.58,144.04,Silver,2,IN,PulseEats,member06796@example.com,false,false
M07525,5,2023-06-06,2025-04-25,431,689,306.53,61.31,442.0,1,2,1,PulseEats,172.3,2.5,162.39,Bronze,1,IN,PulseEats,member07525@example.com,false,false
M07537,4,2023-06-10,2025-02-15,500,616,285.52,71.38,571.0,0,3,1,PulseHome,205.3,2.44,169.18,Bronze,1,GB,PulseHome,member07537@example.com,false,false
M07560,4,2023-08-29,2025-01-27,519,517,275.11,68.78,583.0,1,3,1,PulseMart,172.3,3.01,194.23,Bronze,1,US,PulseMart,member07560@example.com,false,false
M07566,6,2022-06-17,2025-06-21,374,1100,418.98,69.83,963.0,0,3,1,PulseMart,220.0,1.7,139.03,Silver,2,IN,PulseMart,member07566@example.com,false,false
M07806,6,2023-05-25,2025-05-31,395,737,312.54,52.09,547.0,0,3,1,PulseEats,147.4,2.68,154.79,Silver,2,US,PulseEats,member07806@example.com,false,false
M08139,7,2023-06-01,2025-11-04,238,887,470.29,67.18,740.0,1,3,2,PulseEats,147.8,1.61,193.52,Platinum,4,GB,PulseEats,member08139@example.com,false,false
M08451,6,2024-10-21,2025-12-03,209,408,471.36,78.56,943.0,0,3,1,PulseHome,81.6,2.56,421.68,Silver,2,US,PulseHome,member08451@example.com,false,false
M08478,7,2021-11-25,2025-01-09,537,1141,327.35,46.76,628.0,2,3,1,PulseMart,190.2,2.82,104.72,Bronze,1,GB,PulseMart,member08478@example.com,false,false
M08892,6,2024-03-17,2025-12-02,210,625,507.32,84.55,990.0,1,3,2,PulseMart,125.0,1.68,296.27,Silver,2,SG,PulseMart,member08892@example.com,false,false
M09130,5,2023-08-06,2025-08-18,316,743,322.33,64.47,602.0,0,3,2,PulseEats,185.8,1.7,158.35,Silver,2,GB,PulseEats,member09130@example.com,false,false
M09245,4,2023-12-13,2025-07-22,343,587,264.45,66.11,542.0,0,2,2,PulseHome,195.7,1.75,164.44,Gold,3,US,PulseHome,member09245@example.com,false,false
M09544,4,2023-06-16,2025-06-24,371,739,403.66,100.92,557.0,2,2,1,PulseEats,246.3,1.51,199.37,Bronze,1,IN,PulseEats,member09544@example.com,false,false
M09696,10,2022-10-07,2025-11-24,218,1144,622.83,62.28,1156.0,0,3,2,PulseEats,127.1,1.72,198.72,Bronze,1,IN,PulseEats,member09696@example.com,false,false
M09840,4,2023-06-27,2025-06-18,377,722,223.3,55.83,391.0,0,3,1,PulseEats,240.7,1.57,112.89,Gold,3,IN,PulseEats,member09840@example.com,false,false
M10110,4,2024-05-04,2025-08-20,314,473,329.43,82.36,327.0,2,3,2,PulseMart,157.7,1.99,254.21,Silver,2,US,PulseMart,member10110@example.com,false,false
M10421,8,2024-06-12,2025-11-05,237,511,520.96,65.12,1193.0,0,3,2,PulseMart,73.0,3.25,372.11,Platinum,4,SG,PulseMart,member10421@example.com,false,false
M10469,4,2023-09-23,2025-06-29,366,645,153.95,38.49,230.0,1,2,1,PulseEats,215.0,1.7,87.12,Bronze,1,SG,PulseEats,member10469@example.com,false,false
M10592,4,2023-11-30,2025-02-20,495,448,429.05,107.26,827.0,0,3,2,PulseHome,149.3,3.31,349.56,Gold,3,GB,PulseHome,member10592@example.com,false,false
M11078,5,2023-11-20,2025-08-28,306,647,271.76,54.35,626.0,0,3,1,PulseMart,161.8,1.89,153.31,Platinum,4,GB,PulseMart,member11078@example.com,false,false
M11317,9,2021-07-19,2025-03-29,458,1349,671.62,74.62,1357.0,0,3,2,PulseHome,168.6,2.72,181.72,Bronze,1,IN,PulseHome,member11317@example.com,false,false
M11650,4,2024-10-08,2025-10-10,263,367,179.88,44.97,360.0,0,3,1,PulseHome,122.3,2.15,178.9,Gold,3,SG,PulseHome,member11650@example.com,false,false
M12944,5,2023-04-16,2025-03-26,461,710,186.21,37.24,315.0,1,3,2,PulseHome,177.5,2.6,95.73,Silver,2,IN,PulseHome,member12944@example.com,false,false
M13040,5,2024-06-13,2025-10-12,261,486,512.61,102.52,1130.0,1,3,1,PulseMart,121.5,2.15,384.98,Bronze,1,US,PulseMart,member13040@example.com,false,false
M14341,5,2023-03-22,2025-07-22,343,853,378.38,75.68,641.0,1,2,3,PulseEats,213.3,1.61,161.91,Silver,2,IN,PulseEats,member14341@example.com,false,false
M14361,5,2021-09-24,2025-03-01,486,1254,268.42,53.68,575.0,0,3,3,PulseMart,313.5,1.55,78.13,Bronze,1,US,PulseMart,member14361@example.com,false,false
M14442,7,2023-11-30,2025-11-23,219,724,304.81,43.54,460.0,2,3,1,PulseHome,120.7,1.81,153.67,Bronze,1,SG,PulseHome,member14442@example.com,false,false
M14581,4,2022-09-12,2025-03-22,465,922,335.99,84.0,623.0,1,3,1,PulseHome,307.3,1.51,133.01,Bronze,1,US,PulseHome,member14581@example.com,false,false
M14855,8,2023-09-11,2025-10-26,247,776,429.87,53.73,930.0,1,3,2,PulseMart,110.9,2.23,202.19,Bronze,1,US,PulseMart,member14855@example.com,false,false
M14918,5,2024-05-13,2025-06-19,376,402,328.12,65.62,591.0,0,2,2,PulseEats,100.5,3.74,297.92,Gold,3,AE,PulseEats,member14918@example.com,false,false
M14970,7,2024-03-30,2025-12-19,193,629,260.13,37.16,371.0,2,3,1,PulseHome,104.8,1.84,150.95,Bronze,1,US,PulseHome,member14970@example.com,false,false
M15041,7,2021-10-19,2025-07-21,344,1371,428.35,61.19,858.0,0,3,1,PulseHome,228.5,1.51,114.04,Platinum,4,US,PulseHome,member15041@example.com,false,false
M15136,7,2023-12-13,2025-08-26,308,622,279.18,39.88,390.0,2,3,1,PulseMart,103.7,2.97,163.83,Bronze,1,US,PulseMart,member15136@example.com,false,false
M15272,4,2023-11-15,2025-06-06,389,569,155.23,38.81,357.0,0,3,1,PulseMart,189.7,2.05,99.58,Gold,3,US,PulseMart,member15272@example.com,false,false
M15596,7,2022-07-24,2025-07-29,336,1101,412.34,58.91,532.0,2,3,1,PulseEats,183.5,1.83,136.7,Bronze,1,AE,PulseEats,member15596@example.com,false,false
M16113,6,2023-06-18,2025-05-19,407,701,386.25,64.38,464.0,3,3,1,PulseEats,140.2,2.9,201.11,Bronze,1,IN,PulseEats,member16113@example.com,false,false
M16158,4,2023-05-08,2025-04-02,454,695,145.25,36.31,130.0,2,2,1,PulseEats,231.7,1.96,76.28,Silver,2,AE,PulseEats,member16158@example.com,false,false
M16520,8,2023-09-09,2025-11-15,227,798,633.87,79.23,933.0,3,3,1,PulseHome,114.0,1.99,289.93,Bronze,1,AE,PulseHome,member16520@example.com,false,false
M16544,6,2023-03-27,2025-06-03,392,799,472.84,78.81,1038.0,1,2,1,PulseMart,159.8,2.45,216.0,Gold,3,US,PulseMart,member16544@example.com,false,false
M16564,7,2024-02-12,2025-11-18,224,645,499.7,71.39,821.0,1,3,1,PulseEats,107.5,2.08,282.78,Gold,3,AE,PulseEats,member16564@example.com,false,false
M16581,8,2021-11-16,2025-08-15,319,1368,490.16,61.27,863.0,2,3,1,PulseMart,195.4,1.63,130.78,Silver,2,US,PulseMart,member16581@example.com,false,false
M16590,7,2022-10-13,2025-06-28,367,989,450.39,64.34,788.0,0,3,1,PulseEats,164.8,2.23,166.22,Bronze,1,US,PulseEats,member16590@example.com,false,false
M17062,5,2022-11-13,2025-05-01,425,900,261.07,52.21,571.0,0,3,2,PulseMart,225.0,1.89,105.88,Bronze,1,IN,PulseMart,member17062@example.com,false,false
M17307,4,2023-11-29,2025-02-06,509,435,200.75,50.19,307.0,2,3,3,PulseHome,145.0,3.51,168.45,Bronze,1,US,PulseHome,member17307@example.com,false,false
M17479,5,2024-11-30,2025-12-25,187,390,291.29,58.26,510.0,0,2,1,PulseEats,97.5,1.92,272.62,Gold,3,US,PulseEats,member17479@example.com,false,false
M17484,10,2022-04-17,2025-10-18,255,1280,631.57,63.16,799.0,3,3,1,PulseEats,142.2,1.79,180.1,Gold,3,IN,PulseEats,member17484@example.com,false,false
M17602,6,2024-09-19,2025-10-16,257,392,321.53,53.59,471.0,2,3,1,PulseEats,78.4,3.28,299.38,Bronze,1,SG,PulseEats,member17602@example.com,false,false
M17916,6,2022-07-09,2025-03-02,485,967,343.1,57.18,677.0,0,3,2,PulseHome,193.4,2.51,129.51,Bronze,1,SG,PulseHome,member17916@example.com,false,false
M18347,5,2023-11-22,2025-03-22,465,486,268.01,53.6,279.0,2,3,2,PulseMart,121.5,3.83,201.28,Gold,3,IN,PulseMart,member18347@example.com,false,false
M18401,6,2023-04-27,2025-04-21,435,725,359.77,59.96,828.0,0,3,1,PulseMart,145.0,3.0,181.13,Platinum,4,SG,PulseMart,member18401@example.com,false,false
M18452,4,2024-09-26,2025-10-02,271,371,259.31,64.83,434.0,1,3,1,PulseMart,123.7,2.19,255.12,Bronze,1,SG,PulseMart,member18452@example.com,false,false
M18806,4,2023-07-14,2025-04-09,447,635,447.61,111.9,783.0,0,2,1,PulseEats,211.7,2.11,257.29,Silver,2,GB,PulseEats,member18806@example.com,false,false
M19296,9,2024-11-28,2026-03-25,97,482,547.14,60.79,903.0,2,3,3,PulseEats,60.3,1.61,414.33,Bronze,1,US,PulseEats,member19296@example.com,false,false
M19383,6,2024-01-31,2025-06-13,382,499,690.44,115.07,1381.0,0,3,1,PulseHome,99.8,3.83,505.03,Bronze,1,IN,PulseHome,member19383@example.com,false,false
M19588,6,2023-12-16,2025-11-28,214,713,390.72,65.12,809.0,1,3,1,PulseMart,142.6,1.5,200.02,Silver,2,GB,PulseMart,member19588@example.com,false,false
M19776,6,2023-04-06,2025-09-05,298,883,364.1,60.68,587.0,1,3,1,PulseEats,176.6,1.69,150.51,Gold,3,IN,PulseEats,member19776@example.com,false,false
M19814,6,2022-05-26,2025-07-17,348,1148,399.41,66.57,770.0,1,3,1,PulseMart,229.6,1.52,126.99,Silver,2,IN,PulseMart,member19814@example.com,false,false
M19835,5,2024-09-23,2025-12-22,190,455,440.92,88.18,882.0,0,3,1,PulseHome,113.8,1.67,353.71,Bronze,1,AE,PulseHome,member19835@example.com,false,false
M19837,6,2024-07-22,2025-11-24,218,490,406.41,67.74,840.0,0,3,2,PulseHome,98.0,2.22,302.73,Bronze,1,US,PulseHome,member19837@example.com,false,false
M19905,4,2023-04-19,2025-04-14,442,726,193.65,48.41,344.0,1,2,2,PulseMart,242.0,1.83,97.36,Bronze,1,US,PulseMart,member19905@example.com,false,false
M20043,8,2024-11-30,2025-12-31,181,396,475.28,59.41,708.0,2,3,3,PulseHome,56.6,3.2,438.07,Silver,2,GB,PulseHome,member20043@example.com,false,false
M20303,5,2023-12-22,2025-05-15,411,510,379.72,75.94,774.0,0,3,2,PulseEats,127.5,3.22,271.76,Gold,3,IN,PulseEats,member20303@example.com,false,false
M20318,4,2023-03-06,2025-02-28,487,725,171.49,42.87,186.0,2,2,1,PulseEats,241.7,2.02,86.34,Silver,2,US,PulseEats,member20318@example.com,false,false
M20454,5,2022-04-07,2025-03-21,466,1079,272.3,54.46,429.0,1,2,2,PulseEats,269.8,1.73,92.11,Silver,2,IN,PulseEats,member20454@example.com,false,false
M20476,7,2024-03-30,2025-10-24,249,573,364.32,52.05,653.0,1,3,2,PulseHome,95.5,2.61,232.07,Silver,2,SG,PulseHome,member20476@example.com,false,false
M20880,5,2024-08-03,2025-09-18,285,411,199.95,39.99,359.0,0,3,2,PulseEats,102.8,2.77,177.57,Silver,2,IN,PulseEats,member20880@example.com,false,false
M20911,5,2025-01-17,2026-01-19,162,367,299.3,59.86,448.0,2,3,1,PulseHome,91.8,1.77,297.67,Silver,2,US,PulseHome,member20911@example.com,false,false
M21045,9,2021-12-17,2025-10-10,263,1393,615.48,68.39,1195.0,1,3,2,PulseHome,174.1,1.51,161.27,Platinum,4,IN,PulseHome,member21045@example.com,false,false
M21090,6,2023-04-03,2025-07-19,346,838,509.75,84.96,1123.0,1,3,1,PulseMart,167.6,2.06,222.03,Bronze,1,IN,PulseMart,member21090@example.com,false,false
M21177,4,2023-09-13,2025-07-02,363,658,293.67,73.42,622.0,0,2,2,PulseEats,219.3,1.66,162.9,Bronze,1,IN,PulseEats,member21177@example.com,false,false
M21612,7,2022-04-02,2025-04-18,438,1112,537.83,76.83,896.0,2,3,3,PulseMart,185.3,2.36,176.54,Silver,2,IN,PulseMart,member21612@example.com,false,false
M21913,6,2024-08-10,2026-01-17,164,525,356.72,59.45,552.0,3,3,2,PulseMart,105.0,1.56,248.01,Bronze,1,IN,PulseMart,member21913@example.com,false,false
M21919,5,2023-11-11,2025-07-13,352,610,365.43,73.09,604.0,1,3,1,PulseHome,152.5,2.31,218.66,Bronze,1,SG,PulseHome,member21919@example.com,false,false
M22094,4,2023-10-12,2025-04-26,430,562,161.67,40.42,372.0,0,3,1,PulseMart,187.3,2.3,105.0,Gold,3,IN,PulseMart,member22094@example.com,false,false
M22168,4,2024-10-22,2025-10-29,244,372,143.02,35.75,201.0,1,2,1,PulseEats,124.0,1.97,140.33,Platinum,4,GB,PulseEats,member22168@example.com,false,false
M22292,8,2025-01-14,2026-02-26,124,408,377.32,47.17,558.0,2,3,1,PulseEats,58.3,2.13,337.55,Silver,2,SG,PulseEats,member22292@example.com,false,false
M22327,7,2022-11-14,2025-06-04,391,933,481.59,68.8,939.0,0,3,2,PulseHome,155.5,2.51,188.4,Platinum,4,US,PulseHome,member22327@example.com,false,false
M22341,7,2023-03-19,2025-09-01,302,897,594.75,84.96,973.0,1,3,2,PulseEats,149.5,2.02,242.01,Silver,2,IN,PulseEats,member22341@example.com,false,false
M22405,5,2024-08-25,2025-12-13,199,475,299.97,59.99,601.0,0,3,1,PulseHome,118.8,1.68,230.5,Silver,2,IN,PulseHome,member22405@example.com,false,false
M22984,6,2023-10-12,2025-09-01,302,690,295.0,49.17,468.0,1,3,2,PulseHome,138.0,2.19,156.05,Bronze,1,IN,PulseHome,member22984@example.com,false,false
M23016,8,2023-06-23,2025-06-23,372,731,465.73,58.22,745.0,1,3,2,PulseHome,104.4,3.56,232.55,Gold,3,IN,PulseHome,member23016@example.com,false,false
M23347,5,2023-11-22,2025-08-03,331,620,292.11,58.42,509.0,2,2,2,PulseHome,155.0,2.14,171.97,Platinum,4,IN,PulseHome,member23347@example.com,false,false
M23675,5,2024-04-29,2025-06-21,374,418,639.25,127.85,1470.0,0,3,1,PulseMart,104.5,3.58,558.2,Bronze,1,IN,PulseMart,member23675@example.com,false,false
M23930,5,2024-02-06,2025-08-03,331,544,293.91,58.78,272.0,2,2,1,PulseEats,136.0,2.43,197.2,Bronze,1,IN,PulseEats,member23930@example.com,false,false
M24391,6,2024-02-18,2025-11-01,241,622,417.84,69.64,730.0,0,3,1,PulseEats,124.4,1.94,245.2,Gold,3,SG,PulseEats,member24391@example.com,false,false
M24581,7,2021-09-13,2025-01-18,528,1223,450.88,64.41,690.0,2,3,2,PulseHome,203.8,2.59,134.56,Gold,3,IN,PulseHome,member24581@example.com,false,false
M24636,5,2023-10-14,2025-08-09,325,665,332.06,66.41,538.0,1,2,1,PulseEats,166.3,1.95,182.26,Gold,3,IN,PulseEats,member24636@example.com,false,false
M25499,6,2023-12-06,2025-11-10,232,705,435.27,72.55,763.0,0,2,1,PulseEats,141.0,1.65,225.35,Silver,2,IN,PulseEats,member25499@example.com,false,false
M26099,4,2024-05-20,2025-10-13,260,511,179.16,44.79,313.0,0,3,1,PulseEats,170.3,1.53,127.97,Silver,2,IN,PulseEats,member26099@example.com,false,false
M26589,4,2023-05-24,2025-05-22,404,729,170.02,42.51,193.0,2,2,1,PulseEats,243.0,1.66,85.13,Bronze,1,US,PulseEats,member26589@example.com,false,false
M26865,6,2024-02-25,2025-07-13,352,504,410.86,68.48,899.0,0,3,2,PulseMart,100.8,3.49,297.55,Silver,2,IN,PulseMart,member26865@example.com,false,false
M27035,8,2023-08-29,2025-10-05,268,768,287.08,35.89,503.0,0,3,1,PulseEats,109.7,2.44,136.44,Gold,3,GB,PulseEats,member27035@example.com,false,false
M27096,5,2023-10-17,2025-03-12,475,512,261.19,52.24,272.0,3,3,2,PulseEats,128.0,3.71,186.2,Bronze,1,US,PulseEats,member27096@example.com,false,false
M28053,4,2024-05-02,2025-05-17,409,380,280.24,70.06,468.0,1,2,2,PulseEats,126.7,3.23,269.18,Bronze,1,IN,PulseEats,member28053@example.com,false,false
M28423,7,2024-11-18,2026-01-02,179,410,301.33,43.05,592.0,0,3,2,PulseHome,68.3,2.62,268.26,Silver,2,IN,PulseHome,member28423@example.com,false,false
M28489,8,2023-03-28,2025-09-04,299,891,635.53,79.44,1040.0,2,3,1,PulseEats,127.3,2.35,260.35,Bronze,1,AE,PulseEats,member28489@example.com,false,false
M28569,4,2024-07-27,2025-09-15,288,415,214.4,53.6,293.0,1,3,1,PulseMart,138.3,2.08,188.57,Bronze,1,IN,PulseMart,member28569@example.com,false,false
M28599,7,2023-08-19,2025-11-19,223,823,408.92,58.42,845.0,1,3,1,PulseMart,137.2,1.63,181.36,Bronze,1,SG,PulseMart,member28599@example.com,false,false
M29625,4,2024-03-26,2025-04-30,426,400,281.93,70.48,494.0,0,3,1,PulseEats,133.3,3.2,257.26,Platinum,4,US,PulseEats,member29625@example.com,false,false
M30250,8,2024-08-13,2025-12-12,200,486,362.05,45.26,634.0,1,3,2,PulseHome,69.4,2.88,271.91,Silver,2,SG,PulseHome,member30250@example.com,false,false
M30565,7,2022-10-30,2025-05-09,417,922,350.95,50.14,688.0,0,3,2,PulseEats,153.7,2.71,138.93,Silver,2,SG,PulseEats,member30565@example.com,false,false
M30596,5,2022-12-22,2025-05-25,401,885,406.75,81.35,884.0,0,3,2,PulseHome,221.3,1.81,167.76,Silver,2,US,PulseHome,member30596@example.com,false,false
M30690,10,2022-05-11,2025-09-13,290,1221,553.36,55.34,901.0,1,3,2,PulseEats,135.7,2.14,165.42,Gold,3,GB,PulseEats,member30690@example.com,false,false
M30805,6,2023-01-28,2025-06-25,370,879,410.93,68.49,823.0,0,3,1,PulseHome,175.8,2.1,170.64,Platinum,4,US,PulseHome,member30805@example.com,false,false
M31099,6,2021-05-27,2025-03-02,485,1375,470.84,78.47,750.0,2,3,1,PulseMart,275.0,1.76,124.99,Gold,3,IN,PulseMart,member31099@example.com,false,false
M31241,5,2023-04-20,2025-03-20,467,700,379.76,75.95,874.0,0,3,1,PulseMart,175.0,2.67,198.02,Platinum,4,GB,PulseMart,member31241@example.com,false,false
M31410,6,2022-12-05,2025-03-26,461,842,312.95,52.16,424.0,2,2,2,PulseEats,168.4,2.74,135.66,Gold,3,US,PulseEats,member31410@example.com,false,false
M31437,5,2023-07-03,2025-08-20,314,779,312.28,62.46,676.0,1,3,2,PulseMart,194.8,1.61,146.32,Gold,3,IN,PulseMart,member31437@example.com,false,false
M31744,6,2024-05-02,2025-08-31,303,486,437.95,72.99,713.0,1,3,2,PulseHome,97.2,3.12,328.91,Silver,2,SG,PulseHome,member31744@example.com,false,false
M31758,9,2024-05-02,2026-02-05,145,644,752.23,83.58,1379.0,3,3,1,PulseMart,80.5,1.8,426.34,Silver,2,IN,PulseMart,member31758@example.com,false,false
M31762,7,2022-10-05,2025-01-17,529,835,497.14,71.02,774.0,1,2,1,PulseEats,139.2,3.8,217.31,Gold,3,SG,PulseEats,member31762@example.com,false,false
M31914,5,2022-08-29,2025-03-03,484,917,256.91,51.38,470.0,1,2,1,PulseHome,229.3,2.11,102.26,Silver,2,IN,PulseHome,member31914@example.com,false,false
M32163,6,2023-11-05,2025-09-23,280,688,357.84,59.64,593.0,1,3,2,PulseEats,137.6,2.03,189.84,Bronze,1,IN,PulseEats,member32163@example.com,false,false
M32338,4,2023-04-12,2025-02-06,509,666,264.36,66.09,321.0,1,2,2,PulseHome,222.0,2.29,144.88,Gold,3,IN,PulseHome,member32338@example.com,false,false
M32390,6,2022-10-19,2025-01-21,525,825,343.84,57.31,642.0,2,2,1,PulseMart,165.0,3.18,152.12,Bronze,1,IN,PulseMart,member32390@example.com,false,false
M32672,5,2023-04-25,2025-01-29,517,645,267.12,53.42,565.0,1,3,1,PulseMart,161.3,3.21,151.16,Silver,2,IN,PulseMart,member32672@example.com,false,false
M32722,5,2022-06-27,2025-04-17,439,1025,317.83,63.57,731.0,0,3,1,PulseMart,256.3,1.71,113.18,Gold,3,AE,PulseMart,member32722@example.com,false,false
M32926,5,2022-06-03,2025-05-02,424,1064,280.67,56.13,630.0,0,2,2,PulseMart,266.0,1.59,96.28,Bronze,1,US,PulseMart,member32926@example.com,false,false
M33060,5,2024-01-17,2025-06-19,376,519,293.6,58.72,514.0,0,3,1,PulseEats,129.8,2.9,206.48,Silver,2,IN,PulseEats,member33060@example.com,false,false
M33297,5,2023-10-12,2025-09-03,300,692,205.56,41.11,347.0,2,3,2,PulseHome,173.0,1.73,108.42,Silver,2,US,PulseHome,member33297@example.com,false,false
M33476,4,2023-07-06,2025-05-04,422,668,229.29,57.32,527.0,0,3,1,PulseMart,222.7,1.9,125.29,Silver,2,US,PulseMart,member33476@example.com,false,false
M33496,6,2021-12-08,2025-04-13,443,1222,240.87,40.14,551.0,0,3,2,PulseMart,244.4,1.81,71.95,Gold,3,US,PulseMart,member33496@example.com,false,false
M33811,5,2024-04-25,2025-07-24,341,455,376.67,75.33,788.0,0,3,2,PulseMart,113.8,3.0,302.16,Bronze,1,AE,PulseMart,member33811@example.com,false,false
M33995,8,2021-12-29,2025-06-01,394,1250,529.45,66.18,905.0,1,3,2,PulseEats,178.6,2.21,154.6,Silver,2,US,PulseEats,member33995@example.com,false,false
M34927,6,2023-03-02,2025-05-15,411,805,360.98,60.16,622.0,1,2,1,PulseHome,161.0,2.55,163.67,Gold,3,IN,PulseHome,member34927@example.com,false,false
M35119,5,2024-09-25,2025-12-08,204,439,226.06,45.21,510.0,0,3,2,PulseMart,109.8,1.86,187.95,Bronze,1,US,PulseMart,member35119@example.com,false,false
M35331,8,2024-03-09,2026-01-10,171,672,321.86,40.23,644.0,0,3,1,PulseHome,96.0,1.78,174.82,Bronze,1,IN,PulseHome,member35331@example.com,false,false
M35541,5,2022-08-26,2025-01-21,525,879,308.18,61.64,410.0,1,2,1,PulseEats,219.8,2.39,127.97,Silver,2,IN,PulseEats,member35541@example.com,false,false
M36011,4,2023-07-17,2025-02-14,501,578,197.86,49.47,260.0,1,3,2,PulseHome,192.7,2.6,124.95,Bronze,1,US,PulseHome,member36011@example.com,false,false
M36456,9,2024-05-28,2026-02-18,132,631,579.67,64.41,1179.0,1,3,2,PulseMart,78.9,1.67,335.31,Bronze,1,US,PulseMart,member36456@example.com,false,false
M36900,5,2024-03-05,2025-05-17,409,438,318.06,63.61,507.0,1,3,1,PulseEats,109.5,3.74,265.05,Gold,3,IN,PulseEats,member36900@example.com,false,false
M37288,6,2024-07-12,2025-11-25,217,501,300.7,50.12,614.0,1,2,2,PulseMart,100.2,2.17,219.07,Bronze,1,IN,PulseMart,member37288@example.com,false,false
M37625,7,2024-02-23,2025-08-01,333,525,682.63,97.52,1068.0,4,3,1,PulseMart,87.5,3.81,474.59,Bronze,1,IN,PulseMart,member37625@example.com,false,false
M37765,5,2021-12-07,2025-03-16,471,1195,246.84,49.37,458.0,0,3,2,PulseEats,298.8,1.58,75.39,Bronze,1,IN,PulseEats,member37765@example.com,false,false
M37808,7,2024-08-05,2025-10-26,247,447,282.66,40.38,326.0,3,3,2,PulseEats,74.5,3.32,230.81,Silver,2,IN,PulseEats,member37808@example.com,false,false
M37811,7,2023-09-24,2025-06-24,371,639,417.38,59.63,943.0,0,3,2,PulseMart,106.5,3.48,238.41,Silver,2,GB,PulseMart,member37811@example.com,false,false
M38063,9,2022-08-28,2025-08-13,321,1081,495.99,55.11,906.0,2,3,2,PulseMart,135.1,2.38,167.47,Bronze,1,US,PulseMart,member38063@example.com,false,false
M38064,8,2025-02-15,2026-03-25,97,403,912.53,114.07,1612.0,2,3,1,PulseHome,57.6,1.68,826.48,Silver,2,US,PulseHome,member38064@example.com,false,false
M38148,9,2022-11-19,2025-08-11,323,996,424.07,47.12,607.0,4,3,2,PulseHome,124.5,2.59,155.41,Bronze,1,US,PulseHome,member38148@example.com,false,false
M38357,8,2023-07-19,2025-09-23,280,797,496.67,62.08,961.0,1,3,2,PulseMart,113.9,2.46,227.46,Silver,2,IN,PulseMart,member38357@example.com,false,false
M38426,5,2024-06-14,2025-10-04,269,477,411.03,82.21,720.0,0,3,1,PulseEats,119.3,2.26,314.52,Gold,3,US,PulseEats,member38426@example.com,false,false
M38537,9,2021-09-25,2025-02-17,498,1241,693.58,77.06,1415.0,1,3,3,PulseMart,155.1,3.21,203.99,Gold,3,IN,PulseMart,member38537@example.com,false,false
M38767,5,2023-01-02,2025-05-28,398,877,525.63,105.13,920.0,0,2,1,PulseEats,219.3,1.82,218.76,Gold,3,IN,PulseEats,member38767@example.com,false,false
M39106,7,2023-07-25,2025-10-12,261,810,407.58,58.23,714.0,0,2,1,PulseEats,135.0,1.93,183.66,Silver,2,IN,PulseEats,member39106@example.com,false,false
M39159,5,2023-11-27,2025-10-11,262,684,268.6,53.72,452.0,1,3,2,PulseEats,171.0,1.53,143.33,Bronze,1,GB,PulseEats,member39159@example.com,false,false
M39265,5,2024-09-27,2025-12-29,183,458,310.24,62.05,664.0,0,2,2,PulseHome,114.5,1.6,247.24,Bronze,1,US,PulseHome,member39265@example.com,false,false
M39425,5,2024-06-21,2025-12-02,210,529,390.86,78.17,900.0,0,3,1,PulseMart,132.3,1.59,269.69,Bronze,1,SG,PulseMart,member39425@example.com,false,false
M39786,7,2021-12-10,2025-04-09,447,1216,755.49,107.93,1475.0,2,3,2,PulseMart,202.7,2.21,226.77,Silver,2,IN,PulseMart,member39786@example.com,false,false
M31807,5,2024-11-02,2025-11-10,232,373,1273.5,254.7,2547.0,0,3,1,PulseHome,93.3,2.49,1246.19,Silver,2,US,PulseHome,member31807@example.com,false,false
M17735,5,2024-06-21,2025-07-21,344,395,1151.47,230.29,2014.0,0,2,1,PulseEats,98.8,3.48,1064.02,Bronze,1,IN,PulseEats,member17735@example.com,false,false
M14127,6,2024-07-16,2025-11-13,229,485,1664.5,277.42,2914.0,0,3,1,PulseEats,97.0,2.36,1252.66,Bronze,1,GB,PulseEats,member14127@example.com,false,false
M08497,5,2024-06-02,2025-09-28,275,483,1564.11,312.82,2736.0,0,2,1,PulseEats,120.8,2.28,1181.99,Bronze,1,IN,PulseEats,member08497@example.com,false,false
M24790,4,2024-07-29,2025-09-06,297,404,1184.46,296.12,2725.0,0,2,1,PulseMart,134.7,2.21,1070.12,Platinum,4,IN,PulseMart,member24790@example.com,false,false
M16798,5,2024-07-16,2025-10-03,270,444,1788.76,357.75,3130.0,0,2,1,PulseEats,111.0,2.43,1470.49,Bronze,1,IN,PulseEats,member16798@example.com,false,false
M36983,5,2024-06-04,2025-11-30,212,544,1297.54,259.51,2985.0,0,3,1,PulseMart,136.0,1.56,870.59,Bronze,1,US,PulseMart,member36983@example.com,false,false
M27954,6,2024-07-28,2025-12-27,185,517,1863.76,310.63,3726.0,0,3,1,PulseHome,103.4,1.79,1315.81,Gold,3,US,PulseHome,member27954@example.com,false,false
M13868,5,2024-09-05,2025-11-05,237,426,1286.52,257.3,2960.0,0,3,1,PulseMart,106.5,2.23,1102.3,Silver,2,GB,PulseMart,member13868@example.com,false,false
M16724,6,2024-07-10,2025-08-21,313,407,1550.14,258.36,3101.0,0,3,1,PulseHome,81.4,3.85,1390.17,Bronze,1,US,PulseHome,member16724@example.com,false,false
M22293,6,2024-06-17,2025-11-04,238,505,1844.74,307.46,4242.0,0,3,1,PulseMart,101.0,2.36,1333.33,Bronze,1,US,PulseMart,member22293@example.com,false,false
M16269,5,2024-10-11,2025-12-25,187,440,1274.8,254.96,2932.0,0,3,1,PulseMart,110.0,1.7,1057.5,Silver,2,US,PulseMart,member16269@example.com,false,false
M00798,4,2024-06-05,2025-08-28,306,449,1126.41,281.6,2591.0,0,3,1,PulseMart,149.7,2.04,915.68,Bronze,1,IN,PulseMart,member00798@example.com,false,false
M33573,6,2024-06-05,2025-12-02,210,545,1982.34,330.39,3468.0,0,3,1,PulseEats,109.0,1.93,1327.62,Silver,2,US,PulseEats,member33573@example.com,false,false
M20839,5,2024-07-25,2025-08-04,330,375,1427.27,285.45,2855.0,0,2,1,PulseHome,93.8,3.52,1389.21,Bronze,1,GB,PulseHome,member20839@example.com,false,false
M00027,8,2025-01-16,2026-03-12,110,420,477.52,59.69,876.0,1,3,1,PulseHome,60.0,1.83,414.99,Silver,2,US,PulseHome,member00027@example.com,false,false
M00401,4,2023-05-27,2025-06-16,379,751,345.81,86.45,627.0,1,2,2,PulseMart,250.3,1.51,168.07,Silver,2,SG,PulseMart,member00401@example.com,false,false
M01002,4,2023-06-01,2025-04-23,433,692,311.47,77.87,541.0,1,2,3,PulseHome,230.7,1.88,164.29,Bronze,1,US,PulseHome,member01002@example.com,false,false
M01272,4,2023-06-13,2025-03-19,468,645,279.19,69.8,568.0,1,2,2,PulseMart,215.0,2.18,157.99,Bronze,1,AE,PulseHome,member01272@example.com,false,false
M01393,5,2023-10-19,2025-08-04,330,655,346.56,69.31,734.0,0,3,2,PulseHome,163.8,2.02,193.12,Gold,3,US,PulseHome,member01393@example.com,false,false
M01977,6,2023-05-21,2025-08-26,308,828,369.08,61.51,687.0,1,3,1,PulseHome,165.6,1.86,162.7,Silver,2,IN,PulseHome,member01977@example.com,false,false
M02044,5,2023-12-29,2025-09-07,296,618,348.99,69.8,702.0,2,2,1,PulseMart,154.5,1.92,206.12,Bronze,1,IN,PulseMart,member02044@example.com,false,false
M02193,9,2025-01-21,2026-04-08,83,442,796.75,88.53,1532.0,2,3,1,PulseMart,55.3,1.5,657.95,Silver,2,GB,PulseMart,member02193@example.com,false,false
M02264,4,2022-05-12,2025-01-25,521,989,477.13,119.28,997.0,1,2,1,PulseMart,329.7,1.58,176.09,Bronze,1,GB,PulseMart,member02264@example.com,false,false
M02600,8,2023-10-04,2025-11-27,215,785,735.12,91.89,1569.0,1,3,2,PulseMart,112.1,1.92,341.81,Platinum,4,SG,PulseMart,member02600@example.com,false,false
M02734,5,2023-01-27,2025-05-02,424,826,290.84,58.17,504.0,1,3,1,PulseHome,206.5,2.05,128.52,Silver,2,IN,PulseHome,member02734@example.com,false,false
M02870,7,2021-09-29,2025-02-24,491,1244,399.36,57.05,699.0,0,3,1,PulseEats,207.3,2.37,117.18,Platinum,4,US,PulseEats,member02870@example.com,false,false
M03042,5,2022-11-28,2025-01-16,530,780,405.45,81.09,733.0,2,3,2,PulseMart,195.0,2.72,189.73,Bronze,1,US,PulseMart,member03042@example.com,false,false
M03819,10,2021-04-02,2025-08-08,326,1589,499.69,49.97,783.0,2,3,1,PulseEats,176.6,1.85,114.78,Gold,3,US,PulseEats,member03819@example.com,false,false
M03911,7,2023-09-14,2025-09-23,280,740,485.6,69.37,766.0,2,3,1,PulseEats,123.3,2.27,239.52,Bronze,1,IN,PulseEats,member03911@example.com,false,false
M03925,4,2024-09-04,2025-09-05,298,366,301.0,75.25,669.0,0,2,2,PulseMart,122.0,2.44,300.18,Bronze,1,SG,PulseMart,member03925@example.com,false,false
M04092,6,2024-06-18,2025-12-18,194,548,400.79,66.8,785.0,0,3,3,PulseEats,109.6,1.77,266.95,Bronze,1,IN,PulseEats,member04092@example.com,false,false
M04193,5,2024-05-22,2025-10-23,250,519,409.01,81.8,716.0,0,3,1,PulseEats,129.8,1.93,287.65,Gold,3,GB,PulseEats,member04193@example.com,false,false
M04653,4,2022-11-10,2025-04-05,451,877,546.1,136.53,567.0,2,2,1,PulseEats,292.3,1.54,227.28,Gold,3,IN,PulseEats,member04653@example.com,false,false
M04704,4,2024-01-27,2025-03-08,479,406,206.23,51.56,324.0,1,3,1,PulseMart,135.3,3.54,185.4,Gold,3,US,PulseMart,member04704@example.com,false,false
M04757,6,2022-12-10,2025-07-31,334,964,266.08,44.35,441.0,2,3,1,PulseMart,192.8,1.73,100.75,Silver,2,IN,PulseMart,member04757@example.com,false,false
M04888,6,2025-01-17,2026-01-18,163,366,317.83,52.97,411.0,2,3,1,PulseEats,73.2,2.23,316.96,Silver,2,SG,PulseEats,member04888@example.com,false,false
M04933,5,2024-09-30,2025-11-14,228,410,342.35,68.47,599.0,0,3,1,PulseEats,102.5,2.22,304.78,Gold,3,IN,PulseEats,member04933@example.com,false,false
M05900,9,2023-10-10,2025-12-28,184,810,571.43,63.49,1000.0,0,3,1,PulseEats,101.3,1.82,257.5,Gold,3,IN,PulseEats,member05900@example.com,false,false
M05910,7,2024-08-18,2025-11-30,212,469,382.09,54.58,764.0,0,3,1,PulseHome,78.2,2.71,297.36,Gold,3,US,PulseHome,member05910@example.com,false,false
M06051,7,2022-07-07,2025-03-15,472,982,381.99,54.57,570.0,1,3,1,PulseEats,163.7,2.88,141.98,Platinum,4,IN,PulseEats,member06051@example.com,false,false
M06185,6,2024-05-27,2025-11-10,232,532,453.64,75.61,1042.0,0,3,1,PulseMart,106.4,2.18,311.24,Bronze,1,US,PulseMart,member06185@example.com,false,false
M06498,6,2023-07-09,2025-05-22,404,683,371.01,61.84,709.0,2,3,2,PulseMart,136.6,2.96,198.27,Bronze,1,IN,PulseMart,member06498@example.com,false,false
M06605,5,2023-03-08,2025-01-15,531,679,516.99,103.4,670.0,3,3,1,PulseHome,169.8,3.13,277.91,Bronze,1,US,PulseHome,member06605@example.com,false,false
M06798,4,2023-01-23,2025-01-08,538,716,287.94,71.99,483.0,1,3,2,PulseEats,238.7,2.25,146.79,Gold,3,AE,PulseEats,member06798@example.com,false,false
M07077,5,2022-08-21,2025-05-06,420,989,297.7,59.54,485.0,2,2,1,PulseHome,247.3,1.7,109.87,Gold,3,US,PulseHome,member07077@example.com,false,false
M07078,4,2024-11-29,2025-12-13,199,379,183.04,45.76,114.0,2,2,1,PulseEats,126.3,1.58,176.28,Gold,3,AE,PulseEats,member07078@example.com,false,false
M07099,6,2022-09-02,2025-05-18,408,989,406.5,67.75,862.0,1,3,2,PulseMart,197.8,2.06,150.02,Bronze,1,IN,PulseMart,member07099@example.com,false,false
M07151,7,2022-09-14,2025-09-15,288,1097,415.76,59.39,809.0,1,3,2,PulseHome,182.8,1.58,138.33,Bronze,1,AE,PulseHome,member07151@example.com,false,false
M07553,5,2024-10-29,2026-01-04,177,432,224.07,44.81,405.0,0,3,2,PulseEats,108.0,1.64,189.32,Silver,2,AE,PulseEats,member07553@example.com,false,false
M07606,6,2023-03-08,2025-04-05,451,759,640.41,106.74,1034.0,2,3,2,PulseHome,151.8,2.97,307.97,Bronze,1,IN,PulseHome,member07606@example.com,false,false
M07679,9,2024-02-06,2026-02-05,145,730,693.12,77.01,1474.0,1,3,2,PulseMart,91.3,1.59,346.56,Bronze,1,SG,PulseMart,member07679@example.com,false,false
M07880,5,2022-10-23,2025-03-15,472,874,270.61,54.12,374.0,1,2,1,PulseEats,218.5,2.16,113.01,Silver,2,SG,PulseEats,member07880@example.com,false,false
M07926,4,2024-06-29,2025-10-22,251,480,151.42,37.85,299.0,1,3,1,PulseMart,160.0,1.57,115.14,Bronze,1,IN,PulseMart,member07926@example.com,false,false
M07952,6,2024-05-30,2025-12-22,190,571,428.88,71.48,456.0,3,3,1,PulseEats,114.2,1.66,274.15,Gold,3,SG,PulseEats,member07952@example.com,false,false
M07991,6,2022-10-11,2025-03-08,479,879,376.53,62.76,616.0,2,3,1,PulseHome,175.8,2.72,156.35,Bronze,1,AE,PulseHome,member07991@example.com,false,false
M08223,5,2022-06-21,2025-05-03,423,1047,649.3,129.86,1031.0,2,3,2,PulseEats,261.8,1.62,226.36,Silver,2,IN,PulseEats,member08223@example.com,false,false
M08329,7,2022-02-26,2025-06-22,373,1212,367.51,52.5,725.0,0,3,2,PulseHome,202.0,1.85,110.68,Gold,3,IN,PulseHome,member08329@example.com,false,false
M08820,6,2023-03-31,2025-08-20,314,873,349.78,58.3,732.0,1,3,2,PulseMart,174.6,1.8,146.24,Bronze,1,AE,PulseMart,member08820@example.com,false,false
M09208,5,2023-03-17,2025-05-05,421,780,266.61,53.32,538.0,0,2,3,PulseHome,195.0,2.16,124.76,Platinum,4,US,PulseHome,member09208@example.com,false,false
M09351,5,2022-11-06,2025-06-22,373,959,321.67,64.33,490.0,2,2,1,PulseMart,239.8,1.56,122.43,Bronze,1,IN,PulseMart,member09351@example.com,false,false
M09353,5,2024-07-03,2025-12-07,205,522,294.03,58.81,475.0,1,2,2,PulseHome,130.5,1.57,205.6,Silver,2,SG,PulseHome,member09353@example.com,false,false
M09474,7,2021-03-14,2025-03-16,471,1463,469.67,67.1,889.0,1,3,1,PulseHome,243.8,1.93,117.18,Bronze,1,IN,PulseHome,member09474@example.com,false,false
M09643,5,2023-08-11,2025-04-21,435,619,360.8,72.16,454.0,2,3,2,PulseEats,154.8,2.81,212.75,Gold,3,US,PulseEats,member09643@example.com,false,false
M09850,5,2024-03-02,2025-10-02,271,579,180.76,36.15,362.0,0,2,1,PulseHome,144.8,1.87,113.95,Silver,2,US,PulseHome,member09850@example.com,false,false
M10259,7,2023-06-12,2025-07-08,357,757,449.47,64.21,615.0,4,3,2,PulseMart,126.2,2.83,216.72,Silver,2,IN,PulseMart,member10259@example.com,false,false
M10374,8,2024-08-26,2026-03-01,121,552,674.37,84.3,1137.0,1,3,2,PulseEats,78.9,1.53,445.91,Bronze,1,US,PulseEats,member10374@example.com,false,false
M11154,8,2022-10-27,2025-08-01,333,1009,385.46,48.18,805.0,1,3,2,PulseMart,144.1,2.31,139.44,Silver,2,SG,PulseMart,member11154@example.com,false,false
M11166,4,2024-05-05,2025-09-22,281,505,223.61,55.9,314.0,1,3,1,PulseMart,168.3,1.67,161.62,Gold,3,US,PulseMart,member11166@example.com,false,false
M12151,10,2021-06-10,2025-04-19,437,1409,626.89,62.69,1015.0,2,3,2,PulseEats,156.6,2.79,162.4,Bronze,1,AE,PulseEats,member12151@example.com,false,false
M12320,4,2022-09-30,2025-02-13,502,867,277.29,69.32,404.0,1,2,1,PulseEats,289.0,1.74,116.74,Bronze,1,US,PulseEats,member12320@example.com,false,false
M12329,8,2024-11-09,2025-12-20,192,406,405.72,50.72,701.0,2,3,2,PulseMart,58.0,3.31,364.75,Silver,2,IN,PulseMart,member12329@example.com,false,false
M12482,5,2024-03-06,2025-09-15,288,558,198.28,39.66,300.0,1,2,1,PulseEats,139.5,2.06,129.7,Bronze,1,IN,PulseEats,member12482@example.com,false,false
M12526,7,2022-02-19,2025-05-30,396,1196,525.77,75.11,1052.0,0,3,1,PulseHome,199.3,1.99,160.46,Silver,2,US,PulseHome,member12526@example.com,false,false
M12757,4,2023-07-28,2025-03-17,470,598,270.96,67.74,521.0,1,3,2,PulseMart,199.3,2.36,165.39,Gold,3,IN,PulseMart,member12757@example.com,false,false
M12878,5,2024-08-24,2025-11-26,216,459,313.54,62.71,670.0,1,3,1,PulseMart,114.8,1.88,249.33,Bronze,1,IN,PulseMart,member12878@example.com,false,false
M12930,7,2024-10-07,2026-01-05,176,455,270.65,38.66,321.0,3,3,2,PulseHome,75.8,2.32,217.11,Gold,3,SG,PulseHome,member12930@example.com,false,false
M13024,7,2024-01-22,2025-11-04,238,652,496.35,70.91,942.0,2,3,1,PulseMart,108.7,2.19,277.86,Bronze,1,IN,PulseMart,member13024@example.com,false,false
M13170,8,2024-04-19,2025-11-15,227,575,445.56,55.69,743.0,1,3,1,PulseHome,82.1,2.76,282.83,Silver,2,IN,PulseHome,member13170@example.com,false,false
M13181,6,2024-01-04,2025-08-17,317,591,363.44,60.57,625.0,2,3,2,PulseMart,118.2,2.68,224.46,Bronze,1,AE,PulseMart,member13181@example.com,false,false
M13315,6,2023-08-09,2025-08-20,314,742,265.36,44.23,269.0,2,3,1,PulseEats,148.4,2.12,130.53,Bronze,1,IN,PulseEats,member13315@example.com,false,false
M13769,5,2022-11-18,2025-01-31,515,805,317.04,63.41,549.0,2,3,2,PulseMart,201.3,2.56,143.75,Gold,3,SG,PulseMart,member13769@example.com,false,false
M13771,6,2023-02-17,2025-06-15,380,849,667.05,111.18,1535.0,0,3,1,PulseMart,169.8,2.24,286.78,Bronze,1,US,PulseMart,member13771@example.com,false,false
M13794,7,2023-11-19,2025-10-18,255,699,332.02,47.43,633.0,0,3,2,PulseHome,116.5,2.19,173.37,Bronze,1,SG,PulseHome,member13794@example.com,false,false
M13844,4,2024-01-12,2025-08-23,311,589,214.57,53.64,325.0,1,3,1,PulseEats,196.3,1.58,132.97,Silver,2,IN,PulseEats,member13844@example.com,false,false
M14112,4,2022-05-16,2025-01-18,528,978,104.9,26.23,210.0,0,3,1,PulseHome,326.0,1.62,39.15,Bronze,1,IN,PulseHome,member14112@example.com,false,false
M14293,4,2024-01-25,2025-06-19,376,511,379.22,94.81,789.0,0,2,2,PulseHome,170.3,2.21,270.87,Bronze,1,US,PulseHome,member14293@example.com,false,false
M14417,5,2023-11-26,2025-07-02,363,584,230.0,46.0,529.0,0,3,1,PulseMart,146.0,2.49,143.75,Bronze,1,IN,PulseMart,member14417@example.com,false,false
M14625,6,2022-10-24,2025-07-05,360,985,250.98,41.83,302.0,3,3,2,PulseHome,197.0,1.83,93.0,Silver,2,US,PulseHome,member14625@example.com,false,false
M14874,7,2025-01-30,2026-03-16,106,410,456.27,65.18,612.0,4,3,2,PulseMart,68.3,1.55,406.19,Gold,3,US,PulseMart,member14874@example.com,false,false
M14883,9,2022-11-18,2025-12-03,209,1111,643.74,71.53,1430.0,1,3,1,PulseMart,138.9,1.5,211.49,Gold,3,IN,PulseMart,member14883@example.com,false,false
M14957,4,2022-12-08,2025-01-29,517,783,216.08,54.02,435.0,0,2,2,PulseEats,261.0,1.98,100.73,Gold,3,US,PulseEats,member14957@example.com,false,false
M15242,12,2023-11-10,2026-02-25,125,838,756.23,63.02,1372.0,3,3,1,PulseMart,76.2,1.64,329.38,Gold,3,IN,PulseMart,member15242@example.com,false,false
M15406,4,2024-01-30,2025-07-22,343,539,316.35,79.09,424.0,1,2,1,PulseEats,179.7,1.91,214.23,Bronze,1,IN,PulseEats,member15406@example.com,false,false
M15642,5,2024-05-29,2025-10-14,259,503,355.88,71.18,525.0,1,2,1,PulseHome,125.8,2.06,258.24,Gold,3,US,PulseHome,member15642@example.com,false,false
M15645,4,2023-03-24,2025-03-20,467,727,219.56,54.89,505.0,0,3,1,PulseMart,242.3,1.93,110.23,Silver,2,IN,PulseMart,member15645@example.com,false,false
M15705,6,2021-10-12,2025-02-17,498,1224,517.76,86.29,849.0,2,3,2,PulseEats,244.8,2.03,154.4,Platinum,4,AE,PulseEats,member15705@example.com,false,false
M16134,7,2022-10-22,2025-09-27,276,1071,692.65,98.95,1066.0,1,2,2,PulseEats,178.5,1.55,236.06,Gold,3,US,PulseEats,member16134@example.com,false,false
M16365,7,2023-04-20,2025-10-06,267,900,556.67,79.52,974.0,0,3,1,PulseEats,150.0,1.78,225.76,Silver,2,IN,PulseEats,member16365@example.com,false,false
M16642,4,2024-01-22,2025-04-26,430,460,280.14,70.04,418.0,1,3,1,PulseHome,153.3,2.8,222.29,Bronze,1,SG,PulseHome,member16642@example.com,false,false
M16675,6,2023-05-10,2025-07-19,346,801,630.17,105.03,952.0,1,2,1,PulseEats,160.2,2.16,287.16,Silver,2,SG,PulseEats,member16675@example.com,false,false
M16777,6,2021-06-01,2025-04-14,442,1413,358.02,59.67,621.0,1,3,1,PulseHome,282.6,1.56,92.48,Bronze,1,IN,PulseHome,member16777@example.com,false,false
M17171,7,2023-03-09,2025-04-30,426,783,345.4,49.34,533.0,2,2,1,PulseHome,130.5,3.26,161.01,Gold,3,SG,PulseHome,member17171@example.com,false,false
M17205,5,2023-12-29,2025-07-08,357,557,449.57,89.91,787.0,0,3,1,PulseEats,139.3,2.56,294.6,Bronze,1,IN,PulseEats,member17205@example.com,false,false
M17644,5,2022-08-20,2025-04-10,446,964,257.74,51.55,354.0,1,3,1,PulseEats,241.0,1.85,97.59,Bronze,1,AE,PulseEats,member17644@example.com,false,false
M17804,8,2023-05-30,2025-12-02,210,917,600.32,75.04,746.0,3,3,1,PulseEats,131.0,1.6,238.95,Silver,2,US,PulseEats,member17804@example.com,false,false
M17836,5,2023-08-20,2025-08-31,303,742,253.43,50.69,529.0,0,2,2,PulseMart,185.5,1.63,124.67,Gold,3,US,PulseMart,member17836@example.com,false,false
M18322,7,2022-11-22,2025-06-11,384,932,599.75,85.68,1380.0,0,3,1,PulseMart,155.3,2.47,234.88,Platinum,4,IN,PulseMart,member18322@example.com,false,false
M18338,6,2023-09-16,2025-08-02,332,686,285.6,47.6,422.0,2,3,1,PulseHome,137.2,2.42,151.96,Bronze,1,IN,PulseHome,member18338@example.com,false,false
M18533,4,2022-12-27,2025-04-22,434,847,251.32,62.83,449.0,1,3,2,PulseMart,282.3,1.54,108.3,Bronze,1,SG,PulseMart,member18533@example.com,false,false
M18907,8,2023-10-21,2025-08-16,318,665,396.5,49.56,661.0,1,3,2,PulseHome,95.0,3.35,217.63,Silver,2,US,PulseHome,member18907@example.com,false,false
M19425,4,2022-11-09,2025-02-22,493,836,260.12,65.03,538.0,0,3,2,PulseHome,278.7,1.77,113.57,Bronze,1,IN,PulseHome,member19425@example.com,false,false
M19676,5,2023-12-02,2025-03-17,470,471,437.85,87.57,675.0,1,3,1,PulseHome,117.8,3.99,339.31,Silver,2,US,PulseHome,member19676@example.com,false,false
M19935,6,2022-10-27,2025-05-14,412,930,334.35,55.72,642.0,1,3,2,PulseHome,186.0,2.22,131.22,Silver,2,IN,PulseHome,member19935@example.com,false,false
M20221,5,2022-02-23,2025-02-05,510,1078,232.13,46.43,373.0,1,3,1,PulseHome,269.5,1.89,78.6,Bronze,1,US,PulseHome,member20221@example.com,false,false
M20302,5,2023-06-13,2025-04-24,432,681,272.51,54.5,544.0,0,3,1,PulseHome,170.3,2.54,146.06,Bronze,1,IN,PulseHome,member20302@example.com,false,false
M20368,6,2022-07-10,2025-06-11,384,1067,318.52,53.09,541.0,2,3,2,PulseMart,213.4,1.8,108.96,Bronze,1,US,PulseMart,member20368@example.com,false,false
M20457,6,2024-01-24,2025-10-10,263,625,327.44,54.57,605.0,1,2,1,PulseHome,125.0,2.1,191.22,Bronze,1,SG,PulseHome,member20457@example.com,false,false
M20841,5,2024-07-04,2025-09-07,296,430,250.36,50.07,500.0,0,2,1,PulseHome,107.5,2.75,212.51,Silver,2,IN,PulseHome,member20841@example.com,false,false
M20998,5,2022-02-10,2025-04-17,439,1162,343.14,68.63,599.0,1,2,3,PulseHome,290.5,1.51,107.78,Gold,3,US,PulseHome,member20998@example.com,false,false
M21359,5,2024-01-15,2025-10-06,267,630,349.03,69.81,771.0,0,2,2,PulseMart,157.5,1.7,202.22,Silver,2,IN,PulseMart,member21359@example.com,false,false
M21414,6,2023-09-20,2025-05-15,411,603,448.42,74.74,1027.0,0,3,2,PulseMart,120.6,3.41,271.43,Gold,3,US,PulseMart,member21414@example.com,false,false
M21506,4,2024-01-03,2025-03-31,456,453,249.36,62.34,436.0,0,3,1,PulseEats,151.0,3.02,200.92,Platinum,4,IN,PulseEats,member21506@example.com,false,false
M21654,6,2024-11-10,2026-02-11,139,458,363.96,60.66,497.0,3,3,1,PulseHome,91.6,1.52,290.06,Gold,3,IN,PulseHome,member21654@example.com,false,false
M21666,6,2024-01-20,2025-09-09,294,598,397.65,66.27,863.0,1,2,2,PulseMart,119.6,2.46,242.71,Silver,2,IN,PulseMart,member21666@example.com,false,false
M21770,6,2024-04-09,2025-12-06,206,606,330.07,55.01,730.0,0,3,2,PulseMart,121.2,1.7,198.8,Silver,2,US,PulseMart,member21770@example.com,false,false
M22054,4,2024-04-24,2025-08-11,323,474,236.31,59.08,369.0,1,3,2,PulseHome,158.0,2.04,181.97,Bronze,1,US,PulseHome,member22054@example.com,false,false
M22592,4,2024-07-14,2025-09-21,282,434,228.17,57.04,324.0,1,2,1,PulseMart,144.7,1.95,191.89,Bronze,1,IN,PulseMart,member22592@example.com,false,false
M22848,5,2024-04-07,2025-11-08,234,580,432.46,86.49,799.0,1,3,2,PulseHome,145.0,1.61,272.15,Gold,3,IN,PulseHome,member22848@example.com,false,false
M22940,8,2022-09-17,2025-06-10,385,997,414.76,51.84,829.0,0,3,1,PulseHome,142.4,2.7,151.84,Gold,3,GB,PulseHome,member22940@example.com,false,false
M22970,6,2021-10-24,2025-05-27,399,1311,219.25,36.54,392.0,1,2,1,PulseHome,262.2,1.52,61.04,Bronze,1,IN,PulseHome,member22970@example.com,false,false
M23086,4,2023-11-13,2025-03-02,485,475,311.51,77.88,545.0,0,2,1,PulseEats,158.3,3.06,239.37,Silver,2,GB,PulseEats,member23086@example.com,false,false
M23102,6,2024-09-27,2025-12-02,210,431,402.41,67.07,456.0,3,3,1,PulseHome,86.2,2.44,340.79,Bronze,1,US,PulseHome,member23102@example.com,false,false
M23110,8,2022-12-22,2025-11-12,230,1056,625.68,78.21,1356.0,1,3,2,PulseMart,150.9,1.52,216.26,Bronze,1,GB,PulseMart,member23110@example.com,false,false
M23350,5,2023-07-20,2025-08-27,307,769,416.06,83.21,619.0,1,3,1,PulseEats,192.3,1.6,197.48,Bronze,1,SG,PulseEats,member23350@example.com,false,false
M23368,4,2024-06-02,2025-08-12,322,436,342.5,85.62,538.0,2,2,1,PulseMart,145.3,2.22,286.73,Bronze,1,GB,PulseMart,member23368@example.com,false,false
M24086,5,2023-08-10,2025-06-05,390,665,262.96,52.59,576.0,1,3,1,PulseMart,166.3,2.35,144.33,Gold,3,US,PulseMart,member24086@example.com,false,false
M24103,4,2024-05-06,2025-05-06,420,365,235.95,58.99,250.0,1,3,1,PulseEats,121.7,3.45,235.95,Bronze,1,US,PulseEats,member24103@example.com,false,false
M24403,8,2023-07-18,2025-12-15,197,881,558.47,69.81,763.0,4,3,1,PulseMart,125.9,1.57,231.38,Silver,2,IN,PulseMart,member24403@example.com,false,false
M24442,7,2024-08-18,2025-11-12,230,451,466.54,66.65,949.0,0,3,2,PulseHome,75.2,3.06,377.58,Bronze,1,SG,PulseHome,member24442@example.com,false,false
M25070,4,2024-06-26,2025-07-16,349,385,199.35,49.84,304.0,1,3,1,PulseEats,128.3,2.72,188.99,Bronze,1,IN,PulseEats,member25070@example.com,false,false
M25245,5,2023-11-12,2025-07-30,335,626,336.0,67.2,621.0,1,3,1,PulseHome,156.5,2.14,195.91,Silver,2,IN,PulseHome,member25245@example.com,false,false
M25547,6,2023-06-28,2025-07-23,342,756,341.94,56.99,786.0,0,3,1,PulseMart,151.2,2.26,165.09,Gold,3,SG,PulseMart,member25547@example.com,false,false
M25582,6,2021-09-13,2025-03-14,473,1278,328.11,54.69,479.0,2,3,1,PulseEats,255.6,1.85,93.71,Bronze,1,SG,PulseEats,member25582@example.com,false,false
M25644,6,2021-11-06,2025-01-31,515,1182,294.28,49.05,533.0,0,3,2,PulseEats,236.4,2.18,90.87,Bronze,1,GB,PulseEats,member25644@example.com,false,false
M25855,4,2024-11-16,2025-11-26,216,375,353.66,88.42,405.0,2,3,3,PulseEats,125.0,1.73,344.23,Bronze,1,IN,PulseEats,member25855@example.com,false,false
M26221,4,2024-08-06,2025-11-09,233,460,246.2,61.55,430.0,0,2,1,PulseEats,153.3,1.52,195.35,Gold,3,IN,PulseEats,member26221@example.com,false,false
M26854,6,2023-12-28,2025-11-15,227,688,443.61,73.94,694.0,2,3,2,PulseHome,137.6,1.65,235.35,Bronze,1,GB,PulseHome,member26854@example.com,false,false
M27196,4,2023-12-06,2025-07-08,357,580,241.29,60.32,434.0,1,3,2,PulseMart,193.3,1.85,151.85,Bronze,1,US,PulseMart,member27196@example.com,false,false
M27856,6,2024-02-12,2025-11-20,222,647,433.13,72.19,766.0,1,3,1,PulseHome,129.4,1.72,244.35,Bronze,1,IN,PulseHome,member27856@example.com,false,false
M28222,4,2024-02-02,2025-05-07,419,460,234.14,58.54,338.0,1,2,1,PulseEats,153.3,2.73,185.79,Bronze,1,IN,PulseEats,member28222@example.com,false,false
M28233,5,2023-02-13,2025-06-22,373,860,459.01,91.8,918.0,0,2,1,PulseHome,215.0,1.73,194.81,Platinum,4,SG,PulseHome,member28233@example.com,false,false
M28601,5,2024-07-25,2025-12-13,199,506,349.28,69.86,703.0,1,2,1,PulseMart,126.5,1.57,251.95,Silver,2,US,PulseMart,member28601@example.com,false,false
M28698,7,2023-09-06,2025-07-15,350,678,429.1,61.3,751.0,0,2,1,PulseEats,113.0,3.1,231.01,Bronze,1,US,PulseEats,member28698@example.com,false,false
M29105,6,2021-05-01,2025-03-22,465,1421,424.52,70.75,838.0,0,3,3,PulseHome,284.2,1.64,109.04,Bronze,1,IN,PulseHome,member29105@example.com,false,false
M29245,8,2024-10-01,2026-01-02,179,458,762.67,95.33,1755.0,0,2,1,PulseMart,65.4,2.74,607.8,Bronze,1,IN,PulseMart,member29245@example.com,false,false
M29868,7,2024-03-08,2025-08-19,315,529,444.88,63.55,785.0,0,3,2,PulseEats,88.2,3.57,306.96,Gold,3,US,PulseEats,member29868@example.com,false,false
M29966,7,2024-01-11,2025-07-17,348,553,453.26,64.75,818.0,1,3,1,PulseHome,92.2,3.78,299.17,Silver,2,IN,PulseHome,member29966@example.com,false,false
M29975,4,2023-11-09,2025-06-24,371,593,251.68,62.92,440.0,0,2,1,PulseEats,197.7,1.88,154.91,Silver,2,AE,PulseEats,member29975@example.com,false,false
M30041,7,2022-05-01,2025-06-21,374,1147,460.4,65.77,780.0,2,3,1,PulseHome,191.2,1.96,146.51,Silver,2,IN,PulseHome,member30041@example.com,false,false
M30138,6,2024-09-27,2025-11-05,237,404,320.99,53.5,585.0,1,3,1,PulseMart,80.8,2.93,290.0,Bronze,1,US,PulseMart,member30138@example.com,false,false
M30179,4,2023-01-26,2025-03-29,458,793,374.01,93.5,828.0,0,3,2,PulseMart,264.3,1.73,172.15,Gold,3,US,PulseMart,member30179@example.com,false,false
M30204,6,2023-05-27,2025-09-06,297,833,561.96,93.66,1266.0,0,3,2,PulseMart,166.6,1.78,246.24,Silver,2,US,PulseMart,member30204@example.com,false,false
M30468,5,2022-09-17,2025-02-25,490,892,214.95,42.99,404.0,0,3,2,PulseEats,223.0,2.2,87.96,Bronze,1,SG,PulseEats,member30468@example.com,false,false
M31774,7,2023-02-02,2025-02-19,496,748,506.31,72.33,993.0,2,3,2,PulseMart,124.7,3.98,247.06,Silver,2,IN,PulseMart,member31774@example.com,false,false
M32091,6,2022-05-18,2025-03-22,465,1039,434.33,72.39,822.0,1,3,3,PulseHome,207.8,2.24,152.58,Platinum,4,IN,PulseHome,member32091@example.com,false,false
M32491,4,2024-02-03,2025-05-11,415,463,252.17,63.04,454.0,1,2,1,PulseHome,154.3,2.69,198.79,Silver,2,IN,PulseHome,member32491@example.com,false,false
M32608,4,2022-09-27,2025-02-27,488,884,491.85,122.96,834.0,1,2,1,PulseHome,294.7,1.66,203.08,Bronze,1,AE,PulseHome,member32608@example.com,false,false
M32618,9,2023-08-31,2025-11-09,233,801,744.92,82.77,897.0,3,2,2,PulseEats,100.1,2.33,339.45,Bronze,1,SG,PulseEats,member32618@example.com,false,false
M33410,7,2021-08-11,2025-05-30,396,1388,310.74,44.39,552.0,1,3,2,PulseHome,231.3,1.71,81.71,Silver,2,IN,PulseHome,member33410@example.com,false,false
M33528,6,2024-06-16,2025-12-12,200,544,312.05,52.01,394.0,2,2,2,PulseHome,108.8,1.84,209.37,Platinum,4,US,PulseHome,member33528@example.com,false,false
M33736,6,2024-02-21,2025-08-17,317,543,488.44,81.41,1071.0,1,2,2,PulseMart,108.6,2.92,328.33,Bronze,1,IN,PulseMart,member33736@example.com,false,false
M33778,8,2021-06-17,2025-07-11,354,1485,704.52,88.07,1371.0,2,3,1,PulseMart,212.1,1.67,173.16,Platinum,4,US,PulseMart,member33778@example.com,false,false
M33795,5,2022-03-08,2025-04-22,434,1141,272.99,54.6,384.0,1,3,2,PulseHome,285.3,1.52,87.33,Platinum,4,US,PulseHome,member33795@example.com,false,false
M34000,5,2023-01-12,2025-05-23,403,862,160.59,32.12,220.0,2,2,1,PulseMart,215.5,1.87,68.0,Silver,2,US,PulseMart,member34000@example.com,false,false
M34023,5,2023-11-17,2025-06-25,370,586,369.65,73.93,495.0,1,3,2,PulseEats,146.5,2.53,230.24,Gold,3,GB,PulseEats,member34023@example.com,false,false
M34321,7,2022-10-19,2025-06-24,371,979,365.07,52.15,633.0,1,3,1,PulseHome,163.2,2.27,136.11,Bronze,1,US,PulseHome,member34321@example.com,false,false
M34629,4,2022-06-28,2025-02-16,499,964,318.69,79.67,577.0,0,2,2,PulseEats,321.3,1.55,120.67,Silver,2,IN,PulseEats,member34629@example.com,false,false
M34635,4,2022-11-04,2025-01-28,518,816,207.62,51.91,451.0,0,3,2,PulseMart,272.0,1.9,92.87,Gold,3,US,PulseMart,member34635@example.com,false,false
M34701,5,2024-06-07,2025-08-24,310,443,375.15,75.03,596.0,1,3,3,PulseHome,110.8,2.8,309.1,Silver,2,IN,PulseHome,member34701@example.com,false,false
M34726,4,2023-12-27,2025-05-27,399,517,178.56,44.64,411.0,0,2,1,PulseMart,172.3,2.32,126.06,Gold,3,AE,PulseMart,member34726@example.com,false,false
M34900,5,2023-12-31,2025-05-16,410,502,373.37,74.67,709.0,1,2,1,PulseMart,125.5,3.27,271.47,Gold,3,US,PulseMart,member34900@example.com,false,false
M35122,4,2022-09-02,2025-02-22,493,904,155.77,38.94,172.0,1,3,1,PulseEats,301.3,1.64,62.89,Bronze,1,US,PulseEats,member35122@example.com,false,false
M35201,6,2022-07-27,2025-05-06,420,1014,491.0,81.83,657.0,2,2,1,PulseEats,202.8,2.07,176.74,Silver,2,IN,PulseEats,member35201@example.com,false,false
M35596,5,2024-07-04,2025-08-04,330,396,287.13,57.43,599.0,0,2,2,PulseHome,99.0,3.33,264.65,Gold,3,IN,PulseHome,member35596@example.com,false,false
M35872,5,2024-09-08,2025-11-25,217,443,250.59,50.12,453.0,2,1,2,PulseMart,110.8,1.96,206.47,Silver,2,SG,PulseMart,member35872@example.com,false,false
M36035,6,2023-05-20,2025-02-19,496,641,595.64,99.27,888.0,1,3,2,PulseEats,128.2,3.87,339.17,Bronze,1,US,PulseEats,member36035@example.com,false,false
M36294,8,2024-02-08,2025-12-16,196,677,439.29,54.91,658.0,1,2,2,PulseEats,96.7,2.03,236.84,Bronze,1,US,PulseEats,member36294@example.com,false,false
M36419,4,2024-02-05,2025-07-27,338,538,185.93,46.48,341.0,0,2,2,PulseEats,179.3,1.88,126.14,Platinum,4,US,PulseEats,member36419@example.com,false,false
M36599,7,2023-04-22,2025-08-04,330,835,388.26,55.47,543.0,2,3,3,PulseEats,139.2,2.37,169.72,Bronze,1,US,PulseEats,member36599@example.com,false,false
M36647,8,2023-04-28,2025-10-22,251,908,388.13,48.52,831.0,1,3,2,PulseMart,129.7,1.94,156.02,Bronze,1,IN,PulseMart,member36647@example.com,false,false
M36804,6,2023-03-29,2025-08-12,322,867,485.37,80.9,798.0,1,3,1,PulseHome,173.4,1.86,204.34,Gold,3,US,PulseHome,member36804@example.com,false,false
M37116,6,2023-12-29,2025-06-07,388,526,218.03,36.34,452.0,1,3,1,PulseMart,105.2,3.69,151.29,Silver,2,US,PulseMart,member37116@example.com,false,false
M37220,9,2023-07-19,2025-08-13,321,756,371.09,41.23,687.0,1,3,1,PulseHome,94.5,3.4,179.16,Gold,3,AE,PulseHome,member37220@example.com,false,false
M37418,4,2024-07-05,2025-10-06,267,458,471.54,117.89,894.0,1,3,1,PulseHome,152.7,1.75,375.79,Gold,3,IN,PulseHome,member37418@example.com,false,false
M37439,6,2022-04-25,2025-01-21,525,1002,400.83,66.8,565.0,3,3,2,PulseEats,200.4,2.62,146.01,Silver,2,IN,PulseEats,member37439@example.com,false,false
M37604,5,2022-06-13,2025-03-26,461,1017,370.06,74.01,652.0,1,3,1,PulseMart,254.3,1.81,132.81,Silver,2,IN,PulseMart,member37604@example.com,false,false
M37818,4,2024-05-28,2025-07-26,339,424,317.6,79.4,730.0,0,2,1,PulseMart,141.3,2.4,273.41,Bronze,1,IN,PulseMart,member37818@example.com,false,false
M37894,4,2024-05-18,2025-10-09,264,509,138.17,34.54,79.0,3,2,2,PulseHome,169.7,1.56,99.08,Gold,3,US,PulseHome,member37894@example.com,false,false
M37916,8,2022-07-08,2025-04-23,433,1020,367.01,45.88,707.0,2,3,2,PulseMart,145.7,2.97,131.33,Bronze,1,IN,PulseMart,member37916@example.com,false,false
M38174,4,2024-06-29,2025-09-17,286,445,149.51,37.38,343.0,0,3,1,PulseMart,148.3,1.93,122.63,Bronze,1,AE,PulseMart,member38174@example.com,false,false
M38226,6,2024-10-03,2025-12-03,209,426,347.53,57.92,563.0,1,3,2,PulseEats,85.2,2.45,297.77,Bronze,1,US,PulseEats,member38226@example.com,false,false
M38259,5,2023-11-25,2025-08-27,307,641,345.8,69.16,606.0,0,3,1,PulseEats,160.3,1.92,196.91,Bronze,1,SG,PulseEats,member38259@example.com,false,false
M38377,5,2023-02-09,2025-04-24,432,805,220.41,44.08,326.0,2,2,1,PulseMart,201.3,2.15,99.94,Platinum,4,GB,PulseMart,member38377@example.com,false,false
M38456,7,2022-03-08,2025-08-10,324,1251,242.22,34.6,325.0,2,3,1,PulseEats,208.5,1.55,70.67,Platinum,4,IN,PulseEats,member38456@example.com,false,false
M38539,8,2022-09-19,2025-08-11,323,1057,534.45,66.81,1048.0,2,3,2,PulseMart,151.0,2.14,184.55,Silver,2,GB,PulseMart,member38539@example.com,false,false
M38663,6,2023-10-16,2025-09-26,277,711,581.45,96.91,932.0,1,2,2,PulseEats,142.2,1.95,298.49,Bronze,1,AE,PulseEats,member38663@example.com,false,false
M38761,5,2023-08-25,2025-08-27,307,733,252.11,50.42,488.0,0,3,2,PulseHome,183.3,1.68,125.54,Bronze,1,SG,PulseHome,member38761@example.com,false,false
M38956,6,2022-12-15,2025-08-29,305,988,306.94,51.16,458.0,2,3,1,PulseMart,197.6,1.54,113.39,Bronze,1,IN,PulseMart,member38956@example.com,false,false
M38978,5,2025-01-29,2026-02-02,148,369,284.22,56.84,447.0,1,2,1,PulseEats,92.3,1.6,281.14,Bronze,1,US,PulseEats,member38978@example.com,false,false
M39205,6,2024-09-18,2025-11-11,231,419,255.97,42.66,224.0,3,3,1,PulseEats,83.8,2.76,222.98,Platinum,4,IN,PulseEats,member39205@example.com,false,false
M39523,6,2022-02-05,2025-05-08,418,1188,621.43,103.57,1342.0,1,2,1,PulseMart,237.6,1.76,190.93,Bronze,1,US,PulseMart,member39523@example.com,false,false
M39764,12,2022-09-30,2025-09-13,290,1079,570.67,47.56,1076.0,1,3,2,PulseHome,98.1,2.96,193.04,Silver,2,US,PulseHome,member39764@example.com,false,false
M39775,4,2023-08-02,2025-03-26,461,602,239.53,59.88,420.0,0,3,1,PulseEats,200.7,2.3,145.23,Bronze,1,US,PulseEats,member39775@example.com,false,false
M39935,6,2024-08-03,2025-12-22,190,506,480.66,80.11,962.0,0,3,1,PulseHome,101.2,1.88,346.72,Silver,2,US,PulseHome,member39935@example.com,false,false
M37512,6,2024-08-02,2025-12-02,210,487,2261.38,376.9,3957.0,0,3,1,PulseEats,97.4,2.16,1694.87,Silver,2,SG,PulseEats,member37512@example.com,false,false
M08865,5,2024-09-23,2025-12-15,197,448,1634.22,326.84,3759.0,0,3,1,PulseMart,112.0,1.76,1331.45,Bronze,1,IN,PulseMart,member08865@example.com,false,false
M12828,6,2024-10-12,2025-10-13,260,366,1852.27,308.71,3705.0,0,3,1,PulseHome,73.2,3.55,1847.21,Silver,2,US,PulseHome,member12828@example.com,false,false
M13772,5,2024-09-23,2025-12-11,201,444,1574.82,314.96,3622.0,0,3,1,PulseMart,111.0,1.81,1294.62,Silver,2,US,PulseMart,member13772@example.com,false,false
M21188,5,2024-07-24,2025-09-11,292,414,1554.06,310.81,3109.0,0,2,1,PulseHome,103.5,2.82,1370.13,Platinum,4,IN,PulseHome,member21188@example.com,false,false
M18841,4,2024-07-31,2025-09-20,283,416,981.37,245.34,1717.0,0,2,1,PulseEats,138.7,2.04,861.06,Gold,3,IN,PulseEats,member18841@example.com,false,false
M33769,5,2024-08-03,2025-08-09,325,371,1194.53,238.91,2747.0,0,2,1,PulseMart,92.8,3.5,1175.21,Bronze,1,US,PulseMart,member33769@example.com,false,false
M12844,6,2024-07-08,2025-11-05,237,485,1628.2,271.37,3257.0,0,3,1,PulseHome,97.0,2.44,1225.35,Bronze,1,IN,PulseHome,member12844@example.com,false,false
M33544,6,2024-10-19,2025-11-17,225,394,1913.24,318.87,3826.0,0,3,1,PulseHome,78.8,2.86,1772.42,Platinum,4,US,PulseHome,member33544@example.com,false,false
M19664,4,2024-06-20,2025-10-23,250,490,992.19,248.05,1985.0,0,2,1,PulseHome,163.3,1.53,739.08,Platinum,4,IN,PulseHome,member19664@example.com,false,false
M22657,5,2024-09-03,2025-10-25,248,417,1337.17,267.43,3076.0,0,3,1,PulseMart,104.3,2.38,1170.42,Gold,3,IN,PulseMart,member22657@example.com,false,false
M08696,4,2024-08-10,2025-10-07,266,423,1202.26,300.57,2105.0,0,3,1,PulseEats,141.0,1.89,1037.41,Bronze,1,IN,PulseEats,member08696@example.com,false,false
M27926,6,2024-06-08,2025-10-16,257,495,1640.63,273.44,2870.0,0,2,1,PulseEats,99.0,2.6,1209.76,Bronze,1,SG,PulseEats,member27926@example.com,false,false
M11603,5,2024-08-04,2025-10-13,260,435,1058.35,211.67,2117.0,0,3,1,PulseHome,108.8,2.39,888.04,Silver,2,SG,PulseHome,member11603@example.com,false,false
M37900,6,2024-07-16,2025-10-20,253,461,1837.01,306.17,4225.0,0,3,1,PulseMart,92.2,2.74,1454.47,Silver,2,SG,PulseMart,member37900@example.com,false,false
M20409,4,2024-12-01,2025-12-13,199,377,1332.22,333.06,3063.0,0,2,1,PulseMart,125.7,1.58,1289.82,Silver,2,GB,PulseMart,member20409@example.com,false,false
M14463,5,2024-06-29,2025-07-31,334,397,1714.0,342.8,2999.0,0,3,1,PulseEats,99.3,3.37,1575.84,Gold,3,IN,PulseEats,member14463@example.com,false,false
M02878,8,2024-11-01,2026-02-03,147,459,497.08,62.14,894.0,1,3,1,PulseHome,65.6,2.24,395.28,Silver,2,IN,PulseHome,member02878@example.com,false,false
M04014,7,2024-08-31,2025-12-14,198,470,323.67,46.24,591.0,1,3,2,PulseHome,78.3,2.53,251.36,Bronze,1,AE,PulseHome,member04014@example.com,false,false
M07554,5,2023-10-30,2025-07-22,343,631,283.23,56.65,652.0,0,3,1,PulseMart,157.8,2.17,163.83,Silver,2,US,PulseMart,member07554@example.com,false,false
M00131,5,2023-12-23,2025-04-25,431,489,233.4,46.68,256.0,2,2,2,PulseHome,122.3,3.53,174.21,Gold,3,SG,PulseHome,member00131@example.com,false,false
M09263,9,2023-04-19,2025-12-04,208,960,647.49,71.94,1134.0,0,3,1,PulseEats,120.0,1.73,246.18,Silver,2,GB,PulseEats,member09263@example.com,false,false
M00609,4,2024-07-11,2025-07-17,348,371,272.13,68.03,544.0,0,2,1,PulseHome,123.7,2.81,267.73,Bronze,1,IN,PulseHome,member00609@example.com,false,false
M00823,6,2023-08-01,2025-04-12,444,620,365.31,60.88,622.0,1,3,2,PulseEats,124.0,3.58,215.06,Platinum,4,IN,PulseEats,member00823@example.com,false,false
M01215,5,2024-08-23,2025-11-22,220,456,372.56,74.51,857.0,0,3,1,PulseMart,114.0,1.93,298.21,Silver,2,GB,PulseMart,member01215@example.com,false,false
M01427,5,2024-05-22,2025-10-18,255,514,236.45,47.29,497.0,1,3,1,PulseMart,128.5,1.98,167.91,Silver,2,IN,PulseMart,member01427@example.com,false,false
M02016,8,2021-11-10,2025-05-28,398,1295,386.31,48.29,871.0,0,3,2,PulseMart,185.0,2.15,108.88,Gold,3,GB,PulseMart,member02016@example.com,false,false
M02350,8,2023-06-25,2025-11-01,241,860,587.63,73.45,953.0,1,3,2,PulseEats,122.9,1.96,249.4,Gold,3,GB,PulseEats,member02350@example.com,false,false
M02366,5,2023-10-31,2025-10-03,270,703,455.98,91.2,661.0,2,3,2,PulseEats,175.8,1.54,236.75,Silver,2,US,PulseEats,member02366@example.com,false,false
M02457,7,2022-05-14,2025-07-25,340,1168,467.57,66.8,756.0,1,3,2,PulseEats,194.7,1.75,146.12,Platinum,4,IN,PulseEats,member02457@example.com,false,false
M02475,4,2024-07-27,2025-08-23,311,392,233.68,58.42,306.0,2,3,1,PulseHome,130.7,2.38,217.58,Bronze,1,IN,PulseHome,member02475@example.com,false,false
M02599,5,2022-11-04,2025-03-25,462,872,333.74,66.75,662.0,0,2,2,PulseHome,218.0,2.12,139.7,Bronze,1,SG,PulseHome,member02599@example.com,false,false
M02676,6,2021-12-16,2025-01-31,515,1142,371.73,61.96,572.0,1,3,1,PulseEats,228.4,2.25,118.81,Silver,2,US,PulseEats,member02676@example.com,false,false
M02685,5,2024-02-22,2025-07-03,362,497,390.74,78.15,754.0,1,3,2,PulseMart,124.3,2.91,286.96,Silver,2,GB,PulseMart,member02685@example.com,false,false
M02728,4,2023-05-05,2025-04-30,426,726,283.47,70.87,246.0,2,3,2,PulseHome,242.0,1.76,142.52,Gold,3,IN,PulseHome,member02728@example.com,false,false
M02844,4,2023-08-12,2025-02-06,509,544,404.43,101.11,814.0,0,3,3,PulseHome,181.3,2.81,271.35,Silver,2,US,PulseHome,member02844@example.com,false,false
M03174,6,2023-11-03,2025-10-03,270,700,531.45,88.58,930.0,0,3,1,PulseEats,140.0,1.93,277.11,Bronze,1,IN,PulseEats,member03174@example.com,false,false
M03400,7,2021-11-21,2025-04-29,427,1255,301.5,43.07,637.0,1,2,2,PulseMart,209.2,2.04,87.69,Gold,3,IN,PulseMart,member03400@example.com,false,false
M03579,4,2023-10-19,2025-01-25,521,464,296.02,74.01,618.0,1,2,2,PulseMart,154.7,3.37,232.86,Bronze,1,US,PulseMart,member03579@example.com,false,false
M04008,5,2023-05-22,2025-05-26,400,735,357.14,71.43,661.0,0,3,2,PulseEats,183.8,2.18,177.36,Bronze,1,US,PulseEats,member04008@example.com,false,false
M04058,6,2023-12-19,2025-11-15,227,697,562.26,93.71,938.0,4,3,2,PulseMart,139.4,1.63,294.44,Bronze,1,US,PulseMart,member04058@example.com,false,false
M04280,5,2024-07-23,2025-08-06,328,379,464.56,92.91,915.0,0,3,2,PulseHome,94.8,3.46,447.4,Bronze,1,SG,PulseHome,member04280@example.com,false,false
M04552,5,2024-02-04,2025-09-30,273,604,242.41,48.48,485.0,0,3,1,PulseHome,151.0,1.81,146.49,Bronze,1,AE,PulseHome,member04552@example.com,false,false
M04892,5,2024-10-04,2025-10-25,248,386,328.62,65.72,575.0,0,3,1,PulseEats,96.5,2.57,310.74,Platinum,4,IN,PulseEats,member04892@example.com,false,false
M05004,5,2024-06-07,2025-10-21,252,501,129.47,25.89,297.0,0,3,1,PulseMart,125.3,2.01,94.32,Bronze,1,SG,PulseMart,member05004@example.com,false,false
M05332,6,2022-04-03,2025-05-16,410,1139,396.08,66.01,815.0,0,3,2,PulseHome,227.8,1.8,126.93,Bronze,1,US,PulseHome,member05332@example.com,false,false
M05550,4,2024-03-23,2025-05-25,401,428,252.3,63.08,415.0,1,3,1,PulseEats,142.7,2.81,215.16,Bronze,1,IN,PulseEats,member05550@example.com,false,false
M05640,4,2023-08-23,2025-05-31,395,647,153.54,38.39,185.0,2,2,1,PulseHome,215.7,1.83,86.62,Silver,2,US,PulseHome,member05640@example.com,false,false
M05730,5,2022-05-30,2025-03-10,477,1015,397.17,79.43,764.0,1,2,1,PulseMart,253.8,1.88,142.82,Gold,3,IN,PulseMart,member05730@example.com,false,false
M06119,6,2023-03-27,2025-07-29,336,855,539.86,89.98,907.0,1,3,2,PulseHome,171.0,1.96,230.47,Bronze,1,SG,PulseHome,member06119@example.com,false,false
M06685,5,2022-09-11,2025-03-30,457,931,309.03,61.81,544.0,1,3,2,PulseMart,232.8,1.96,121.16,Gold,3,SG,PulseMart,member06685@example.com,false,false
M06797,7,2021-10-05,2025-04-27,429,1300,371.35,53.05,405.0,2,3,2,PulseHome,216.7,1.98,104.26,Platinum,4,US,PulseHome,member06797@example.com,false,false
M07034,6,2024-01-22,2025-08-24,310,580,182.05,30.34,311.0,1,3,1,PulseHome,116.0,2.67,114.57,Silver,2,AE,PulseHome,member07034@example.com,false,false
M07830,7,2024-07-15,2026-02-01,149,566,321.0,45.86,664.0,1,3,1,PulseMart,94.3,1.58,207.01,Bronze,1,SG,PulseMart,member07830@example.com,false,false
M07853,7,2024-10-07,2026-01-19,162,469,531.99,76.0,1187.0,0,3,2,PulseMart,78.2,2.07,414.02,Silver,2,AE,PulseMart,member07853@example.com,false,false
M07877,4,2022-07-25,2025-01-07,539,897,255.41,63.85,537.0,1,2,1,PulseMart,299.0,1.8,103.93,Bronze,1,US,PulseMart,member07877@example.com,false,false
M08502,7,2021-09-21,2025-05-25,401,1342,333.36,47.62,480.0,2,3,3,PulseEats,223.7,1.79,90.67,Bronze,1,AE,PulseEats,member08502@example.com,false,false
M08506,6,2023-08-22,2025-07-22,343,700,330.3,55.05,579.0,0,2,1,PulseEats,140.0,2.45,172.23,Bronze,1,SG,PulseEats,member08506@example.com,false,false
M09132,9,2024-03-08,2025-11-17,225,619,648.47,72.05,959.0,2,3,2,PulseEats,77.4,2.91,382.38,Silver,2,SG,PulseEats,member09132@example.com,false,false
M09140,9,2021-07-03,2025-03-27,460,1363,554.65,61.63,1123.0,0,2,2,PulseHome,170.4,2.7,148.53,Gold,3,AE,PulseHome,member09140@example.com,false,false
M09364,6,2024-10-18,2025-12-21,191,429,468.38,78.06,616.0,2,2,2,PulseHome,85.8,2.23,398.51,Bronze,1,SG,PulseHome,member09364@example.com,false,false
M10193,5,2024-06-17,2025-10-16,257,486,431.09,86.22,680.0,1,3,2,PulseEats,121.5,2.12,323.76,Bronze,1,IN,PulseEats,member10193@example.com,false,false
M10216,8,2022-07-20,2025-04-19,437,1004,612.58,76.57,1065.0,2,3,3,PulseEats,143.4,3.05,222.7,Silver,2,US,PulseEats,member10216@example.com,false,false
M10217,10,2022-07-24,2025-10-16,257,1180,471.31,47.13,983.0,1,3,2,PulseMart,131.1,1.96,145.79,Silver,2,IN,PulseMart,member10217@example.com,false,false
M10319,7,2021-04-11,2025-06-03,392,1514,385.53,55.08,808.0,1,3,3,PulseMart,252.3,1.55,92.94,Bronze,1,SG,PulseMart,member10319@example.com,false,false
M10504,5,2023-11-14,2025-10-11,262,697,176.39,35.28,260.0,2,3,1,PulseHome,174.3,1.5,92.37,Bronze,1,US,PulseHome,member10504@example.com,false,false
M10609,8,2024-10-15,2025-12-02,210,413,490.61,61.33,892.0,1,3,1,PulseHome,59.0,3.56,433.59,Bronze,1,IN,PulseHome,member10609@example.com,false,false
M10698,5,2024-03-09,2025-08-02,332,511,352.2,70.44,677.0,0,2,2,PulseEats,127.8,2.6,251.57,Silver,2,US,PulseEats,member10698@example.com,false,false
M10914,4,2024-06-24,2025-09-01,302,434,219.56,54.89,455.0,1,2,1,PulseMart,144.7,2.09,184.65,Bronze,1,IN,PulseMart,member10914@example.com,false,false
M10943,5,2023-03-23,2025-05-15,411,784,161.65,32.33,300.0,0,3,2,PulseEats,196.0,2.1,75.26,Bronze,1,US,PulseEats,member10943@example.com,false,false
M11450,4,2023-06-09,2025-04-23,433,684,341.08,85.27,598.0,0,2,1,PulseEats,228.0,1.9,182.01,Bronze,1,SG,PulseEats,member11450@example.com,false,false
M11806,6,2024-05-11,2025-07-20,345,435,424.12,70.69,624.0,1,3,2,PulseEats,87.0,3.97,355.87,Gold,3,IN,PulseEats,member11806@example.com,false,false
M11823,4,2023-09-24,2025-07-23,342,668,189.26,47.32,262.0,2,2,1,PulseMart,222.7,1.54,103.41,Silver,2,US,PulseMart,member11823@example.com,false,false
M11880,5,2023-05-16,2025-07-08,357,784,194.94,38.99,389.0,0,3,3,PulseHome,196.0,1.82,90.76,Bronze,1,IN,PulseHome,member11880@example.com,false,false
M12225,4,2022-11-06,2025-03-15,472,860,272.54,68.13,448.0,1,3,1,PulseHome,286.7,1.65,115.67,Platinum,4,GB,PulseHome,member12225@example.com,false,false
M12704,5,2023-06-06,2025-05-20,406,714,463.09,92.62,1010.0,0,3,2,PulseMart,178.5,2.27,236.73,Silver,2,GB,PulseMart,member12704@example.com,false,false
M12719,6,2024-03-21,2025-08-03,331,500,383.13,63.86,661.0,2,2,2,PulseHome,100.0,3.31,279.68,Platinum,4,IN,PulseHome,member12719@example.com,false,false
M12991,5,2024-04-17,2025-05-25,401,403,235.25,47.05,116.0,3,3,1,PulseEats,100.8,3.98,213.07,Gold,3,US,PulseEats,member12991@example.com,false,false
M13083,7,2024-06-22,2025-12-21,191,547,571.01,81.57,957.0,1,3,2,PulseMart,91.2,2.1,381.02,Bronze,1,IN,PulseMart,member13083@example.com,false,false
M13123,5,2024-08-13,2025-08-20,314,372,326.16,65.23,571.0,0,3,1,PulseEats,93.0,3.38,320.02,Bronze,1,IN,PulseEats,member13123@example.com,false,false
M13166,7,2023-09-08,2025-10-24,249,777,401.54,57.36,873.0,1,3,1,PulseMart,129.5,1.92,188.63,Silver,2,US,PulseMart,member13166@example.com,false,false
M13623,6,2024-05-23,2025-11-07,235,533,384.83,64.14,747.0,0,3,2,PulseHome,106.6,2.2,263.53,Bronze,1,US,PulseHome,member13623@example.com,false,false
M14637,6,2022-10-15,2025-04-19,437,917,329.31,54.89,615.0,1,2,2,PulseMart,183.4,2.38,131.08,Platinum,4,IN,PulseMart,member14637@example.com,false,false
M14694,4,2022-11-06,2025-01-13,533,799,409.44,102.36,597.0,2,2,2,PulseHome,266.3,2.0,187.04,Silver,2,US,PulseHome,member14694@example.com,false,false
M14824,7,2024-05-09,2025-12-26,186,596,468.66,66.95,639.0,2,2,1,PulseHome,99.3,1.87,287.01,Silver,2,GB,PulseHome,member14824@example.com,false,false
M15059,6,2023-05-18,2025-03-29,458,681,247.23,41.21,389.0,1,2,1,PulseEats,136.2,3.36,132.51,Bronze,1,IN,PulseEats,member15059@example.com,false,false
M15241,7,2024-08-08,2026-02-02,148,543,374.53,53.5,861.0,0,3,1,PulseMart,90.5,1.64,251.76,Bronze,1,AE,PulseMart,member15241@example.com,false,false
M15681,4,2024-01-25,2025-08-16,318,569,265.92,66.48,449.0,1,3,2,PulseEats,189.7,1.68,170.58,Bronze,1,IN,PulseEats,member15681@example.com,false,false
M15886,4,2024-01-08,2025-08-11,323,581,292.9,73.22,661.0,0,2,2,PulseMart,193.7,1.67,184.01,Bronze,1,IN,PulseMart,member15886@example.com,false,false
M15981,6,2024-04-17,2025-12-03,209,595,252.63,42.11,300.0,2,3,2,PulseHome,119.0,1.76,154.97,Bronze,1,SG,PulseHome,member15981@example.com,false,false
M16605,6,2023-11-15,2025-08-20,314,644,452.03,75.34,779.0,2,3,2,PulseMart,128.8,2.44,256.2,Platinum,4,IN,PulseMart,member16605@example.com,false,false
M16732,8,2025-02-15,2026-03-17,105,395,479.43,59.93,1071.0,0,3,2,PulseMart,56.4,1.86,443.02,Gold,3,US,PulseMart,member16732@example.com,false,false
M16809,5,2022-12-21,2025-06-20,375,912,401.94,80.39,725.0,1,3,1,PulseMart,228.0,1.64,160.86,Bronze,1,SG,PulseMart,member16809@example.com,false,false
M16853,4,2023-08-13,2025-05-27,399,653,155.29,38.82,357.0,0,2,1,PulseMart,217.7,1.83,86.8,Bronze,1,IN,PulseMart,member16853@example.com,false,false
M17122,4,2023-07-27,2025-03-07,480,589,202.5,50.63,465.0,0,2,1,PulseMart,196.3,2.44,125.49,Silver,2,SG,PulseMart,member17122@example.com,false,false
M17493,6,2023-11-26,2025-10-02,271,676,359.47,59.91,598.0,2,3,2,PulseMart,135.2,2.0,194.09,Bronze,1,IN,PulseMart,member17493@example.com,false,false
M17845,4,2023-02-16,2025-03-03,484,746,166.03,41.51,261.0,1,2,2,PulseMart,248.7,1.95,81.23,Bronze,1,IN,PulseMart,member17845@example.com,false,false
M18119,7,2022-08-21,2025-08-20,314,1095,399.19,57.03,707.0,1,3,2,PulseEats,182.5,1.72,133.06,Gold,3,IN,PulseEats,member18119@example.com,false,false
M18153,5,2024-10-04,2025-12-30,182,452,377.1,75.42,582.0,1,3,2,PulseEats,113.0,1.61,304.52,Bronze,1,IN,PulseEats,member18153@example.com,false,false
M18615,4,2023-10-04,2025-03-05,482,518,267.76,66.94,480.0,0,3,2,PulseEats,172.7,2.79,188.67,Gold,3,IN,PulseEats,member18615@example.com,false,false
M19052,6,2021-05-27,2025-02-06,509,1351,504.53,84.09,883.0,0,3,1,PulseEats,270.2,1.88,136.31,Gold,3,SG,PulseEats,member19052@example.com,false,false
M19079,5,2023-09-16,2025-09-06,297,721,359.12,71.82,825.0,0,3,1,PulseMart,180.3,1.65,181.8,Silver,2,US,PulseMart,member19079@example.com,false,false
M19111,5,2024-06-15,2025-09-12,291,454,386.46,77.29,823.0,1,3,2,PulseMart,113.5,2.56,310.7,Silver,2,IN,PulseMart,member19111@example.com,false,false
M19144,8,2023-10-07,2026-01-01,180,817,479.47,59.93,778.0,1,3,2,PulseEats,116.7,1.54,214.21,Bronze,1,IN,PulseEats,member19144@example.com,false,false
M19264,5,2024-08-13,2025-11-21,221,465,393.35,78.67,787.0,0,3,1,PulseHome,116.3,1.9,308.76,Silver,2,SG,PulseHome,member19264@example.com,false,false
M19342,7,2022-07-08,2025-03-31,456,997,488.25,69.75,908.0,2,3,2,PulseMart,166.2,2.74,178.75,Bronze,1,AE,PulseMart,member19342@example.com,false,false
M19412,7,2022-08-11,2025-04-07,449,970,612.37,87.48,1344.0,0,2,2,PulseMart,161.7,2.78,230.43,Silver,2,IN,PulseMart,member19412@example.com,false,false
M19627,6,2024-12-31,2026-01-14,167,379,368.16,61.36,663.0,2,2,3,PulseMart,75.8,2.2,354.56,Bronze,1,GB,PulseMart,member19627@example.com,false,false
M19710,5,2022-02-06,2025-04-07,449,1156,217.35,43.47,436.0,0,3,1,PulseHome,289.0,1.55,68.63,Bronze,1,US,PulseHome,member19710@example.com,false,false
M19731,7,2022-11-18,2025-01-19,527,793,608.59,86.94,1199.0,0,3,2,PulseHome,132.2,3.99,280.12,Bronze,1,SG,PulseHome,member19731@example.com,false,false
M19869,4,2024-08-31,2025-10-10,263,405,234.64,58.66,520.0,0,2,2,PulseMart,135.0,1.95,211.47,Silver,2,IN,PulseMart,member19869@example.com,false,false
M19929,6,2022-01-16,2025-05-24,402,1224,411.81,68.63,746.0,1,3,2,PulseHome,244.8,1.64,122.8,Gold,3,AE,PulseHome,member19929@example.com,false,false
M20296,5,2023-03-13,2025-02-19,496,709,341.61,68.32,633.0,1,3,2,PulseMart,177.3,2.8,175.86,Platinum,4,GB,PulseMart,member20296@example.com,false,false
M20523,5,2024-12-02,2025-12-27,185,390,431.8,86.36,675.0,1,3,3,PulseMart,97.5,1.9,404.12,Gold,3,GB,PulseMart,member20523@example.com,false,false
M20591,6,2023-11-23,2025-10-09,264,686,420.33,70.06,585.0,1,3,1,PulseEats,137.2,1.92,223.64,Silver,2,GB,PulseEats,member20591@example.com,false,false
M21211,4,2023-10-15,2025-06-12,383,606,329.75,82.44,718.0,0,3,2,PulseMart,202.0,1.9,198.61,Silver,2,AE,PulseMart,member21211@example.com,false,false
M21384,7,2023-05-29,2025-05-07,419,709,570.07,81.44,1273.0,0,3,2,PulseMart,118.2,3.55,293.48,Bronze,1,US,PulseMart,member21384@example.com,false,false
M21790,4,2023-09-27,2025-04-22,434,573,248.34,62.09,430.0,1,2,2,PulseMart,191.0,2.27,158.19,Gold,3,US,PulseMart,member21790@example.com,false,false
M21937,4,2023-04-21,2025-05-07,419,747,167.59,41.9,338.0,1,3,2,PulseMart,249.0,1.68,81.89,Bronze,1,IN,PulseMart,member21937@example.com,false,false
M22144,7,2022-12-09,2025-07-15,350,949,452.33,64.62,634.0,2,3,1,PulseEats,158.2,2.21,173.97,Gold,3,US,PulseEats,member22144@example.com,false,false
M22216,5,2023-08-13,2025-06-30,365,687,145.38,29.08,256.0,0,3,1,PulseEats,171.8,2.13,77.24,Silver,2,US,PulseEats,member22216@example.com,false,false
M22724,4,2023-08-27,2025-05-05,421,617,235.91,58.98,453.0,1,2,2,PulseHome,205.7,2.05,139.56,Gold,3,IN,PulseHome,member22724@example.com,false,false
M23020,8,2022-05-01,2025-09-29,274,1247,438.5,54.81,1009.0,0,3,1,PulseMart,178.1,1.54,128.35,Silver,2,IN,PulseMart,member23020@example.com,false,false
M23263,5,2024-07-12,2025-11-29,213,505,326.76,65.35,320.0,2,2,1,PulseEats,126.3,1.69,236.17,Silver,2,IN,PulseEats,member23263@example.com,false,false
M23268,5,2022-09-01,2025-02-01,514,884,507.58,101.52,939.0,0,3,2,PulseEats,221.0,2.33,209.58,Silver,2,IN,PulseEats,member23268@example.com,false,false
M23374,6,2022-11-06,2025-06-13,382,950,649.21,108.2,1494.0,0,3,1,PulseMart,190.0,2.01,249.43,Bronze,1,IN,PulseMart,member23374@example.com,false,false
M23506,4,2023-06-03,2025-04-17,439,684,284.72,71.18,447.0,1,3,1,PulseEats,228.0,1.93,151.93,Silver,2,US,PulseEats,member23506@example.com,false,false
M23525,5,2024-09-03,2025-09-28,275,390,194.99,39.0,396.0,0,2,2,PulseHome,97.5,2.82,182.49,Silver,2,US,PulseHome,member23525@example.com,false,false
M23541,8,2022-04-01,2025-04-21,435,1116,512.57,64.07,897.0,0,3,1,PulseEats,159.4,2.73,167.64,Bronze,1,US,PulseEats,member23541@example.com,false,false
M23543,6,2024-11-12,2026-01-23,158,437,417.24,69.54,649.0,1,3,2,PulseEats,87.4,1.81,348.5,Bronze,1,IN,PulseEats,member23543@example.com,false,false
M23610,7,2022-10-10,2025-09-23,280,1079,437.79,62.54,807.0,1,3,2,PulseHome,179.8,1.56,148.09,Bronze,1,IN,PulseHome,member23610@example.com,false,false
M23627,8,2023-09-29,2025-10-17,256,749,540.9,67.61,897.0,1,3,1,PulseEats,107.0,2.39,263.59,Silver,2,IN,PulseEats,member23627@example.com,false,false
M23876,7,2023-08-22,2025-11-03,239,804,315.1,45.01,422.0,1,3,2,PulseEats,134.0,1.78,143.05,Gold,3,IN,PulseEats,member23876@example.com,false,false
M24045,5,2023-08-06,2025-08-15,319,740,401.01,80.2,802.0,0,3,1,PulseHome,185.0,1.72,197.8,Silver,2,US,PulseHome,member24045@example.com,false,false
M24727,4,2023-03-25,2025-03-23,464,729,372.59,93.15,652.0,0,3,1,PulseEats,243.0,1.91,186.55,Platinum,4,AE,PulseEats,member24727@example.com,false,false
M24987,5,2024-10-10,2025-12-02,210,418,444.64,88.93,1022.0,0,3,1,PulseMart,104.5,2.01,388.26,Bronze,1,AE,PulseMart,member24987@example.com,false,false
M25021,5,2023-04-10,2025-07-18,347,830,297.58,59.52,337.0,2,3,3,PulseHome,207.5,1.67,130.86,Platinum,4,IN,PulseHome,member25021@example.com,false,false
M25026,5,2022-01-20,2025-04-14,442,1180,302.43,60.49,605.0,0,2,1,PulseHome,295.0,1.5,93.55,Bronze,1,IN,PulseHome,member25026@example.com,false,false
M25450,7,2024-08-17,2026-02-12,138,544,485.9,69.41,921.0,1,3,1,PulseHome,90.7,1.52,326.02,Bronze,1,US,PulseHome,member25450@example.com,false,false
M25551,9,2022-10-01,2025-10-22,251,1117,347.33,38.59,689.0,0,3,2,PulseHome,139.6,1.8,113.5,Bronze,1,IN,PulseHome,member25551@example.com,false,false
M26059,6,2022-04-18,2025-06-18,377,1157,454.1,75.68,895.0,0,2,2,PulseHome,231.4,1.63,143.26,Gold,3,US,PulseHome,member26059@example.com,false,false
M26214,6,2023-07-04,2025-04-26,430,662,525.37,87.56,1057.0,2,3,1,PulseMart,132.4,3.25,289.67,Gold,3,IN,PulseMart,member26214@example.com,false,false
M26351,4,2024-07-25,2025-07-28,337,368,259.94,64.99,508.0,0,2,2,PulseHome,122.7,2.75,257.82,Bronze,1,US,PulseHome,member26351@example.com,false,false
M26427,5,2024-09-25,2025-10-31,242,401,373.72,74.74,748.0,0,2,1,PulseHome,100.3,2.41,340.17,Bronze,1,US,PulseHome,member26427@example.com,false,false
M26583,4,2024-03-25,2025-05-19,407,420,255.99,64.0,308.0,2,3,2,PulseEats,140.0,2.91,222.47,Gold,3,IN,PulseEats,member26583@example.com,false,false
M26778,6,2024-04-25,2025-08-29,305,491,174.64,29.11,349.0,0,2,1,PulseHome,98.2,3.11,129.82,Silver,2,US,PulseHome,member26778@example.com,false,false
M27157,5,2023-08-24,2025-07-12,353,688,398.47,79.69,643.0,2,3,1,PulseMart,172.0,2.05,211.4,Silver,2,US,PulseMart,member27157@example.com,false,false
M27361,5,2024-07-21,2025-11-11,231,478,205.44,41.09,249.0,2,3,1,PulseEats,119.5,1.93,156.87,Bronze,1,SG,PulseEats,member27361@example.com,false,false
M27388,7,2024-11-25,2025-12-13,199,383,391.9,55.99,553.0,2,3,2,PulseEats,63.8,3.12,373.48,Bronze,1,US,PulseEats,member27388@example.com,false,false
M27685,5,2024-11-07,2025-12-01,211,389,192.06,38.41,255.0,1,3,2,PulseEats,97.3,2.17,180.21,Bronze,1,GB,PulseEats,member27685@example.com,false,false
M27805,4,2024-03-04,2025-09-09,294,554,251.34,62.83,503.0,0,2,1,PulseHome,184.7,1.59,165.59,Bronze,1,IN,PulseHome,member27805@example.com,false,false
M28413,4,2024-02-13,2025-07-16,349,519,324.01,81.0,648.0,0,3,1,PulseHome,173.0,2.02,227.87,Bronze,1,IN,PulseHome,member28413@example.com,false,false
M28806,7,2023-02-18,2025-03-15,472,756,305.64,43.66,538.0,0,3,2,PulseEats,126.0,3.75,147.56,Bronze,1,SG,PulseEats,member28806@example.com,false,false
M28940,5,2022-08-03,2025-03-03,484,943,313.58,62.72,721.0,0,3,1,PulseMart,235.8,2.05,121.38,Bronze,1,SG,PulseMart,member28940@example.com,false,false
M29009,6,2024-05-27,2025-10-06,267,497,418.39,69.73,730.0,1,3,2,PulseEats,99.4,2.69,307.27,Bronze,1,IN,PulseEats,member29009@example.com,false,false
M29296,10,2022-09-06,2025-07-07,358,1035,501.3,50.13,1052.0,2,3,1,PulseMart,115.0,3.11,176.79,Bronze,1,SG,PulseMart,member29296@example.com,false,false
M29366,4,2024-02-05,2025-04-09,447,429,221.45,55.36,431.0,0,3,2,PulseHome,143.0,3.13,188.41,Bronze,1,AE,PulseHome,member29366@example.com,false,false
M29473,4,2023-01-26,2025-02-01,514,737,389.74,97.44,780.0,0,3,1,PulseHome,245.7,2.09,193.02,Bronze,1,IN,PulseHome,member29473@example.com,false,false
M29559,4,2024-02-06,2025-06-08,387,488,212.36,53.09,242.0,1,3,1,PulseEats,162.7,2.38,158.83,Gold,3,SG,PulseEats,member29559@example.com,false,false
M29981,5,2022-02-23,2025-01-16,530,1058,409.24,81.85,715.0,0,3,1,PulseEats,264.5,2.0,141.18,Bronze,1,US,PulseEats,member29981@example.com,false,false
M30117,6,2022-09-28,2025-07-17,348,1023,282.79,47.13,537.0,0,3,2,PulseEats,204.6,1.7,100.9,Silver,2,SG,PulseEats,member30117@example.com,false,false
M30197,8,2024-10-25,2026-02-16,134,479,473.08,59.14,983.0,1,3,2,PulseMart,68.4,1.96,360.49,Silver,2,US,PulseMart,member30197@example.com,false,false
M30735,5,2022-04-13,2025-04-16,440,1099,264.68,52.94,342.0,2,3,2,PulseHome,274.8,1.6,87.91,Platinum,4,SG,PulseHome,member30735@example.com,false,false
M30859,4,2022-08-08,2025-03-08,479,943,197.44,49.36,454.0,0,3,1,PulseMart,314.3,1.52,76.42,Bronze,1,AE,PulseMart,member30859@example.com,false,false
M30934,6,2023-02-11,2025-06-04,391,844,362.09,60.35,726.0,0,3,1,PulseHome,168.8,2.32,156.59,Bronze,1,US,PulseHome,member30934@example.com,false,false
M31267,8,2023-09-20,2025-07-31,334,680,487.09,60.89,970.0,0,3,2,PulseHome,97.1,3.44,261.45,Platinum,4,SG,PulseHome,member31267@example.com,false,false
M31288,4,2023-10-08,2025-03-27,460,536,222.6,55.65,316.0,1,2,2,PulseEats,178.7,2.57,151.58,Bronze,1,IN,PulseEats,member31288@example.com,false,false
M31303,5,2024-10-17,2025-11-14,228,393,360.74,72.15,580.0,1,3,1,PulseEats,98.3,2.32,335.04,Gold,3,US,PulseEats,member31303@example.com,false,false
M31460,5,2023-04-06,2025-06-04,391,790,246.26,49.25,358.0,1,3,1,PulseHome,197.5,1.98,113.78,Bronze,1,SG,PulseHome,member31460@example.com,false,false
M31498,5,2024-07-03,2025-12-02,210,517,220.92,44.18,462.0,0,2,2,PulseHome,129.3,1.62,155.97,Silver,2,SG,PulseHome,member31498@example.com,false,false
M31784,5,2024-09-17,2025-10-31,242,409,294.09,58.82,515.0,0,2,1,PulseEats,102.3,2.37,262.45,Bronze,1,GB,PulseEats,member31784@example.com,false,false
M31889,7,2022-03-13,2025-07-12,353,1217,301.97,43.14,562.0,1,2,1,PulseHome,202.8,1.74,90.57,Bronze,1,US,PulseHome,member31889@example.com,false,false
M31933,4,2024-03-17,2025-05-02,424,411,184.24,46.06,423.0,0,3,1,PulseMart,137.0,3.09,163.62,Silver,2,IN,PulseMart,member31933@example.com,false,false
M31949,7,2024-02-03,2025-11-02,240,638,650.69,92.96,1496.0,0,3,1,PulseMart,106.3,2.26,372.26,Gold,3,GB,PulseMart,member31949@example.com,false,false
M32155,6,2024-02-16,2025-12-11,201,664,409.5,68.25,607.0,1,2,2,PulseHome,132.8,1.51,225.1,Silver,2,IN,PulseHome,member32155@example.com,false,false
M32842,7,2023-08-22,2025-07-28,337,706,663.5,94.79,1161.0,0,3,1,PulseEats,117.7,2.86,343.03,Platinum,4,US,PulseEats,member32842@example.com,false,false
M33226,6,2024-12-29,2026-02-22,128,420,385.78,64.3,469.0,2,2,1,PulseEats,84.0,1.52,335.26,Bronze,1,IN,PulseEats,member33226@example.com,false,false
M33471,6,2022-03-04,2025-06-21,374,1205,401.89,66.98,798.0,0,3,2,PulseHome,241.0,1.55,121.73,Platinum,4,AE,PulseHome,member33471@example.com,false,false
M33511,5,2024-03-26,2025-08-26,308,518,310.0,62.0,620.0,0,3,1,PulseHome,129.5,2.38,218.44,Gold,3,AE,PulseHome,member33511@example.com,false,false
M33560,6,2022-09-02,2025-03-16,471,926,357.05,59.51,614.0,1,2,1,PulseHome,185.2,2.54,140.74,Gold,3,AE,PulseHome,member33560@example.com,false,false
M33596,8,2022-01-24,2025-08-02,332,1286,517.94,64.74,646.0,3,3,3,PulseHome,183.7,1.81,147.0,Gold,3,IN,PulseHome,member33596@example.com,false,false
M33642,6,2022-10-06,2025-06-27,368,995,352.02,58.67,654.0,1,3,1,PulseHome,199.0,1.85,129.13,Gold,3,AE,PulseHome,member33642@example.com,false,false
M33815,6,2022-07-08,2025-01-31,515,938,447.03,74.51,694.0,2,3,2,PulseEats,187.6,2.75,173.95,Bronze,1,IN,PulseEats,member33815@example.com,false,false
M33979,8,2021-12-07,2025-05-06,420,1246,596.12,74.52,1158.0,0,3,3,PulseHome,178.0,2.36,174.63,Bronze,1,US,PulseHome,member33979@example.com,false,false
M33984,5,2024-07-30,2025-10-31,242,458,272.59,54.52,430.0,1,2,2,PulseEats,114.5,2.11,217.24,Bronze,1,SG,PulseEats,member33984@example.com,false,false
M34119,5,2024-07-31,2025-10-27,246,453,320.14,64.03,531.0,1,2,1,PulseEats,113.3,2.17,257.95,Gold,3,IN,PulseEats,member34119@example.com,false,false
M34708,4,2023-05-31,2025-05-13,413,713,317.84,79.46,635.0,0,3,1,PulseHome,237.7,1.74,162.71,Gold,3,IN,PulseHome,member34708@example.com,false,false
M34740,7,2023-05-24,2025-09-24,279,854,400.52,57.22,673.0,1,3,2,PulseEats,142.3,1.96,171.18,Gold,3,IN,PulseEats,member34740@example.com,false,false
M34861,9,2022-01-02,2025-08-02,332,1308,751.94,83.55,971.0,3,3,1,PulseEats,163.5,2.03,209.83,Platinum,4,IN,PulseEats,member34861@example.com,false,false
M34889,6,2024-05-29,2025-09-03,300,462,317.44,52.91,378.0,3,3,1,PulseHome,92.4,3.25,250.79,Silver,2,US,PulseHome,member34889@example.com,false,false
M35238,5,2021-09-06,2025-02-10,505,1253,386.49,77.3,890.0,0,3,1,PulseMart,313.3,1.61,112.58,Gold,3,SG,PulseMart,member35238@example.com,false,false
M35340,7,2023-11-02,2025-11-11,231,740,494.83,70.69,696.0,2,3,2,PulseEats,123.3,1.87,244.07,Silver,2,GB,PulseEats,member35340@example.com,false,false
M35352,6,2024-09-29,2025-12-11,201,438,417.14,69.52,709.0,1,3,2,PulseEats,87.6,2.29,347.62,Gold,3,IN,PulseEats,member35352@example.com,false,false
M35763,6,2024-09-01,2025-11-06,236,431,361.16,60.19,659.0,0,3,2,PulseEats,86.2,2.74,305.85,Silver,2,IN,PulseEats,member35763@example.com,false,false
M36038,6,2023-09-29,2025-10-13,260,745,361.27,60.21,655.0,1,2,2,PulseHome,149.0,1.74,177.0,Silver,2,SG,PulseHome,member36038@example.com,false,false
M36115,5,2024-09-29,2025-11-21,221,418,604.48,120.9,1165.0,2,3,1,PulseMart,104.5,2.11,527.84,Bronze,1,SG,PulseMart,member36115@example.com,false,false
M36448,4,2023-05-02,2025-02-17,498,657,259.71,64.93,579.0,0,3,2,PulseMart,219.0,2.27,144.28,Gold,3,IN,PulseMart,member36448@example.com,false,false
M36706,4,2024-04-04,2025-07-24,341,476,160.76,40.19,315.0,0,2,2,PulseHome,158.7,2.15,123.27,Gold,3,IN,PulseHome,member36706@example.com,false,false
M36713,5,2024-05-01,2025-07-04,361,429,200.47,40.09,271.0,1,3,2,PulseHome,107.3,3.37,170.56,Silver,2,IN,PulseHome,member36713@example.com,false,false
M36823,5,2024-11-27,2026-01-17,164,416,296.61,59.32,419.0,1,3,1,PulseEats,104.0,1.58,260.25,Silver,2,SG,PulseEats,member36823@example.com,false,false
M37607,6,2023-07-25,2025-09-16,287,784,445.37,74.23,705.0,1,3,2,PulseHome,156.8,1.83,207.35,Gold,3,IN,PulseHome,member37607@example.com,false,false
M37664,7,2023-03-16,2025-05-09,417,785,629.67,89.95,1181.0,1,2,2,PulseHome,130.8,3.19,292.78,Bronze,1,SG,PulseHome,member37664@example.com,false,false
M38093,5,2024-07-29,2025-11-26,216,485,256.96,51.39,399.0,1,2,1,PulseEats,121.3,1.78,193.38,Silver,2,US,PulseEats,member38093@example.com,false,false
M38582,7,2021-12-01,2025-01-13,533,1139,650.56,92.94,1139.0,0,2,1,PulseEats,189.8,2.81,208.48,Platinum,4,IN,PulseEats,member38582@example.com,false,false
M38812,4,2023-11-27,2025-07-13,352,594,155.28,38.82,169.0,2,3,2,PulseHome,198.0,1.78,95.42,Silver,2,SG,PulseHome,member38812@example.com,false,false
M38893,6,2023-06-04,2025-09-25,278,844,333.63,55.61,541.0,1,2,1,PulseEats,168.8,1.65,144.28,Bronze,1,AE,PulseEats,member38893@example.com,false,false
M38952,6,2025-01-16,2026-02-02,148,382,295.81,49.3,444.0,2,3,2,PulseHome,76.4,1.94,282.65,Gold,3,SG,PulseHome,member38952@example.com,false,false
M39137,8,2022-03-17,2025-05-29,397,1169,323.47,40.43,728.0,0,2,2,PulseMart,167.0,2.38,101.0,Silver,2,SG,PulseMart,member39137@example.com,false,false
M39412,6,2023-12-04,2025-11-16,226,713,531.02,88.5,780.0,1,3,1,PulseEats,142.6,1.58,271.84,Bronze,1,GB,PulseEats,member39412@example.com,false,false
M39717,6,2022-08-03,2025-03-19,468,959,416.75,69.46,810.0,2,3,1,PulseMart,191.8,2.44,158.62,Bronze,1,IN,PulseMart,member39717@example.com,false,false
M06120,4,2024-06-16,2025-10-23,250,494,1049.42,262.36,2098.0,0,2,1,PulseHome,164.7,1.52,775.38,Silver,2,GB,PulseHome,member06120@example.com,false,false
M39551,4,2024-07-07,2025-08-19,315,408,1199.99,300.0,2400.0,0,3,1,PulseHome,136.0,2.32,1073.52,Silver,2,IN,PulseHome,member39551@example.com,false,false
M08867,5,2024-07-09,2025-10-07,266,455,1400.33,280.07,2451.0,0,3,1,PulseEats,113.8,2.34,1123.34,Bronze,1,US,PulseEats,member08867@example.com,false,false
M33478,6,2024-06-23,2025-08-13,321,416,1912.24,318.71,3346.0,0,2,1,PulseEats,83.2,3.86,1677.81,Bronze,1,AE,PulseEats,member33478@example.com,false,false
M36657,4,2024-11-20,2025-11-27,215,372,1167.5,291.88,2335.0,0,3,1,PulseHome,124.0,1.73,1145.53,Gold,3,SG,PulseHome,member36657@example.com,false,false
M04838,4,2024-08-08,2025-08-20,314,377,1304.15,326.04,3000.0,0,3,1,PulseMart,125.7,2.5,1262.64,Platinum,4,US,PulseMart,member04838@example.com,false,false
M13340,6,2024-08-12,2025-11-23,219,468,1701.17,283.53,3403.0,0,3,1,PulseHome,93.6,2.34,1326.77,Platinum,4,US,PulseHome,member13340@example.com,false,false
M32626,5,2024-09-13,2025-12-16,196,459,1472.9,294.58,2578.0,0,3,1,PulseEats,114.8,1.71,1171.26,Gold,3,IN,PulseEats,member32626@example.com,false,false
M09595,6,2024-08-06,2025-11-03,239,454,1731.25,288.54,3463.0,0,3,1,PulseHome,90.8,2.63,1391.86,Bronze,1,SG,PulseHome,member09595@example.com,false,false
M34632,6,2024-06-01,2025-12-30,182,577,1482.81,247.14,2965.0,0,2,1,PulseHome,115.4,1.58,938.0,Gold,3,IN,PulseHome,member34632@example.com,false,false
M10663,4,2023-01-20,2025-04-08,448,809,184.12,46.03,424.0,0,3,1,PulseMart,269.7,1.66,83.07,Bronze,1,AE,PulseMart,member10663@example.com,false,false
M00017,5,2023-05-05,2025-05-26,400,752,277.74,55.55,574.0,0,2,2,PulseHome,188.0,2.13,134.81,Silver,2,US,PulseHome,member00017@example.com,false,false
M00026,7,2021-06-11,2025-04-26,430,1415,336.79,48.11,645.0,0,3,3,PulseEats,235.8,1.82,86.88,Bronze,1,US,PulseEats,member00026@example.com,false,false
M00048,6,2023-03-11,2025-08-16,318,889,432.27,72.05,794.0,1,2,1,PulseMart,177.8,1.79,177.48,Gold,3,US,PulseMart,member00048@example.com,false,false
M00352,5,2023-12-05,2025-10-17,256,682,246.52,49.3,313.0,2,2,2,PulseEats,170.5,1.5,131.94,Bronze,1,AE,PulseEats,member00352@example.com,false,false
M00451,6,2022-08-14,2025-01-23,523,893,324.79,54.13,597.0,0,3,2,PulseEats,178.6,2.93,132.75,Silver,2,IN,PulseEats,member00451@example.com,false,false
M00492,4,2024-08-22,2025-11-03,239,438,323.37,80.84,548.0,1,2,2,PulseHome,146.0,1.64,269.48,Silver,2,SG,PulseHome,member00492@example.com,false,false
M00599,8,2023-08-25,2025-11-27,215,825,759.93,94.99,1448.0,1,3,2,PulseHome,117.9,1.82,336.21,Silver,2,AE,PulseHome,member00599@example.com,false,false
M00601,5,2023-08-16,2025-05-08,418,631,305.9,61.18,331.0,2,3,1,PulseEats,157.8,2.65,176.95,Bronze,1,GB,PulseEats,member00601@example.com,false,false
M00949,6,2022-12-28,2025-06-30,365,915,381.23,63.54,877.0,0,3,1,PulseMart,183.0,1.99,152.08,Gold,3,IN,PulseMart,member00949@example.com,false,false
M01318,5,2023-09-26,2025-09-27,276,732,159.12,31.82,228.0,2,2,1,PulseMart,183.0,1.51,79.34,Gold,3,SG,PulseMart,member01318@example.com,false,false
M01396,4,2023-02-13,2025-04-23,433,800,155.69,38.92,262.0,1,3,1,PulseMart,266.7,1.62,71.03,Bronze,1,GB,PulseMart,member01396@example.com,false,false
M01484,8,2025-03-12,2026-03-22,100,375,735.99,92.0,1693.0,0,3,1,PulseMart,53.6,1.87,716.36,Silver,2,IN,PulseMart,member01484@example.com,false,false
M01494,9,2024-08-16,2026-02-08,142,541,806.91,89.66,1756.0,1,3,1,PulseMart,67.6,2.1,544.4,Platinum,4,US,PulseMart,member01494@example.com,false,false
M02137,8,2023-02-22,2025-11-26,216,1008,417.34,52.17,834.0,0,3,1,PulseHome,144.0,1.5,151.12,Platinum,4,IN,PulseHome,member02137@example.com,false,false
M02772,5,2024-09-12,2025-12-23,189,467,294.36,58.87,487.0,1,2,2,PulseHome,116.8,1.62,230.07,Silver,2,IN,PulseHome,member02772@example.com,false,false
M03122,4,2024-01-06,2025-07-23,342,564,240.32,60.08,442.0,1,2,1,PulseMart,188.0,1.82,155.53,Bronze,1,US,PulseMart,member03122@example.com,false,false
M03302,5,2022-07-22,2025-05-06,420,1019,273.57,54.71,630.0,0,3,1,PulseMart,254.8,1.65,97.99,Bronze,1,IN,PulseMart,member03302@example.com,false,false
M03580,6,2023-05-02,2025-03-02,485,670,667.02,111.17,817.0,3,3,1,PulseEats,134.0,3.62,363.38,Silver,2,IN,PulseEats,member03580@example.com,false,false
M04520,6,2023-06-09,2025-06-30,365,752,252.58,42.1,455.0,0,2,2,PulseEats,150.4,2.43,122.6,Gold,3,US,PulseEats,member04520@example.com,false,false
M04553,7,2022-08-15,2025-03-05,482,933,351.58,50.23,590.0,1,3,2,PulseEats,155.5,3.1,137.54,Silver,2,IN,PulseEats,member04553@example.com,false,false
M05011,10,2022-09-07,2025-09-30,273,1119,494.71,49.47,990.0,0,3,1,PulseHome,124.3,2.2,161.37,Gold,3,SG,PulseHome,member05011@example.com,false,false
M05059,5,2024-05-24,2025-10-28,245,522,278.9,55.78,558.0,0,3,1,PulseHome,130.5,1.88,195.02,Silver,2,IN,PulseHome,member05059@example.com,false,false
M05515,4,2022-04-23,2025-01-12,534,995,364.7,91.18,764.0,0,3,2,PulseMart,331.7,1.61,133.78,Platinum,4,SG,PulseMart,member05515@example.com,false,false
M05610,6,2024-10-28,2026-02-07,143,467,398.16,66.36,856.0,1,3,2,PulseMart,93.4,1.53,311.2,Gold,3,IN,PulseMart,member05610@example.com,false,false
M05937,6,2024-03-26,2025-11-13,229,597,376.08,62.68,658.0,0,3,1,PulseEats,119.4,1.92,229.93,Bronze,1,IN,PulseEats,member05937@example.com,false,false
M06632,4,2022-10-21,2025-03-11,476,872,373.69,93.42,652.0,1,2,2,PulseMart,290.7,1.64,156.42,Silver,2,US,PulseMart,member06632@example.com,false,false
M06662,9,2024-03-05,2025-10-01,272,575,305.16,33.91,495.0,2,3,1,PulseHome,71.9,3.78,193.71,Bronze,1,SG,PulseHome,member06662@example.com,false,false
M06701,5,2022-11-24,2025-01-29,517,797,269.83,53.97,422.0,1,3,1,PulseEats,199.3,2.59,123.57,Silver,2,IN,PulseEats,member06701@example.com,false,false
M06722,8,2024-07-22,2025-12-31,181,527,506.54,63.32,1139.0,0,3,2,PulseMart,75.3,2.4,350.83,Gold,3,US,PulseMart,member06722@example.com,false,false
M06802,6,2024-06-13,2025-12-27,185,562,252.25,42.04,323.0,2,3,1,PulseHome,112.4,1.65,163.83,Bronze,1,IN,PulseHome,member06802@example.com,false,false
M07600,4,2024-03-19,2025-07-22,343,490,175.79,43.95,352.0,0,2,1,PulseHome,163.3,2.1,130.95,Bronze,1,IN,PulseHome,member07600@example.com,false,false
M07621,6,2022-04-06,2025-04-14,442,1104,308.02,51.34,575.0,0,3,2,PulseEats,220.8,2.0,101.84,Bronze,1,IN,PulseEats,member07621@example.com,false,false
M07737,7,2023-07-28,2025-11-22,220,848,448.05,64.01,796.0,1,3,2,PulseHome,141.3,1.56,192.85,Silver,2,IN,PulseHome,member07737@example.com,false,false
M08690,5,2022-12-28,2025-02-11,504,776,311.93,62.39,578.0,0,2,2,PulseEats,194.0,2.6,146.72,Gold,3,US,PulseEats,member08690@example.com,false,false
M08819,6,2023-11-08,2025-09-10,293,672,426.99,71.17,803.0,1,2,1,PulseHome,134.4,2.18,231.92,Gold,3,SG,PulseHome,member08819@example.com,false,false
M08959,5,2024-01-05,2025-05-25,401,506,459.04,91.81,803.0,0,1,1,PulseEats,126.5,3.17,331.13,Silver,2,IN,PulseEats,member08959@example.com,false,false
M09238,9,2023-10-19,2025-11-01,241,744,473.98,52.66,770.0,2,3,3,PulseHome,93.0,2.59,232.53,Gold,3,IN,PulseHome,member09238@example.com,false,false
M09362,6,2024-02-15,2025-07-15,350,516,609.92,101.65,1018.0,1,3,1,PulseEats,103.2,3.39,431.44,Silver,2,SG,PulseEats,member09362@example.com,false,false
M09365,10,2022-11-16,2025-11-16,226,1096,741.48,74.15,899.0,3,3,1,PulseEats,121.8,1.86,246.93,Bronze,1,US,PulseEats,member09365@example.com,false,false
M09538,5,2022-07-18,2025-04-21,435,1008,284.95,56.99,657.0,0,2,1,PulseMart,252.0,1.73,103.18,Platinum,4,US,PulseMart,member09538@example.com,false,false
M10073,5,2023-03-05,2025-01-11,535,678,302.96,60.59,606.0,0,3,1,PulseHome,169.5,3.16,163.1,Gold,3,IN,PulseHome,member10073@example.com,false,false
M10076,7,2024-12-26,2026-01-08,173,378,415.19,59.31,762.0,1,3,2,PulseHome,63.0,2.75,400.91,Gold,3,US,PulseHome,member10076@example.com,false,false
M10099,7,2024-08-06,2025-12-25,187,506,403.01,57.57,721.0,0,3,2,PulseEats,84.3,2.22,290.71,Silver,2,SG,PulseEats,member10099@example.com,false,false
M10161,4,2024-04-30,2025-07-04,361,430,160.08,40.02,300.0,1,2,2,PulseMart,143.3,2.52,135.88,Bronze,1,IN,PulseMart,member10161@example.com,false,false
M10514,6,2023-10-01,2025-10-31,242,761,239.2,39.87,388.0,1,3,3,PulseEats,152.2,1.59,114.73,Gold,3,AE,PulseEats,member10514@example.com,false,false
M10846,4,2024-01-15,2025-06-15,380,517,407.24,101.81,937.0,0,2,1,PulseMart,172.3,2.21,287.51,Bronze,1,IN,PulseMart,member10846@example.com,false,false
M11309,4,2023-06-04,2025-02-17,498,624,217.29,54.32,255.0,1,2,1,PulseEats,208.0,2.39,127.1,Platinum,4,US,PulseEats,member11309@example.com,false,false
M11539,6,2024-06-08,2026-01-01,180,572,424.72,70.79,710.0,1,2,1,PulseHome,114.4,1.57,271.02,Bronze,1,US,PulseHome,member11539@example.com,false,false
M11553,5,2022-12-14,2025-06-08,387,907,270.51,54.1,408.0,1,3,2,PulseEats,226.8,1.71,108.86,Silver,2,GB,PulseEats,member11553@example.com,false,false
M11617,7,2022-11-16,2025-01-19,527,795,637.67,91.1,1125.0,1,3,2,PulseEats,132.5,3.98,292.77,Gold,3,AE,PulseEats,member11617@example.com,false,false
M11621,6,2023-10-08,2025-08-05,329,667,305.52,50.92,543.0,0,2,2,PulseEats,133.4,2.47,167.19,Gold,3,IN,PulseEats,member11621@example.com,false,false
M11622,5,2023-06-27,2025-08-28,306,793,385.47,77.09,837.0,1,2,1,PulseMart,198.3,1.54,177.42,Bronze,1,US,PulseMart,member11622@example.com,false,false
M11659,5,2024-07-22,2025-11-27,215,493,407.29,81.46,714.0,1,2,1,PulseHome,123.3,1.74,301.54,Silver,2,SG,PulseHome,member11659@example.com,false,false
M11884,4,2023-10-09,2025-04-02,454,541,226.47,56.62,418.0,1,3,1,PulseMart,180.3,2.52,152.79,Bronze,1,GB,PulseMart,member11884@example.com,false,false
M12187,7,2022-02-17,2025-04-30,426,1168,461.29,65.9,756.0,1,3,1,PulseEats,194.7,2.19,144.15,Platinum,4,US,PulseEats,member12187@example.com,false,false
M12752,8,2022-04-29,2025-04-11,445,1078,738.48,92.31,1077.0,3,3,1,PulseHome,154.0,2.89,250.04,Gold,3,SG,PulseHome,member12752@example.com,false,false
M12892,6,2024-07-29,2025-08-25,309,392,424.77,70.8,613.0,2,3,1,PulseEats,78.4,3.94,395.51,Silver,2,AE,PulseEats,member12892@example.com,false,false
M12934,5,2024-05-22,2025-11-02,240,529,528.94,105.79,1194.0,0,3,2,PulseMart,132.3,1.81,364.96,Silver,2,US,PulseMart,member12934@example.com,false,false
M13003,4,2024-04-17,2025-07-18,347,457,190.04,47.51,388.0,1,3,1,PulseMart,152.3,2.28,151.78,Bronze,1,US,PulseMart,member13003@example.com,false,false
M13984,4,2024-01-26,2025-08-25,309,577,325.19,81.3,704.0,0,2,2,PulseHome,192.3,1.61,205.71,Bronze,1,IN,PulseHome,member13984@example.com,false,false
M14121,6,2023-07-18,2025-06-02,393,685,529.58,88.26,779.0,2,3,1,PulseEats,137.0,2.87,282.18,Silver,2,IN,PulseEats,member14121@example.com,false,false
M14150,7,2023-05-10,2025-11-05,237,910,360.76,51.54,718.0,1,3,3,PulseMart,151.7,1.56,144.7,Gold,3,IN,PulseMart,member14150@example.com,false,false
M14183,6,2024-06-22,2025-11-29,213,525,426.13,71.02,829.0,0,3,2,PulseHome,105.0,2.03,296.26,Bronze,1,IN,PulseHome,member14183@example.com,false,false
M14195,5,2024-07-02,2025-12-03,209,519,452.54,90.51,970.0,1,2,2,PulseMart,129.8,1.61,318.26,Bronze,1,US,PulseMart,member14195@example.com,false,false
M14533,6,2023-04-03,2025-05-11,415,769,220.23,36.71,489.0,0,3,2,PulseMart,153.8,2.7,104.53,Silver,2,IN,PulseMart,member14533@example.com,false,false
M14604,7,2024-11-15,2025-12-22,190,402,414.64,59.23,734.0,0,2,2,PulseEats,67.0,2.84,376.48,Bronze,1,IN,PulseEats,member14604@example.com,false,false
M14675,7,2024-06-08,2025-11-15,227,525,505.73,72.25,1164.0,0,3,1,PulseMart,87.5,2.59,351.6,Gold,3,IN,PulseMart,member14675@example.com,false,false
M14999,5,2024-01-30,2025-07-05,360,522,330.3,66.06,533.0,2,2,2,PulseHome,130.5,2.76,230.96,Bronze,1,IN,PulseHome,member14999@example.com,false,false
M15186,7,2023-04-04,2025-05-27,399,784,471.43,67.35,959.0,2,3,2,PulseMart,130.7,3.05,219.48,Bronze,1,IN,PulseMart,member15186@example.com,false,false
M15212,5,2024-09-12,2025-10-25,248,408,255.02,51.0,537.0,1,3,1,PulseMart,102.0,2.43,228.14,Silver,2,US,PulseMart,member15212@example.com,false,false
M15344,5,2023-08-16,2025-03-14,473,576,301.2,60.24,527.0,0,2,1,PulseEats,144.0,3.28,190.86,Gold,3,IN,PulseEats,member15344@example.com,false,false
M15883,5,2023-09-20,2025-09-19,284,730,334.25,66.85,769.0,0,2,1,PulseMart,182.5,1.56,167.13,Bronze,1,GB,PulseMart,member15883@example.com,false,false
M15958,7,2022-11-11,2025-10-04,269,1058,384.82,54.97,776.0,0,3,3,PulseHome,176.3,1.53,132.76,Silver,2,IN,PulseHome,member15958@example.com,false,false
M16097,4,2024-02-14,2025-09-03,300,567,275.65,68.91,482.0,0,3,1,PulseEats,189.0,1.59,177.45,Gold,3,IN,PulseEats,member16097@example.com,false,false
M16353,7,2022-09-26,2025-03-05,482,891,302.61,43.23,565.0,1,3,2,PulseHome,148.5,3.25,123.96,Silver,2,AE,PulseHome,member16353@example.com,false,false
M16415,4,2024-05-06,2025-06-13,382,403,189.1,47.28,259.0,1,2,1,PulseEats,134.3,2.84,171.27,Silver,2,GB,PulseEats,member16415@example.com,false,false
M16681,9,2024-12-06,2026-03-08,114,457,377.46,41.94,647.0,2,3,2,PulseMart,57.1,2.0,301.47,Bronze,1,US,PulseMart,member16681@example.com,false,false
M17207,5,2024-01-23,2025-07-03,362,527,219.3,43.86,334.0,1,2,1,PulseEats,131.8,2.75,151.89,Silver,2,IN,PulseEats,member17207@example.com,false,false
M17641,6,2021-08-15,2025-03-16,471,1309,457.16,76.19,916.0,0,3,1,PulseHome,261.8,1.8,127.47,Bronze,1,IN,PulseHome,member17641@example.com,false,false
M17726,8,2021-11-13,2025-06-29,366,1324,788.06,98.51,1198.0,3,3,2,PulseHome,189.1,1.94,217.25,Silver,2,IN,PulseHome,member17726@example.com,false,false
M17748,7,2021-12-16,2025-03-27,460,1197,543.68,77.67,1250.0,0,3,1,PulseMart,199.5,2.31,165.78,Silver,2,IN,PulseMart,member17748@example.com,false,false
M17775,5,2022-12-20,2025-06-29,366,922,249.37,49.87,573.0,0,3,1,PulseMart,230.5,1.59,98.72,Bronze,1,IN,PulseMart,member17775@example.com,false,false
M17951,6,2023-10-21,2025-09-08,295,688,505.2,84.2,834.0,1,3,2,PulseHome,137.6,2.14,268.02,Platinum,4,IN,PulseHome,member17951@example.com,false,false
M18294,5,2023-11-01,2025-05-22,404,568,276.55,55.31,453.0,1,3,1,PulseHome,142.0,2.85,177.71,Bronze,1,US,PulseHome,member18294@example.com,false,false
M18432,4,2024-09-15,2025-10-12,261,392,213.35,53.34,376.0,2,3,1,PulseMart,130.7,2.0,198.65,Bronze,1,AE,PulseMart,member18432@example.com,false,false
M18490,9,2024-04-08,2025-12-22,190,623,973.58,108.18,1662.0,3,3,2,PulseHome,77.9,2.44,570.4,Gold,3,IN,PulseHome,member18490@example.com,false,false
M18710,7,2023-04-11,2025-09-02,301,875,503.58,71.94,1007.0,0,3,1,PulseHome,145.8,2.06,210.06,Silver,2,IN,PulseHome,member18710@example.com,false,false
M18729,7,2024-01-26,2025-12-30,182,704,479.99,68.57,874.0,0,3,2,PulseEats,117.3,1.55,248.86,Gold,3,IN,PulseEats,member18729@example.com,false,false
M18737,5,2023-05-15,2025-07-03,362,780,354.88,70.98,700.0,0,3,2,PulseHome,195.0,1.86,166.07,Bronze,1,US,PulseHome,member18737@example.com,false,false
M18802,5,2024-02-03,2025-08-04,330,548,233.05,46.61,368.0,1,2,2,PulseMart,137.0,2.41,155.22,Bronze,1,IN,PulseMart,member18802@example.com,false,false
M18938,6,2024-05-23,2025-08-07,327,441,343.19,57.2,614.0,2,3,1,PulseMart,88.2,3.71,284.05,Silver,2,US,PulseMart,member18938@example.com,false,false
M19105,4,2024-02-02,2025-08-04,330,549,323.08,80.77,519.0,1,2,3,PulseEats,183.0,1.8,214.8,Bronze,1,IN,PulseEats,member19105@example.com,false,false
M19302,7,2023-05-23,2025-04-03,453,681,470.0,67.14,941.0,0,2,1,PulseHome,113.5,3.99,251.91,Silver,2,US,PulseHome,member19302@example.com,false,false
M19381,9,2023-12-29,2025-11-16,226,688,390.3,43.37,716.0,2,2,2,PulseMart,86.0,2.63,207.06,Gold,3,US,PulseMart,member19381@example.com,false,false
M20038,5,2023-04-04,2025-03-12,475,708,361.0,72.2,639.0,1,2,1,PulseHome,177.0,2.68,186.11,Gold,3,IN,PulseHome,member20038@example.com,false,false
M20054,6,2022-01-18,2025-01-27,519,1105,225.19,37.53,341.0,1,3,2,PulseMart,221.0,2.35,74.38,Bronze,1,US,PulseMart,member20054@example.com,false,false
M20365,4,2023-03-16,2025-05-14,412,790,281.04,70.26,531.0,1,3,1,PulseMart,263.3,1.56,129.85,Silver,2,US,PulseMart,member20365@example.com,false,false
M20489,5,2024-08-15,2025-09-08,295,389,473.56,94.71,829.0,0,3,1,PulseEats,97.3,3.03,444.34,Gold,3,AE,PulseEats,member20489@example.com,false,false
M20664,4,2024-01-20,2025-08-15,319,573,165.59,41.4,380.0,0,2,1,PulseMart,191.0,1.67,105.48,Platinum,4,AE,PulseMart,member20664@example.com,false,false
M20762,5,2023-08-04,2025-08-29,305,756,325.37,65.07,569.0,0,2,1,PulseEats,189.0,1.61,157.09,Silver,2,IN,PulseEats,member20762@example.com,false,false
M20993,7,2023-02-26,2025-06-17,378,842,434.47,62.07,555.0,2,2,2,PulseEats,140.3,2.69,188.34,Bronze,1,GB,PulseEats,member20993@example.com,false,false
M20995,6,2022-01-31,2025-05-05,421,1190,347.89,57.98,799.0,0,3,1,PulseMart,238.0,1.77,106.71,Silver,2,IN,PulseMart,member20995@example.com,false,false
M21155,5,2023-12-09,2025-06-14,381,553,474.53,94.91,948.0,0,2,1,PulseHome,138.3,2.76,313.21,Silver,2,US,PulseHome,member21155@example.com,false,false
M21259,4,2024-03-10,2025-06-14,381,461,296.57,74.14,609.0,1,2,1,PulseMart,153.7,2.48,234.81,Bronze,1,AE,PulseMart,member21259@example.com,false,false
M22150,6,2024-10-24,2026-01-29,152,462,395.64,65.94,542.0,1,2,1,PulseEats,92.4,1.65,312.57,Gold,3,IN,PulseEats,member22150@example.com,false,false
M22253,6,2024-06-14,2025-10-05,268,478,397.72,66.29,782.0,0,3,2,PulseHome,95.6,2.8,303.7,Gold,3,IN,PulseHome,member22253@example.com,false,false
M22320,6,2024-04-22,2025-08-13,321,478,421.22,70.2,747.0,0,2,2,PulseEats,95.6,3.36,321.64,Silver,2,IN,PulseEats,member22320@example.com,false,false
M22332,6,2023-04-18,2025-08-15,319,850,526.68,87.78,922.0,0,2,1,PulseEats,170.0,1.88,226.16,Bronze,1,GB,PulseEats,member22332@example.com,false,false
M22544,6,2023-03-12,2025-03-06,481,725,322.71,53.79,565.0,0,3,1,PulseEats,145.0,3.32,162.47,Bronze,1,IN,PulseEats,member22544@example.com,false,false
M22600,5,2024-06-13,2025-11-20,222,525,236.82,47.36,437.0,1,3,3,PulseHome,131.3,1.69,164.65,Gold,3,IN,PulseHome,member22600@example.com,false,false
M22783,6,2022-12-05,2025-03-06,481,822,296.58,49.43,544.0,1,3,1,PulseHome,164.4,2.93,131.69,Bronze,1,IN,PulseHome,member22783@example.com,false,false
M23794,6,2023-09-11,2025-08-23,311,712,464.37,77.4,930.0,0,3,1,PulseHome,142.4,2.18,238.05,Silver,2,US,PulseHome,member23794@example.com,false,false
M23830,7,2024-03-26,2026-01-03,178,648,465.91,66.56,1007.0,0,3,3,PulseMart,108.0,1.65,262.43,Silver,2,GB,PulseMart,member23830@example.com,false,false
M23866,7,2022-09-04,2025-08-28,306,1089,435.99,62.28,773.0,1,3,1,PulseHome,181.5,1.69,146.13,Bronze,1,SG,PulseHome,member23866@example.com,false,false
M23991,4,2023-05-21,2025-03-08,479,657,280.62,70.16,561.0,0,3,1,PulseHome,219.0,2.19,155.9,Silver,2,SG,PulseHome,member23991@example.com,false,false
M24236,7,2022-08-11,2025-06-04,391,1028,427.08,61.01,681.0,2,2,1,PulseMart,171.3,2.28,151.64,Bronze,1,IN,PulseMart,member24236@example.com,false,false
M24251,8,2022-02-08,2025-06-06,389,1214,357.0,44.63,636.0,2,3,2,PulseMart,173.4,2.24,107.34,Silver,2,IN,PulseMart,member24251@example.com,false,false
M24278,4,2023-06-01,2025-06-04,391,734,202.42,50.61,289.0,2,2,1,PulseMart,244.7,1.6,100.66,Silver,2,SG,PulseMart,member24278@example.com,false,false
M24703,7,2023-03-02,2025-09-21,282,934,401.33,57.33,925.0,0,3,1,PulseMart,155.7,1.81,156.84,Silver,2,US,PulseMart,member24703@example.com,false,false
M25090,5,2024-05-09,2025-11-08,234,548,243.57,48.71,437.0,0,3,2,PulseEats,137.0,1.71,162.23,Silver,2,IN,PulseEats,member25090@example.com,false,false
M25489,6,2023-05-27,2025-05-04,422,708,541.68,90.28,1054.0,0,3,2,PulseHome,141.6,2.98,279.26,Bronze,1,IN,PulseHome,member25489@example.com,false,false
M25601,5,2023-10-23,2025-10-03,270,711,288.58,57.72,537.0,1,3,2,PulseHome,177.8,1.52,148.15,Silver,2,IN,PulseHome,member25601@example.com,false,false
M26185,7,2024-03-06,2025-09-01,302,544,498.01,71.14,696.0,3,3,2,PulseEats,90.7,3.33,334.14,Silver,2,IN,PulseEats,member26185@example.com,false,false
M26437,8,2024-03-10,2025-11-02,240,602,671.47,83.93,976.0,2,3,1,PulseEats,86.0,2.79,407.12,Silver,2,SG,PulseEats,member26437@example.com,false,false
M27667,10,2023-09-07,2025-10-02,271,756,639.65,63.97,1216.0,3,2,1,PulseMart,84.0,3.23,308.83,Bronze,1,US,PulseMart,member27667@example.com,false,false
M27675,12,2022-12-29,2025-12-18,194,1085,1000.35,83.36,1759.0,1,3,3,PulseEats,98.6,1.97,336.52,Bronze,1,SG,PulseEats,member27675@example.com,false,false
M27714,4,2024-02-10,2025-03-06,481,390,213.36,53.34,150.0,2,3,3,PulseHome,130.0,3.7,199.68,Bronze,1,US,PulseHome,member27714@example.com,false,false
M27933,5,2024-10-06,2025-12-27,185,447,204.99,41.0,358.0,0,3,1,PulseEats,111.8,1.66,167.39,Bronze,1,IN,PulseEats,member27933@example.com,false,false
M28179,5,2024-07-19,2025-11-04,238,473,275.48,55.1,340.0,2,2,1,PulseEats,118.3,2.01,212.58,Silver,2,IN,PulseEats,member28179@example.com,false,false
M28750,6,2024-10-18,2025-10-20,253,367,176.98,29.5,392.0,0,3,2,PulseMart,73.4,3.45,176.02,Silver,2,IN,PulseMart,member28750@example.com,false,false
M29089,5,2024-10-24,2025-11-27,215,399,219.3,43.86,297.0,1,3,1,PulseEats,99.8,2.16,200.61,Platinum,4,AE,PulseEats,member29089@example.com,false,false
M29147,6,2023-08-21,2025-08-27,307,737,392.27,65.38,434.0,2,2,1,PulseHome,147.4,2.08,194.27,Gold,3,US,PulseHome,member29147@example.com,false,false
M29635,7,2023-07-19,2025-08-26,308,769,500.03,71.43,966.0,1,3,2,PulseEats,128.2,2.4,237.34,Platinum,4,US,PulseEats,member29635@example.com,false,false
M29917,10,2025-03-21,2026-04-14,77,389,787.57,78.76,1179.0,1,3,1,PulseEats,43.2,1.78,738.98,Platinum,4,SG,PulseEats,member29917@example.com,false,false
M31040,4,2024-01-27,2025-08-25,309,576,206.36,51.59,474.0,0,3,1,PulseMart,192.0,1.61,130.77,Gold,3,US,PulseMart,member31040@example.com,false,false
M31450,10,2023-04-25,2025-11-17,225,937,553.86,55.39,929.0,2,3,1,PulseHome,104.1,2.16,215.75,Silver,2,US,PulseHome,member31450@example.com,false,false
M31655,7,2023-06-15,2025-08-27,307,804,481.52,68.79,865.0,1,3,2,PulseEats,134.0,2.29,218.6,Bronze,1,IN,PulseEats,member31655@example.com,false,false
M31695,4,2024-05-27,2025-07-17,348,416,283.92,70.98,470.0,1,2,1,PulseMart,138.7,2.51,249.11,Bronze,1,GB,PulseMart,member31695@example.com,false,false
M31756,7,2023-05-22,2025-09-21,282,853,439.38,62.77,809.0,0,3,2,PulseEats,142.2,1.98,188.01,Bronze,1,US,PulseEats,member31756@example.com,false,false
M32066,4,2024-04-25,2025-04-25,431,365,200.95,50.24,398.0,1,2,1,PulseMart,121.7,3.54,200.95,Gold,3,IN,PulseMart,member32066@example.com,false,false
M32208,8,2024-06-21,2025-12-22,190,549,531.85,66.48,913.0,2,2,1,PulseHome,78.4,2.42,353.6,Bronze,1,IN,PulseHome,member32208@example.com,false,false
M32379,4,2023-09-28,2025-04-05,451,555,220.53,55.13,363.0,1,1,1,PulseHome,185.0,2.44,145.03,Silver,2,US,PulseHome,member32379@example.com,false,false
M32622,6,2024-06-14,2025-11-08,234,512,415.84,69.31,732.0,2,2,1,PulseMart,102.4,2.29,296.45,Gold,3,IN,PulseMart,member32622@example.com,false,false
M32946,4,2024-04-14,2025-10-04,269,538,222.37,55.59,440.0,1,3,1,PulseMart,179.3,1.5,150.86,Bronze,1,US,PulseMart,member32946@example.com,false,false
M33029,7,2021-07-04,2025-06-23,372,1450,357.47,51.07,524.0,2,3,2,PulseMart,241.7,1.54,89.98,Bronze,1,AE,PulseMart,member33029@example.com,false,false
M33038,6,2024-10-22,2025-11-14,228,388,502.35,83.73,832.0,1,3,1,PulseEats,77.6,2.94,472.57,Silver,2,GB,PulseEats,member33038@example.com,false,false
M33371,7,2023-08-25,2025-10-15,258,782,330.8,47.26,490.0,1,3,1,PulseEats,130.3,1.98,154.4,Silver,2,SG,PulseEats,member33371@example.com,false,false
M33391,7,2021-12-30,2025-06-14,381,1262,232.71,33.24,374.0,1,3,1,PulseEats,210.3,1.81,67.31,Bronze,1,US,PulseEats,member33391@example.com,false,false
M33527,6,2024-01-13,2025-07-23,342,557,324.04,54.01,489.0,1,2,1,PulseEats,111.4,3.07,212.34,Silver,2,GB,PulseEats,member33527@example.com,false,false
M33690,5,2022-06-05,2025-02-23,492,994,411.49,82.3,862.0,0,3,2,PulseHome,248.5,1.98,151.1,Platinum,4,US,PulseHome,member33690@example.com,false,false
M33799,5,2021-09-09,2025-03-09,478,1277,333.88,66.78,715.0,1,2,1,PulseMart,319.3,1.5,95.43,Bronze,1,US,PulseMart,member33799@example.com,false,false
M34426,6,2024-08-16,2025-12-28,184,499,449.26,74.88,624.0,2,2,1,PulseEats,99.8,1.84,328.62,Silver,2,SG,PulseEats,member34426@example.com,false,false
M34487,5,2022-10-10,2025-04-04,452,907,404.12,80.82,763.0,1,2,2,PulseMart,226.8,1.99,162.63,Silver,2,GB,PulseMart,member34487@example.com,false,false
M34668,7,2024-02-14,2025-10-01,272,595,467.67,66.81,1075.0,0,3,1,PulseMart,99.2,2.74,286.89,Gold,3,SG,PulseMart,member34668@example.com,false,false
M34669,6,2022-07-23,2025-04-28,428,1010,387.86,64.64,528.0,2,2,2,PulseMart,202.0,2.12,140.17,Silver,2,IN,PulseMart,member34669@example.com,false,false
M35034,6,2023-01-06,2025-08-22,312,959,403.43,67.24,782.0,0,3,2,PulseHome,191.8,1.63,153.55,Bronze,1,SG,PulseHome,member35034@example.com,false,false
M35108,8,2023-08-06,2025-08-28,306,753,564.65,70.58,1299.0,0,3,1,PulseMart,107.6,2.84,273.7,Gold,3,AE,PulseMart,member35108@example.com,false,false
M35349,5,2024-06-18,2025-08-05,329,413,224.81,44.96,394.0,0,3,1,PulseEats,103.3,3.19,198.68,Platinum,4,AE,PulseEats,member35349@example.com,false,false
M35437,7,2022-03-05,2025-06-08,387,1191,284.59,40.66,462.0,1,3,2,PulseEats,198.5,1.95,87.22,Bronze,1,IN,PulseEats,member35437@example.com,false,false
M36002,8,2024-08-15,2026-02-05,145,539,816.86,102.11,1244.0,2,3,2,PulseEats,77.0,1.88,553.16,Silver,2,US,PulseEats,member36002@example.com,false,false
M36218,4,2024-04-20,2025-05-27,399,402,324.48,81.12,568.0,0,2,1,PulseEats,134.0,2.98,294.61,Gold,3,SG,PulseEats,member36218@example.com,false,false
M36285,6,2024-05-16,2025-12-15,197,578,530.06,88.34,927.0,0,3,1,PulseEats,115.6,1.7,334.73,Silver,2,IN,PulseEats,member36285@example.com,false,false
M36412,4,2022-10-03,2025-02-06,509,857,174.86,43.72,277.0,1,2,1,PulseHome,285.7,1.78,74.47,Bronze,1,US,PulseHome,member36412@example.com,false,false
M36795,4,2024-07-24,2025-10-12,261,445,166.48,41.62,333.0,0,2,1,PulseHome,148.3,1.76,136.55,Bronze,1,IN,PulseHome,member36795@example.com,false,false
M36987,6,2022-09-01,2025-04-23,433,965,460.34,76.72,805.0,0,3,1,PulseEats,193.0,2.24,174.12,Bronze,1,IN,PulseEats,member36987@example.com,false,false
M37081,5,2024-09-20,2025-12-04,208,440,333.78,66.76,357.0,2,3,2,PulseHome,110.0,1.89,276.89,Silver,2,AE,PulseHome,member37081@example.com,false,false
M37110,4,2023-06-28,2025-04-17,439,659,208.76,52.19,417.0,0,3,1,PulseHome,219.7,2.0,115.63,Gold,3,SG,PulseHome,member37110@example.com,false,false
M37487,7,2021-09-05,2025-03-05,482,1277,580.86,82.98,1061.0,1,3,1,PulseHome,212.8,2.26,166.02,Silver,2,IN,PulseHome,member37487@example.com,false,false
M37626,5,2024-10-07,2025-12-06,206,425,407.42,81.48,849.0,1,3,1,PulseMart,106.3,1.94,349.9,Silver,2,GB,PulseMart,member37626@example.com,false,false
M37698,8,2022-07-31,2025-04-09,447,983,652.89,81.61,1142.0,0,2,1,PulseEats,140.4,3.18,242.43,Bronze,1,IN,PulseEats,member37698@example.com,false,false
M37899,5,2024-04-14,2025-07-19,346,461,385.08,77.02,562.0,2,2,2,PulseEats,115.3,3.0,304.89,Silver,2,IN,PulseEats,member37899@example.com,false,false
M37983,10,2023-10-03,2026-01-15,166,835,724.29,72.43,1214.0,2,3,2,PulseHome,92.8,1.79,316.61,Silver,2,GB,PulseHome,member37983@example.com,false,false
M38455,6,2023-10-12,2025-11-11,231,761,307.55,51.26,439.0,2,2,1,PulseHome,152.2,1.52,147.51,Gold,3,IN,PulseHome,member38455@example.com,false,false
M38489,6,2024-09-14,2025-11-14,228,426,295.76,49.29,468.0,1,3,1,PulseEats,85.2,2.68,253.41,Gold,3,IN,PulseEats,member38489@example.com,false,false
M38504,6,2023-09-21,2025-05-03,423,590,379.02,63.17,662.0,2,2,1,PulseMart,118.0,3.58,234.48,Silver,2,IN,PulseMart,member38504@example.com,false,false
M38538,9,2023-06-11,2025-12-11,201,914,594.92,66.1,1368.0,0,3,1,PulseMart,114.3,1.76,237.58,Platinum,4,US,PulseMart,member38538@example.com,false,false
M38627,4,2024-04-29,2025-07-09,356,436,241.34,60.34,483.0,0,2,1,PulseHome,145.3,2.45,202.04,Silver,2,US,PulseHome,member38627@example.com,false,false
M39296,5,2023-04-30,2025-06-02,393,764,345.59,69.12,691.0,0,3,1,PulseHome,191.0,2.06,165.11,Silver,2,IN,PulseHome,member39296@example.com,false,false
M39509,4,2023-07-11,2025-03-29,458,627,214.85,53.71,493.0,0,3,1,PulseMart,209.0,2.19,125.07,Silver,2,IN,PulseMart,member39509@example.com,false,false
M39579,7,2021-11-10,2025-04-24,432,1261,618.89,88.41,840.0,4,3,1,PulseHome,210.2,2.06,179.14,Platinum,4,GB,PulseHome,member39579@example.com,false,false
M39687,5,2024-08-17,2025-11-14,228,454,442.06,88.41,1016.0,0,3,1,PulseMart,113.5,2.01,355.4,Gold,3,IN,PulseMart,member39687@example.com,false,false
M39998,8,2023-08-14,2025-11-07,235,816,555.11,69.39,771.0,2,3,2,PulseEats,116.6,2.02,248.3,Bronze,1,IN,PulseEats,member39998@example.com,false,false
M04729,5,2024-11-22,2025-12-12,200,385,1255.14,251.03,2196.0,0,2,1,PulseEats,96.3,2.08,1189.94,Bronze,1,IN,PulseEats,member04729@example.com,false,false
M19661,4,2024-08-07,2025-11-04,238,454,915.8,228.95,2106.0,0,3,1,PulseMart,151.3,1.57,736.27,Silver,2,SG,PulseMart,member19661@example.com,false,false
M12967,6,2024-08-25,2025-11-22,220,454,1791.87,298.65,3583.0,0,3,1,PulseHome,90.8,2.42,1440.6,Platinum,4,IN,PulseHome,member12967@example.com,false,false
M19889,5,2024-11-29,2025-12-25,187,391,1039.98,208.0,2393.0,0,2,1,PulseMart,97.8,1.91,970.83,Bronze,1,IN,PulseMart,member19889@example.com,false,false
M12276,5,2024-09-12,2025-10-22,251,405,1565.64,313.13,3601.0,0,3,1,PulseMart,101.3,2.48,1411.01,Bronze,1,IN,PulseMart,member12276@example.com,false,false
M30287,6,2024-06-14,2025-12-06,206,540,1702.1,283.68,3915.0,0,3,1,PulseMart,108.0,1.91,1150.49,Bronze,1,GB,PulseMart,member30287@example.com,false,false
M03991,6,2024-07-30,2025-11-03,239,461,1353.4,225.57,3113.0,0,2,1,PulseMart,92.2,2.59,1071.56,Bronze,1,IN,PulseMart,member03991@example.com,false,false
M25225,4,2024-06-25,2025-09-25,278,457,1417.6,354.4,2835.0,0,2,1,PulseHome,152.3,1.82,1132.22,Silver,2,GB,PulseHome,member25225@example.com,false,false
M18117,4,2024-11-10,2025-11-27,215,382,1315.93,328.98,3027.0,0,3,1,PulseMart,127.3,1.69,1257.37,Gold,3,US,PulseMart,member18117@example.com,false,false
M15450,5,2024-06-28,2025-08-07,327,405,1676.73,335.35,2934.0,0,2,1,PulseEats,101.3,3.23,1511.13,Bronze,1,IN,PulseEats,member15450@example.com,false,false
M06747,5,2024-02-29,2025-08-17,317,535,374.08,74.82,532.0,1,3,2,PulseEats,133.8,2.37,255.21,Silver,2,IN,PulseEats,member06747@example.com,false,false
M01763,7,2023-12-27,2025-09-16,287,629,314.83,44.98,625.0,1,2,1,PulseMart,104.8,2.74,182.69,Silver,2,IN,PulseMart,member01763@example.com,false,false
M00032,6,2024-01-19,2025-11-28,214,679,372.98,62.16,435.0,3,3,2,PulseHome,135.8,1.58,200.5,Gold,3,IN,PulseHome,member00032@example.com,false,false
M00058,6,2022-07-09,2025-06-14,381,1071,482.54,80.42,966.0,0,3,1,PulseHome,214.2,1.78,164.45,Bronze,1,IN,PulseHome,member00058@example.com,false,false
M00268,6,2024-09-15,2025-12-25,187,466,384.44,64.07,718.0,1,3,1,PulseHome,93.2,2.01,301.12,Bronze,1,IN,PulseHome,member00268@example.com,false,false
M00425,4,2024-03-16,2025-07-26,339,497,217.76,54.44,256.0,2,2,1,PulseMart,165.7,2.05,159.92,Silver,2,SG,PulseMart,member00425@example.com,false,false
M00554,5,2024-01-16,2025-08-06,328,568,358.53,71.71,663.0,1,2,2,PulseMart,142.0,2.31,230.39,Bronze,1,SG,PulseMart,member00554@example.com,false,false
M00884,9,2021-06-02,2025-08-02,332,1522,463.29,51.48,1016.0,1,3,1,PulseMart,190.3,1.75,111.1,Platinum,4,SG,PulseMart,member00884@example.com,false,false
M01200,5,2023-06-20,2025-01-27,519,587,225.1,45.02,394.0,0,3,1,PulseEats,146.8,3.54,139.97,Bronze,1,SG,PulseEats,member01200@example.com,false,false
M01220,9,2023-06-03,2025-12-09,203,920,796.74,88.53,1394.0,0,3,1,PulseEats,115.0,1.77,316.1,Bronze,1,US,PulseEats,member01220@example.com,false,false
M01655,5,2022-06-06,2025-01-26,520,965,237.23,47.45,392.0,1,3,1,PulseHome,241.3,2.16,89.73,Platinum,4,IN,PulseHome,member01655@example.com,false,false
M02163,5,2022-10-06,2025-01-18,528,835,369.52,73.9,639.0,1,3,1,PulseHome,208.8,2.53,161.53,Bronze,1,IN,PulseHome,member02163@example.com,false,false
M02415,7,2023-02-06,2025-03-26,461,779,486.93,69.56,852.0,0,3,1,PulseEats,129.8,3.55,228.15,Gold,3,US,PulseEats,member02415@example.com,false,false
M02797,5,2022-11-11,2025-05-15,411,916,289.6,57.92,507.0,0,2,1,PulseEats,229.0,1.79,115.4,Bronze,1,IN,PulseEats,member02797@example.com,false,false
M02959,9,2022-10-15,2025-07-10,355,999,575.45,63.94,877.0,1,3,1,PulseEats,124.9,2.84,210.25,Silver,2,US,PulseEats,member02959@example.com,false,false
M03215,6,2022-12-14,2025-06-13,382,912,429.85,71.64,727.0,1,3,2,PulseHome,182.4,2.09,172.03,Silver,2,IN,PulseHome,member03215@example.com,false,false
M03672,4,2023-02-10,2025-02-19,496,740,205.39,51.35,411.0,0,3,1,PulseHome,246.7,2.01,101.31,Bronze,1,IN,PulseHome,member03672@example.com,false,false
M03710,4,2023-04-05,2025-02-11,504,678,330.97,82.74,579.0,0,3,1,PulseEats,226.0,2.23,178.18,Silver,2,US,PulseEats,member03710@example.com,false,false
M04022,7,2023-07-31,2025-06-27,368,697,368.98,52.71,597.0,1,3,1,PulseEats,116.2,3.17,193.22,Gold,3,US,PulseEats,member04022@example.com,false,false
M04126,7,2023-09-10,2025-10-22,251,773,465.69,66.53,1032.0,0,3,2,PulseMart,128.8,1.95,219.89,Platinum,4,US,PulseMart,member04126@example.com,false,false
M04290,7,2021-03-27,2025-06-02,393,1528,561.47,80.21,1069.0,1,3,3,PulseMart,254.7,1.54,134.12,Bronze,1,GB,PulseMart,member04290@example.com,false,false
M04650,5,2023-05-26,2025-03-19,468,663,311.9,62.38,328.0,2,2,2,PulseEats,165.8,2.82,171.71,Bronze,1,IN,PulseEats,member04650@example.com,false,false
M04696,7,2024-08-15,2026-01-23,158,526,656.28,93.75,919.0,2,3,2,PulseEats,87.7,1.8,455.4,Silver,2,IN,PulseEats,member04696@example.com,false,false
M04995,6,2024-09-28,2025-10-02,271,369,393.37,65.56,906.0,0,2,1,PulseMart,73.8,3.67,389.11,Gold,3,US,PulseMart,member04995@example.com,false,false
M05040,7,2021-12-06,2025-07-28,337,1330,551.64,78.81,866.0,1,3,1,PulseEats,221.7,1.52,151.39,Silver,2,US,PulseEats,member05040@example.com,false,false
M05130,5,2024-10-28,2025-12-14,198,412,807.62,161.52,1814.0,0,3,2,PulseMart,103.0,1.92,715.49,Bronze,1,US,PulseMart,member05130@example.com,false,false
M06163,5,2023-09-10,2025-07-24,341,683,321.24,64.25,435.0,1,3,1,PulseEats,170.8,2.0,171.67,Gold,3,IN,PulseEats,member06163@example.com,false,false
M06582,6,2023-03-13,2025-08-05,329,876,350.95,58.49,408.0,3,3,1,PulseMart,175.2,1.88,146.23,Bronze,1,IN,PulseMart,member06582@example.com,false,false
M06728,7,2021-07-25,2025-07-05,360,1441,441.61,63.09,883.0,0,3,1,PulseHome,240.2,1.5,111.86,Bronze,1,IN,PulseHome,member06728@example.com,false,false
M06956,7,2023-06-25,2025-08-28,306,795,634.98,90.71,1110.0,0,3,1,PulseEats,132.5,2.31,291.53,Gold,3,IN,PulseEats,member06956@example.com,false,false
M06971,6,2022-11-13,2025-08-21,313,1012,289.68,48.28,460.0,1,3,3,PulseEats,202.4,1.55,104.48,Silver,2,IN,PulseEats,member06971@example.com,false,false
M07017,4,2024-05-22,2025-07-19,346,423,271.07,67.77,624.0,0,3,1,PulseMart,141.0,2.45,233.9,Bronze,1,AE,PulseMart,member07017@example.com,false,false
M07113,8,2024-05-07,2026-01-26,155,629,532.44,66.56,1054.0,1,2,1,PulseMart,89.9,1.72,308.97,Bronze,1,SG,PulseMart,member07113@example.com,false,false
M07683,5,2023-09-18,2025-09-26,277,739,185.95,37.19,276.0,1,3,1,PulseEats,184.8,1.5,91.84,Silver,2,IN,PulseEats,member07683@example.com,false,false
M07712,4,2024-08-08,2025-10-16,257,434,187.7,46.93,329.0,0,3,1,PulseEats,144.7,1.78,157.86,Silver,2,IN,PulseEats,member07712@example.com,false,false
M08049,7,2021-08-22,2025-05-25,401,1372,317.46,45.35,655.0,1,3,2,PulseMart,228.7,1.75,84.46,Bronze,1,IN,PulseMart,member08049@example.com,false,false
M08111,4,2024-05-16,2025-08-03,331,444,172.9,43.22,346.0,0,2,1,PulseHome,148.0,2.24,142.14,Silver,2,AE,PulseHome,member08111@example.com,false,false
M08205,8,2024-06-10,2026-01-15,166,584,477.16,59.65,769.0,1,3,2,PulseEats,83.4,1.99,298.23,Bronze,1,IN,PulseEats,member08205@example.com,false,false
M08399,6,2023-08-06,2025-09-23,280,779,386.39,64.4,680.0,1,3,3,PulseEats,155.8,1.8,181.04,Bronze,1,SG,PulseEats,member08399@example.com,false,false
M08429,4,2022-07-05,2025-01-24,522,934,307.78,76.94,616.0,0,3,1,PulseHome,311.3,1.68,120.28,Gold,3,IN,PulseHome,member08429@example.com,false,false
M08434,7,2021-12-03,2025-03-28,459,1211,462.73,66.1,962.0,0,2,2,PulseHome,201.8,2.27,139.47,Silver,2,US,PulseHome,member08434@example.com,false,false
M08438,4,2024-09-20,2025-09-20,283,365,238.37,59.59,436.0,0,3,2,PulseEats,121.7,2.33,238.37,Gold,3,US,PulseEats,member08438@example.com,false,false
M08733,10,2024-10-23,2026-02-26,124,491,638.78,63.88,1053.0,2,3,2,PulseEats,54.6,2.27,474.86,Platinum,4,AE,PulseEats,member08733@example.com,false,false
M08742,5,2023-01-19,2025-03-01,486,772,353.75,70.75,648.0,0,3,2,PulseEats,193.0,2.52,167.25,Gold,3,US,PulseEats,member08742@example.com,false,false
M08968,4,2024-06-20,2025-07-23,342,398,279.5,69.88,524.0,1,3,2,PulseMart,132.7,2.58,256.33,Silver,2,US,PulseMart,member08968@example.com,false,false
M09029,9,2022-05-29,2025-07-11,354,1139,821.53,91.28,1878.0,0,3,2,PulseMart,142.4,2.49,263.26,Bronze,1,IN,PulseMart,member09029@example.com,false,false
M09191,8,2024-08-06,2025-11-20,222,471,416.24,52.03,958.0,0,3,1,PulseMart,67.3,3.3,322.56,Silver,2,SG,PulseMart,member09191@example.com,false,false
M09505,6,2024-01-09,2025-06-04,391,512,469.6,78.27,763.0,1,3,1,PulseEats,102.4,3.82,334.77,Bronze,1,IN,PulseEats,member09505@example.com,false,false
M09528,9,2023-11-01,2025-10-20,253,719,415.23,46.14,939.0,0,3,2,PulseMart,89.9,2.82,210.79,Bronze,1,SG,PulseMart,member09528@example.com,false,false
M09633,5,2023-10-25,2025-06-09,386,593,198.67,39.73,397.0,0,3,1,PulseHome,148.3,2.6,122.28,Gold,3,AE,PulseHome,member09633@example.com,false,false
M09637,6,2024-04-30,2025-12-23,189,602,449.74,74.96,805.0,2,3,2,PulseMart,120.4,1.57,272.68,Silver,2,AE,PulseMart,member09637@example.com,false,false
M09861,5,2022-07-16,2025-05-08,418,1027,349.4,69.88,612.0,0,3,1,PulseEats,256.8,1.63,124.18,Silver,2,US,PulseEats,member09861@example.com,false,false
M10047,4,2023-08-18,2025-07-15,350,697,256.32,64.08,462.0,1,3,1,PulseHome,232.3,1.51,134.23,Bronze,1,IN,PulseHome,member10047@example.com,false,false
M10539,4,2023-11-13,2025-06-27,368,592,431.45,107.86,875.0,1,3,1,PulseMart,197.3,1.86,266.01,Silver,2,SG,PulseMart,member10539@example.com,false,false
M10662,7,2023-08-02,2025-08-04,330,733,433.88,61.98,765.0,1,3,3,PulseHome,122.2,2.7,216.05,Bronze,1,AE,PulseHome,member10662@example.com,false,false
M10737,6,2024-06-10,2025-09-20,283,467,391.86,65.31,661.0,1,3,3,PulseEats,93.4,3.03,306.27,Bronze,1,SG,PulseEats,member10737@example.com,false,false
M10854,11,2025-02-13,2026-02-17,133,369,687.76,62.52,916.0,4,3,2,PulseHome,36.9,3.6,680.3,Silver,2,IN,PulseHome,member10854@example.com,false,false
M10874,6,2024-10-22,2025-12-20,192,424,385.06,64.18,583.0,3,3,1,PulseHome,84.8,2.26,331.48,Bronze,1,IN,PulseHome,member10874@example.com,false,false
M10990,4,2023-08-10,2025-06-12,383,672,192.16,48.04,306.0,1,2,2,PulseMart,224.0,1.71,104.37,Gold,3,IN,PulseMart,member10990@example.com,false,false
M11007,5,2023-10-12,2025-08-30,304,688,629.21,125.84,1221.0,0,3,2,PulseHome,172.0,1.77,333.81,Gold,3,AE,PulseHome,member11007@example.com,false,false
M11812,5,2023-11-23,2025-05-29,397,553,342.95,68.59,752.0,0,2,2,PulseMart,138.3,2.87,226.36,Bronze,1,IN,PulseMart,member11812@example.com,false,false
M11991,6,2025-01-13,2026-01-14,167,366,296.98,49.5,423.0,1,3,2,PulseEats,73.2,2.28,296.17,Gold,3,SG,PulseEats,member11991@example.com,false,false
M12357,4,2024-07-15,2025-11-01,241,474,176.35,44.09,406.0,0,2,1,PulseMart,158.0,1.53,135.8,Gold,3,GB,PulseMart,member12357@example.com,false,false
M12430,9,2022-04-08,2025-10-04,269,1275,593.93,65.99,1206.0,1,2,2,PulseMart,159.4,1.69,170.03,Gold,3,IN,PulseMart,member12430@example.com,false,false
M12447,6,2025-01-07,2026-02-17,133,406,459.68,76.61,858.0,2,3,1,PulseMart,81.2,1.64,413.26,Bronze,1,US,PulseMart,member12447@example.com,false,false
M12625,5,2024-07-08,2025-07-21,344,378,287.4,57.48,590.0,2,3,1,PulseMart,94.5,3.64,277.52,Platinum,4,SG,PulseMart,member12625@example.com,false,false
M12715,6,2023-10-26,2025-08-04,330,648,328.01,54.67,620.0,0,3,2,PulseEats,129.6,2.55,184.76,Platinum,4,SG,PulseEats,member12715@example.com,false,false
M13214,4,2023-07-09,2025-02-23,492,595,297.05,74.26,668.0,0,2,2,PulseMart,198.3,2.48,182.22,Silver,2,US,PulseMart,member13214@example.com,false,false
M13319,6,2024-08-23,2025-11-17,225,451,322.98,53.83,443.0,2,3,1,PulseMart,90.2,2.49,261.39,Silver,2,IN,PulseMart,member13319@example.com,false,false
M13538,4,2023-01-12,2025-04-24,432,833,257.18,64.3,491.0,1,2,1,PulseMart,277.7,1.56,112.69,Bronze,1,IN,PulseMart,member13538@example.com,false,false
M13823,5,2024-02-27,2025-09-11,292,562,160.27,32.05,242.0,2,3,1,PulseHome,140.5,2.08,104.09,Silver,2,US,PulseHome,member13823@example.com,false,false
M14148,6,2024-12-04,2026-02-12,138,435,470.99,78.5,808.0,1,3,2,PulseHome,87.0,1.59,395.2,Gold,3,SG,PulseHome,member14148@example.com,false,false
M14717,5,2024-01-01,2025-04-03,453,458,274.17,54.83,547.0,1,3,1,PulseMart,114.5,3.96,218.5,Silver,2,IN,PulseMart,member14717@example.com,false,false
M15056,4,2024-02-03,2025-07-31,334,544,391.02,97.76,721.0,1,3,2,PulseHome,181.3,1.84,262.36,Bronze,1,US,PulseHome,member15056@example.com,false,false
M15374,5,2022-10-31,2025-05-27,399,939,357.74,71.55,626.0,0,3,1,PulseEats,234.8,1.7,139.06,Bronze,1,SG,PulseEats,member15374@example.com,false,false
M15892,5,2023-08-05,2025-02-09,506,554,202.02,40.4,404.0,0,3,1,PulseHome,138.5,3.65,133.1,Bronze,1,GB,PulseHome,member15892@example.com,false,false
M15947,5,2022-12-22,2025-03-26,461,825,434.08,86.82,778.0,0,3,2,PulseEats,206.3,2.24,192.05,Silver,2,US,PulseEats,member15947@example.com,false,false
M16020,6,2024-12-05,2026-01-12,169,403,514.2,85.7,1056.0,1,3,2,PulseMart,80.6,2.1,465.71,Bronze,1,IN,PulseMart,member16020@example.com,false,false
M16053,7,2022-11-11,2025-07-31,334,993,731.28,104.47,1545.0,2,3,2,PulseMart,165.5,2.02,268.8,Bronze,1,SG,PulseMart,member16053@example.com,false,false
M16116,9,2024-02-23,2025-11-22,220,638,554.66,61.63,1133.0,2,3,1,PulseMart,79.8,2.76,317.32,Gold,3,US,PulseMart,member16116@example.com,false,false
M16216,4,2023-05-05,2025-04-11,445,707,313.06,78.27,553.0,1,3,2,PulseEats,235.7,1.89,161.62,Silver,2,IN,PulseEats,member16216@example.com,false,false
M16333,4,2023-11-11,2025-03-29,458,504,240.97,60.24,358.0,1,2,3,PulseHome,168.0,2.73,174.51,Gold,3,IN,PulseHome,member16333@example.com,false,false
M17258,9,2022-12-13,2025-09-22,281,1014,739.77,82.2,1701.0,0,3,1,PulseMart,126.8,2.22,266.29,Silver,2,IN,PulseMart,member17258@example.com,false,false
M17922,5,2024-10-08,2025-12-19,193,437,395.32,79.06,909.0,0,3,1,PulseMart,109.3,1.77,330.19,Silver,2,IN,PulseMart,member17922@example.com,false,false
M18135,6,2024-01-08,2025-09-17,286,618,369.69,61.62,600.0,2,3,1,PulseHome,123.6,2.31,218.34,Gold,3,GB,PulseHome,member18135@example.com,false,false
M18264,6,2024-06-02,2025-11-04,238,520,369.0,61.5,610.0,1,2,1,PulseEats,104.0,2.29,259.01,Silver,2,US,PulseEats,member18264@example.com,false,false
M18683,5,2022-07-23,2025-02-28,487,951,425.53,85.11,720.0,2,2,2,PulseHome,237.8,2.05,163.32,Silver,2,SG,PulseHome,member18683@example.com,false,false
M18814,6,2023-11-28,2025-08-24,310,635,301.15,50.19,496.0,1,3,2,PulseHome,127.0,2.44,173.1,Bronze,1,US,PulseHome,member18814@example.com,false,false
M18836,7,2023-09-06,2025-11-06,236,792,291.5,41.64,532.0,1,3,1,PulseHome,132.0,1.79,134.34,Silver,2,IN,PulseHome,member18836@example.com,false,false
M18925,6,2022-12-15,2025-09-02,301,992,291.33,48.56,582.0,0,3,1,PulseHome,198.4,1.52,107.19,Silver,2,US,PulseHome,member18925@example.com,false,false
M18934,4,2024-03-02,2025-07-01,364,486,272.98,68.25,411.0,1,3,2,PulseEats,162.0,2.25,205.02,Bronze,1,GB,PulseHome,member18934@example.com,false,false
M18943,4,2022-08-11,2025-02-17,498,921,204.64,51.16,309.0,1,3,1,PulseHome,307.0,1.62,81.1,Silver,2,IN,PulseHome,member18943@example.com,false,false
M19036,8,2023-03-21,2025-10-03,270,927,470.72,58.84,893.0,1,3,1,PulseHome,132.4,2.04,185.34,Bronze,1,US,PulseHome,member19036@example.com,false,false
M19273,8,2022-03-04,2025-05-19,407,1172,501.55,62.69,907.0,1,3,1,PulseHome,167.4,2.43,156.2,Silver,2,US,PulseHome,member19273@example.com,false,false
M19565,5,2024-06-11,2025-10-19,254,495,237.87,47.57,476.0,0,3,1,PulseHome,123.8,2.05,175.4,Bronze,1,US,PulseHome,member19565@example.com,false,false
M19655,7,2024-07-02,2026-01-07,174,554,511.63,73.09,915.0,2,3,1,PulseHome,92.3,1.88,337.08,Bronze,1,SG,PulseHome,member19655@example.com,false,false
M19832,8,2022-05-22,2025-07-01,364,1136,544.5,68.06,1020.0,1,3,3,PulseMart,162.3,2.24,174.95,Silver,2,SG,PulseMart,member19832@example.com,false,false
M19989,6,2023-08-20,2025-07-15,350,695,400.21,66.7,588.0,1,3,2,PulseHome,139.0,2.52,210.18,Gold,3,GB,PulseHome,member19989@example.com,false,false
M20044,4,2024-06-11,2025-09-13,290,459,333.64,83.41,768.0,0,2,1,PulseMart,153.0,1.9,265.31,Gold,3,US,PulseMart,member20044@example.com,false,false
M20131,6,2024-02-07,2025-10-18,255,619,347.81,57.97,567.0,1,3,2,PulseEats,123.8,2.06,205.09,Silver,2,US,PulseEats,member20131@example.com,false,false
M20436,5,2024-05-21,2025-08-18,316,454,373.42,74.68,556.0,3,3,1,PulseMart,113.5,2.78,300.22,Bronze,1,IN,PulseMart,member20436@example.com,false,false
M20615,6,2023-07-12,2025-09-13,290,794,942.91,157.15,1853.0,2,3,1,PulseMart,158.8,1.83,433.45,Silver,2,US,PulseMart,member20615@example.com,false,false
M20654,6,2022-01-23,2025-01-31,515,1104,359.81,59.97,709.0,0,2,2,PulseHome,220.8,2.33,118.96,Silver,2,IN,PulseHome,member20654@example.com,false,false
M20733,4,2023-01-15,2025-04-01,455,807,191.21,47.8,440.0,0,2,1,PulseMart,269.0,1.69,86.48,Silver,2,US,PulseMart,member20733@example.com,false,false
M20810,7,2023-06-17,2025-06-12,383,726,385.72,55.1,612.0,2,3,1,PulseMart,121.0,3.17,193.92,Gold,3,IN,PulseMart,member20810@example.com,false,false
M20824,6,2023-11-20,2025-11-22,220,733,530.53,88.42,1031.0,1,3,2,PulseMart,146.6,1.5,264.18,Bronze,1,US,PulseMart,member20824@example.com,false,false
M20921,6,2022-07-09,2025-06-05,390,1062,328.93,54.82,668.0,0,2,2,PulseHome,212.4,1.84,113.05,Silver,2,SG,PulseHome,member20921@example.com,false,false
M20973,4,2023-06-22,2025-03-26,461,643,290.66,72.67,415.0,1,2,1,PulseEats,214.3,2.15,164.99,Bronze,1,IN,PulseEats,member20973@example.com,false,false
M21020,5,2023-05-18,2025-07-28,337,802,339.24,67.85,517.0,1,3,2,PulseEats,200.5,1.68,154.39,Gold,3,IN,PulseEats,member21020@example.com,false,false
M21198,8,2024-02-15,2026-01-09,172,694,436.63,54.58,1005.0,0,3,1,PulseMart,99.1,1.73,229.64,Gold,3,GB,PulseMart,member21198@example.com,false,false
M21253,9,2024-01-07,2025-11-17,225,680,542.15,60.24,644.0,2,3,1,PulseEats,85.0,2.65,291.01,Bronze,1,IN,PulseEats,member21253@example.com,false,false
M21308,5,2024-03-02,2025-10-21,252,598,210.75,42.15,309.0,1,3,2,PulseEats,149.5,1.69,128.64,Gold,3,US,PulseEats,member21308@example.com,false,false
M21499,4,2023-09-07,2025-03-26,461,566,267.52,66.88,468.0,0,2,1,PulseEats,188.7,2.44,172.52,Gold,3,US,PulseEats,member21499@example.com,false,false
M22463,5,2024-06-12,2025-10-25,248,500,301.07,60.21,601.0,0,3,1,PulseHome,125.0,1.98,219.78,Silver,2,US,PulseHome,member22463@example.com,false,false
M22751,6,2024-06-11,2025-08-09,325,424,287.68,47.95,454.0,1,3,1,PulseEats,84.8,3.83,247.65,Silver,2,US,PulseEats,member22751@example.com,false,false
M22812,6,2021-03-29,2025-02-21,494,1425,609.01,101.5,1219.0,0,3,1,PulseHome,285.0,1.73,155.99,Silver,2,IN,PulseHome,member22812@example.com,false,false
M22878,4,2023-09-30,2025-04-12,444,560,264.29,66.07,607.0,0,3,1,PulseMart,186.7,2.38,172.26,Bronze,1,US,PulseMart,member22878@example.com,false,false
M23014,4,2023-11-29,2025-02-20,495,449,224.68,56.17,308.0,1,2,2,PulseHome,149.7,3.31,182.65,Bronze,1,IN,PulseHome,member23014@example.com,false,false
M23119,5,2023-03-16,2025-06-27,368,834,203.39,40.68,398.0,1,3,1,PulseMart,208.5,1.76,89.01,Bronze,1,US,PulseMart,member23119@example.com,false,false
M23779,5,2022-06-08,2025-01-16,530,953,237.55,47.51,336.0,1,2,2,PulseEats,238.3,2.22,90.98,Gold,3,AE,PulseEats,member23779@example.com,false,false
M23956,5,2024-03-25,2025-08-13,321,506,270.59,54.12,383.0,2,2,2,PulseHome,126.5,2.54,195.19,Bronze,1,SG,PulseHome,member23956@example.com,false,false
M23985,6,2022-07-14,2025-03-25,462,985,308.04,51.34,539.0,0,2,1,PulseEats,197.0,2.35,114.15,Silver,2,AE,PulseEats,member23985@example.com,false,false
M24042,11,2022-12-18,2025-12-09,203,1087,535.68,48.7,1016.0,1,3,2,PulseHome,108.7,1.87,179.87,Platinum,4,IN,PulseHome,member24042@example.com,false,false
M24169,4,2023-08-25,2025-04-10,446,594,252.42,63.11,386.0,1,3,2,PulseHome,198.0,2.25,155.11,Bronze,1,IN,PulseEats,member24169@example.com,false,false
M24186,7,2022-09-02,2025-06-25,370,1027,538.35,76.91,1211.0,0,3,2,PulseMart,171.2,2.16,191.33,Bronze,1,AE,PulseMart,member24186@example.com,false,false
M24202,6,2024-02-03,2025-11-10,232,646,398.05,66.34,697.0,0,3,1,PulseEats,129.2,1.8,224.9,Silver,2,US,PulseEats,member24202@example.com,false,false
M24453,5,2024-12-15,2026-01-22,159,403,306.75,61.35,538.0,2,2,1,PulseMart,100.8,1.58,277.83,Gold,3,AE,PulseMart,member24453@example.com,false,false
M24812,7,2021-06-17,2025-02-18,497,1342,283.93,40.56,444.0,3,3,1,PulseMart,223.7,2.22,77.22,Silver,2,IN,PulseMart,member24812@example.com,false,false
M24861,7,2023-07-30,2025-11-10,232,834,304.47,43.5,533.0,0,2,1,PulseEats,139.0,1.67,133.25,Bronze,1,IN,PulseEats,member24861@example.com,false,false
M24974,5,2024-06-20,2025-11-09,233,507,193.57,38.71,388.0,0,3,1,PulseHome,126.8,1.84,139.36,Gold,3,SG,PulseHome,member24974@example.com,false,false
M25114,6,2024-10-22,2026-01-23,158,458,351.09,58.52,394.0,3,3,1,PulseEats,91.6,1.72,279.8,Silver,2,IN,PulseEats,member25114@example.com,false,false
M25183,6,2023-08-16,2025-08-30,304,745,461.07,76.84,910.0,1,3,1,PulseMart,149.0,2.04,225.89,Bronze,1,AE,PulseMart,member25183@example.com,false,false
M25506,6,2021-11-13,2025-02-02,513,1177,230.7,38.45,492.0,1,3,1,PulseMart,235.4,2.18,71.54,Bronze,1,IN,PulseMart,member25506@example.com,false,false
M25533,5,2023-02-18,2025-02-11,504,724,235.11,47.02,405.0,2,2,2,PulseMart,181.0,2.78,118.53,Platinum,4,US,PulseMart,member25533@example.com,false,false
M26379,5,2023-06-21,2025-06-15,380,725,323.11,64.62,610.0,1,3,1,PulseMart,181.3,2.1,162.67,Silver,2,US,PulseMart,member26379@example.com,false,false
M26618,4,2024-04-10,2025-09-20,283,528,256.59,64.15,353.0,1,2,2,PulseEats,176.0,1.61,177.38,Gold,3,SG,PulseEats,member26618@example.com,false,false
M26705,5,2022-02-23,2025-02-10,505,1083,232.16,46.43,307.0,1,2,1,PulseEats,270.8,1.87,78.24,Gold,3,US,PulseEats,member26705@example.com,false,false
M26712,7,2021-10-08,2025-01-12,534,1192,370.09,52.87,679.0,1,3,2,PulseHome,198.7,2.69,113.32,Gold,3,US,PulseHome,member26712@example.com,false,false
M26740,4,2023-08-12,2025-07-06,359,694,116.41,29.1,179.0,1,1,1,PulseHome,231.3,1.55,61.22,Gold,3,AE,PulseHome,member26740@example.com,false,false
M26829,4,2023-03-12,2025-05-13,413,793,445.43,111.36,891.0,0,2,1,PulseHome,264.3,1.56,205.02,Bronze,1,US,PulseHome,member26829@example.com,false,false
M27071,6,2022-10-21,2025-07-24,341,1007,457.78,76.3,909.0,0,3,2,PulseHome,201.4,1.69,165.93,Bronze,1,AE,PulseHome,member27071@example.com,false,false
M27176,4,2023-04-14,2025-01-21,525,648,321.33,80.33,422.0,2,2,2,PulseMart,216.0,2.43,181.0,Bronze,1,GB,PulseMart,member27176@example.com,false,false
M27258,8,2023-11-04,2025-12-29,183,786,569.71,71.21,1010.0,0,3,2,PulseEats,112.3,1.63,264.56,Bronze,1,GB,PulseEats,member27258@example.com,false,false
M27448,6,2024-11-11,2026-02-09,141,455,527.79,87.96,955.0,0,3,2,PulseEats,91.0,1.55,423.39,Bronze,1,GB,PulseEats,member27448@example.com,false,false
M27514,8,2021-06-15,2025-07-23,342,1499,580.89,72.61,1225.0,0,3,2,PulseHome,214.1,1.6,141.44,Silver,2,IN,PulseHome,member27514@example.com,false,false
M27520,4,2024-09-09,2025-11-06,236,423,258.15,64.54,365.0,1,3,1,PulseEats,141.0,1.67,222.75,Gold,3,IN,PulseEats,member27520@example.com,false,false
M27618,8,2024-11-29,2026-02-12,138,440,423.97,53.0,961.0,0,2,2,PulseMart,62.9,2.2,351.7,Platinum,4,IN,PulseMart,member27618@example.com,false,false
M27907,6,2021-10-10,2025-04-12,444,1280,532.15,88.69,851.0,2,3,1,PulseHome,256.0,1.73,151.75,Silver,2,IN,PulseHome,member27907@example.com,false,false
M28010,5,2024-03-18,2025-06-13,382,452,496.96,99.39,943.0,1,3,1,PulseHome,113.0,3.38,401.31,Silver,2,AE,PulseHome,member28010@example.com,false,false
M28084,6,2022-05-16,2025-05-05,421,1085,430.34,71.72,590.0,2,3,2,PulseEats,217.0,1.94,144.77,Bronze,1,IN,PulseEats,member28084@example.com,false,false
M28349,5,2023-06-02,2025-01-21,525,599,270.3,54.06,621.0,0,3,1,PulseMart,149.8,3.51,164.71,Gold,3,IN,PulseMart,member28349@example.com,false,false
M28820,5,2022-09-22,2025-03-14,473,904,390.49,78.1,681.0,1,3,1,PulseHome,226.0,2.09,157.66,Gold,3,GB,PulseHome,member28820@example.com,false,false
M29066,4,2024-04-24,2025-06-26,369,428,300.44,75.11,501.0,1,3,1,PulseHome,142.7,2.59,256.22,Bronze,1,IN,PulseHome,member29066@example.com,false,false
M29447,5,2023-12-05,2025-10-07,266,672,335.01,67.0,670.0,0,2,1,PulseHome,168.0,1.58,181.96,Bronze,1,IN,PulseHome,member29447@example.com,false,false
M29661,7,2023-12-18,2025-10-24,249,676,489.59,69.94,1126.0,0,3,1,PulseMart,112.7,2.21,264.35,Bronze,1,IN,PulseMart,member29661@example.com,false,false
M30047,5,2023-04-21,2025-01-12,534,632,285.02,57.0,657.0,0,3,1,PulseMart,158.0,3.38,164.61,Bronze,1,SG,PulseMart,member30047@example.com,false,false
M30409,9,2024-04-08,2026-01-14,167,646,636.09,70.68,1007.0,1,3,1,PulseEats,80.8,2.07,359.4,Platinum,4,US,PulseEats,member30409@example.com,false,false
M30675,5,2022-09-27,2025-04-27,429,943,461.21,92.24,817.0,1,3,2,PulseHome,235.8,1.82,178.52,Silver,2,AE,PulseHome,member30675@example.com,false,false
M30803,5,2022-10-04,2025-04-05,451,914,342.97,68.59,789.0,0,2,1,PulseMart,228.5,1.97,136.96,Silver,2,US,PulseMart,member30803@example.com,false,false
M30812,6,2024-09-26,2026-01-31,150,492,397.13,66.19,876.0,0,3,2,PulseMart,98.4,1.52,294.62,Gold,3,US,PulseMart,member30812@example.com,false,false
M30829,6,2022-05-03,2025-07-11,354,1165,307.9,51.32,445.0,1,2,2,PulseHome,233.0,1.52,96.47,Bronze,1,US,PulseHome,member30829@example.com,false,false
M31068,5,2024-12-14,2025-12-31,181,382,291.72,58.34,510.0,0,2,1,PulseEats,95.5,1.9,278.74,Platinum,4,IN,PulseEats,member31068@example.com,false,false
M31540,6,2024-02-27,2025-11-16,226,628,389.37,64.9,662.0,1,3,2,PulseEats,125.6,1.8,226.31,Bronze,1,US,PulseEats,member31540@example.com,false,false
M31668,6,2024-11-01,2026-02-07,143,463,536.73,89.46,987.0,0,3,2,PulseEats,92.6,1.54,423.12,Gold,3,AE,PulseEats,member31668@example.com,false,false
M31861,9,2025-04-08,2026-04-18,73,375,561.84,62.43,953.0,1,3,2,PulseEats,46.9,1.56,546.86,Silver,2,US,PulseEats,member31861@example.com,false,false
M32295,6,2022-06-21,2025-05-14,412,1058,320.96,53.49,613.0,1,3,2,PulseHome,211.6,1.95,110.73,Gold,3,SG,PulseHome,member32295@example.com,false,false
M32513,6,2024-05-14,2025-08-31,303,474,317.28,52.88,541.0,1,3,2,PulseEats,94.8,3.2,244.32,Gold,3,US,PulseEats,member32513@example.com,false,false
M32519,6,2024-05-18,2025-10-17,256,517,338.73,56.46,772.0,0,2,2,PulseMart,103.4,2.48,239.14,Silver,2,IN,PulseMart,member32519@example.com,false,false
M32713,7,2021-10-06,2025-06-01,394,1334,358.07,51.15,716.0,0,1,1,PulseHome,222.3,1.77,97.97,Gold,3,IN,PulseHome,member32713@example.com,false,false
M32985,5,2024-03-26,2025-06-09,386,440,421.77,84.35,744.0,1,2,1,PulseHome,110.0,3.51,349.88,Silver,2,IN,PulseHome,member32985@example.com,false,false
M33008,5,2022-08-02,2025-03-16,471,957,390.12,78.02,796.0,1,3,1,PulseMart,239.3,1.97,148.79,Silver,2,IN,PulseMart,member33008@example.com,false,false
M33120,4,2024-09-04,2025-09-08,295,369,150.48,37.62,251.0,1,2,1,PulseHome,123.0,2.4,148.85,Silver,2,GB,PulseHome,member33120@example.com,false,false
M33143,6,2024-03-29,2025-12-11,201,622,369.77,61.63,708.0,1,3,1,PulseMart,124.4,1.62,216.99,Silver,2,IN,PulseMart,member33143@example.com,false,false
M33357,4,2023-11-07,2025-01-14,532,434,312.29,78.07,438.0,2,2,1,PulseMart,144.7,3.68,262.64,Bronze,1,IN,PulseMart,member33357@example.com,false,false
M33385,4,2023-07-27,2025-02-27,488,581,508.07,127.02,840.0,1,3,1,PulseEats,193.7,2.52,319.18,Gold,3,IN,PulseEats,member33385@example.com,false,false
M33484,5,2025-01-24,2026-02-05,145,377,255.05,51.01,505.0,0,2,2,PulseHome,94.3,1.54,246.93,Bronze,1,IN,PulseHome,member33484@example.com,false,false
M33490,5,2022-04-18,2025-04-28,428,1106,324.93,64.99,569.0,0,3,1,PulseEats,276.5,1.55,107.23,Gold,3,US,PulseEats,member33490@example.com,false,false
M34601,4,2024-02-24,2025-09-04,299,558,226.91,56.73,523.0,0,1,1,PulseMart,186.0,1.61,148.43,Silver,2,IN,PulseMart,member34601@example.com,false,false
M34990,5,2024-04-11,2025-10-01,272,538,239.91,47.98,270.0,2,3,1,PulseEats,134.5,2.02,162.76,Bronze,1,AE,PulseEats,member34990@example.com,false,false
M35040,6,2022-01-14,2025-02-20,495,1133,380.89,63.48,759.0,1,3,2,PulseMart,226.6,2.18,122.71,Bronze,1,US,PulseMart,member35040@example.com,false,false
M35290,4,2023-07-28,2025-05-02,424,644,163.12,40.78,276.0,1,2,1,PulseHome,214.7,1.98,92.45,Silver,2,IN,PulseHome,member35290@example.com,false,false
M35362,4,2023-11-27,2025-07-27,338,608,223.48,55.87,390.0,0,2,1,PulseEats,202.7,1.67,134.16,Bronze,1,IN,PulseEats,member35362@example.com,false,false
M35695,4,2022-06-09,2025-02-01,514,968,203.21,50.8,418.0,0,3,3,PulseHome,322.7,1.59,76.62,Silver,2,US,PulseHome,member35695@example.com,false,false
M35718,6,2024-01-20,2025-10-29,244,648,291.17,48.53,405.0,1,3,2,PulseEats,129.6,1.88,164.01,Gold,3,IN,PulseEats,member35718@example.com,false,false
M36584,4,2023-10-19,2025-07-19,346,639,410.5,102.63,924.0,0,3,2,PulseMart,213.0,1.62,234.48,Bronze,1,AE,PulseMart,member36584@example.com,false,false
M36838,5,2024-11-21,2025-12-29,183,403,263.03,52.61,475.0,1,3,1,PulseHome,100.8,1.82,238.23,Gold,3,IN,PulseHome,member36838@example.com,false,false
M36949,6,2024-07-19,2025-10-16,257,454,510.07,85.01,799.0,1,3,2,PulseEats,90.8,2.83,410.08,Bronze,1,IN,PulseEats,member36949@example.com,false,false
M37038,6,2023-06-09,2025-10-15,258,859,322.47,53.75,573.0,1,3,1,PulseHome,171.8,1.5,137.02,Platinum,4,IN,PulseHome,member37038@example.com,false,false
M37147,4,2024-01-08,2025-06-16,379,525,168.31,42.08,344.0,0,3,2,PulseHome,175.0,2.17,117.02,Bronze,1,US,PulseHome,member37147@example.com,false,false
M37426,7,2023-03-22,2025-04-02,454,742,479.84,68.55,839.0,0,3,1,PulseEats,123.7,3.67,236.04,Bronze,1,IN,PulseEats,member37426@example.com,false,false
M37449,6,2021-09-25,2025-03-17,470,1269,284.66,47.44,655.0,0,3,1,PulseMart,253.8,1.85,81.88,Gold,3,IN,PulseMart,member37449@example.com,false,false
M37642,11,2021-11-24,2025-06-08,387,1292,584.35,53.12,1146.0,1,3,2,PulseHome,129.2,3.0,165.08,Platinum,4,US,PulseHome,member37642@example.com,false,false
M37674,4,2024-08-07,2025-08-08,326,366,291.87,72.97,555.0,0,2,2,PulseHome,122.0,2.67,291.07,Silver,2,IN,PulseHome,member37674@example.com,false,false
M37719,4,2024-06-13,2025-09-21,282,465,228.81,57.2,457.0,0,2,1,PulseHome,155.0,1.82,179.6,Silver,2,IN,PulseHome,member37719@example.com,false,false
M38089,5,2024-08-11,2025-11-18,224,464,542.76,108.55,1148.0,1,3,1,PulseMart,116.0,1.93,426.96,Gold,3,IN,PulseMart,member38089@example.com,false,false
M38173,4,2023-11-13,2025-01-13,533,427,213.29,53.32,329.0,1,3,1,PulseEats,142.3,3.74,182.32,Silver,2,IN,PulseEats,member38173@example.com,false,false
M38469,5,2024-10-22,2025-12-12,200,416,241.96,48.39,557.0,0,3,1,PulseMart,104.0,1.92,212.3,Gold,3,US,PulseMart,member38469@example.com,false,false
M38837,4,2023-11-02,2025-06-11,384,587,221.29,55.32,344.0,1,2,1,PulseEats,195.7,1.96,137.6,Silver,2,IN,PulseEats,member38837@example.com,false,false
M38933,4,2024-05-04,2025-10-07,266,521,223.39,55.85,295.0,1,3,1,PulseHome,173.7,1.53,156.5,Bronze,1,IN,PulseHome,member38933@example.com,false,false
M39001,4,2024-07-25,2025-10-09,264,441,406.57,101.64,813.0,0,3,1,PulseHome,147.0,1.8,336.5,Silver,2,AE,PulseHome,member39001@example.com,false,false
M39032,8,2021-10-04,2025-04-26,430,1300,312.73,39.09,720.0,0,3,1,PulseMart,185.7,2.32,87.8,Bronze,1,IN,PulseMart,member39032@example.com,false,false
M39438,5,2024-05-26,2025-09-20,283,482,524.49,104.9,1090.0,1,3,2,PulseMart,120.5,2.35,397.18,Gold,3,IN,PulseMart,member39438@example.com,false,false
M39561,5,2024-11-17,2025-11-19,223,367,232.78,46.56,535.0,0,2,1,PulseMart,91.8,2.43,231.51,Gold,3,AE,PulseMart,member39561@example.com,false,false
M39694,6,2022-10-09,2025-02-24,491,869,358.39,59.73,691.0,0,3,3,PulseEats,173.8,2.83,150.53,Silver,2,AE,PulseEats,member39694@example.com,false,false
M39949,7,2022-05-28,2025-03-22,465,1029,616.62,88.09,1360.0,0,3,2,PulseMart,171.5,2.71,218.72,Bronze,1,IN,PulseMart,member39949@example.com,false,false
M24264,6,2024-07-18,2025-12-05,207,505,1607.88,267.98,3699.0,0,2,1,PulseMart,101.0,2.05,1162.13,Bronze,1,US,PulseMart,member24264@example.com,false,false
M24904,6,2024-07-14,2025-09-15,288,428,1874.62,312.44,3750.0,0,3,1,PulseHome,85.6,3.36,1598.68,Platinum,4,SG,PulseHome,member24904@example.com,false,false
M38959,6,2024-07-31,2025-09-11,292,407,1907.66,317.94,3816.0,0,3,1,PulseHome,81.4,3.59,1710.8,Bronze,1,IN,PulseHome,member38959@example.com,false,false
M17579,5,2024-07-31,2025-10-18,255,444,1697.96,339.59,3396.0,0,3,1,PulseHome,111.0,2.3,1395.85,Gold,3,GB,PulseHome,member17579@example.com,false,false
M22136,5,2024-06-22,2025-09-19,284,454,1362.91,272.58,2726.0,0,3,1,PulseHome,113.5,2.5,1095.73,Bronze,1,SG,PulseHome,member22136@example.com,false,false
M16790,6,2024-07-10,2025-11-29,213,507,2192.18,365.36,3835.0,0,3,1,PulseEats,101.4,2.1,1578.2,Gold,3,IN,PulseEats,member16790@example.com,false,false
M31175,4,2024-06-30,2025-08-07,327,403,1101.98,275.5,1929.0,0,2,1,PulseEats,134.3,2.43,998.07,Bronze,1,IN,PulseEats,member31175@example.com,false,false
M17011,6,2024-09-10,2025-11-19,223,435,2171.01,361.84,4993.0,0,3,1,PulseMart,87.0,2.56,1821.65,Bronze,1,IN,PulseMart,member17011@example.com,false,false
M21752,6,2024-09-11,2025-12-19,193,464,2058.59,343.1,4118.0,0,3,1,PulseHome,92.8,2.08,1619.36,Silver,2,US,PulseHome,member21752@example.com,false,false
M16973,4,2024-08-04,2025-11-06,236,459,1114.69,278.67,1951.0,0,2,1,PulseEats,153.0,1.54,886.41,Silver,2,IN,PulseEats,member16973@example.com,false,false
M15486,6,2024-08-04,2025-10-26,247,448,1946.79,324.46,4478.0,0,2,1,PulseMart,89.6,2.76,1586.11,Bronze,1,IN,PulseMart,member15486@example.com,false,false
M37798,6,2024-06-11,2025-10-11,262,487,1865.53,310.92,4290.0,0,3,1,PulseMart,97.4,2.69,1398.19,Bronze,1,IN,PulseMart,member37798@example.com,false,false
M03548,5,2024-07-11,2025-11-26,216,503,1384.27,276.85,2768.0,0,2,1,PulseHome,125.8,1.72,1004.49,Bronze,1,US,PulseHome,member03548@example.com,false,false
M07481,7,2022-08-10,2025-06-11,384,1036,364.69,52.1,777.0,0,3,2,PulseMart,172.7,2.22,128.49,Silver,2,US,PulseMart,member07481@example.com,false,false
M01420,7,2024-02-03,2025-11-16,226,652,428.74,61.25,750.0,0,2,1,PulseEats,108.7,2.08,240.02,Bronze,1,AE,PulseEats,member01420@example.com,false,false
M01503,6,2022-08-02,2025-04-26,430,998,292.27,48.71,519.0,1,2,2,PulseHome,199.6,2.15,106.89,Silver,2,US,PulseHome,member01503@example.com,false,false
M00883,6,2023-10-03,2025-10-01,272,729,323.05,53.84,743.0,0,3,1,PulseMart,145.8,1.87,161.75,Gold,3,IN,PulseMart,member00883@example.com,false,false
M08851,5,2024-06-10,2025-11-16,226,524,202.03,40.41,404.0,0,3,1,PulseHome,131.0,1.73,140.73,Platinum,4,US,PulseHome,member08851@example.com,false,false
M00057,6,2024-10-28,2025-12-10,202,408,413.02,68.84,908.0,0,3,2,PulseMart,81.6,2.48,369.49,Bronze,1,GB,PulseMart,member00057@example.com,false,false
M01043,6,2022-04-04,2025-05-21,405,1143,550.48,91.75,963.0,0,3,1,PulseEats,228.6,1.77,175.79,Gold,3,US,PulseEats,member01043@example.com,false,false
M01069,4,2023-09-21,2025-02-08,507,506,194.23,48.56,389.0,0,2,1,PulseHome,168.7,3.01,140.11,Bronze,1,AE,PulseHome,member01069@example.com,false,false
M01720,7,2024-09-29,2025-11-05,237,402,323.64,46.23,647.0,0,3,1,PulseHome,67.0,3.54,293.85,Silver,2,IN,PulseHome,member01720@example.com,false,false
M02026,7,2024-05-09,2025-12-02,210,572,400.53,57.22,559.0,2,2,1,PulseEats,95.3,2.2,255.58,Bronze,1,AE,PulseEats,member02026@example.com,false,false
M02698,7,2024-06-28,2026-01-22,159,573,465.53,66.5,886.0,1,3,1,PulseHome,95.5,1.66,296.54,Bronze,1,IN,PulseHome,member02698@example.com,false,false
M02703,4,2023-01-01,2025-01-23,523,753,133.42,33.36,147.0,2,2,1,PulseMart,251.0,2.08,64.67,Platinum,4,IN,PulseMart,member02703@example.com,false,false
M02721,6,2023-08-01,2025-07-09,356,708,320.02,53.34,624.0,1,3,1,PulseMart,141.6,2.51,164.98,Bronze,1,US,PulseMart,member02721@example.com,false,false
M02781,10,2024-12-10,2026-04-04,87,480,602.66,60.27,973.0,3,3,1,PulseHome,53.3,1.63,458.27,Gold,3,IN,PulseHome,member02781@example.com,false,false
M02856,6,2021-05-13,2025-01-07,539,1335,500.25,83.38,751.0,3,3,1,PulseMart,267.0,2.02,136.77,Silver,2,IN,PulseMart,member02856@example.com,false,false
M03082,6,2024-10-31,2025-12-03,209,398,382.89,63.82,767.0,0,3,1,PulseHome,79.6,2.63,351.14,Silver,2,US,PulseHome,member03082@example.com,false,false
M03554,5,2022-09-17,2025-01-22,524,858,387.33,77.47,796.0,0,3,2,PulseHome,214.5,2.44,164.77,Platinum,4,IN,PulseHome,member03554@example.com,false,false
M03566,5,2023-10-24,2025-08-24,310,670,424.17,84.83,875.0,2,3,1,PulseMart,167.5,1.85,231.08,Silver,2,SG,PulseMart,member03566@example.com,false,false
M04307,4,2022-06-28,2025-02-28,487,976,210.45,52.61,381.0,0,3,2,PulseEats,325.3,1.5,78.7,Bronze,1,AE,PulseEats,member04307@example.com,false,false
M04535,7,2023-07-14,2025-06-13,382,700,357.42,51.06,608.0,2,3,2,PulseMart,116.7,3.27,186.37,Bronze,1,IN,PulseMart,member04535@example.com,false,false
M04594,5,2023-07-04,2025-03-08,479,613,339.27,67.85,751.0,0,3,2,PulseMart,153.3,3.13,202.01,Silver,2,AE,PulseMart,member04594@example.com,false,false
M04930,5,2024-01-20,2025-07-27,338,554,197.56,39.51,384.0,1,2,2,PulseMart,138.5,2.44,130.16,Silver,2,AE,PulseMart,member04930@example.com,false,false
M05203,7,2024-04-28,2025-10-23,250,543,351.36,50.19,703.0,0,3,1,PulseHome,90.5,2.76,236.18,Silver,2,US,PulseHome,member05203@example.com,false,false
M05236,7,2023-04-18,2025-06-13,382,787,479.44,68.49,952.0,2,3,1,PulseMart,131.2,2.91,222.36,Silver,2,GB,PulseMart,member05236@example.com,false,false
M05289,7,2024-08-12,2025-12-14,198,489,378.26,54.04,542.0,1,2,2,PulseEats,81.5,2.43,282.34,Platinum,4,IN,PulseEats,member05289@example.com,false,false
M06177,4,2023-09-15,2025-05-31,395,624,221.79,55.45,325.0,1,3,2,PulseHome,208.0,1.9,129.73,Silver,2,SG,PulseHome,member06177@example.com,false,false
M06238,9,2022-07-07,2025-06-21,374,1080,742.1,82.46,800.0,3,3,1,PulseEats,135.0,2.77,250.8,Silver,2,GB,PulseEats,member06238@example.com,false,false
M07011,6,2024-06-22,2025-10-19,254,484,437.44,72.91,875.0,0,3,1,PulseHome,96.8,2.62,329.89,Bronze,1,GB,PulseHome,member07011@example.com,false,false
M07348,4,2024-11-30,2025-12-13,199,378,156.26,39.07,360.0,0,2,1,PulseMart,126.0,1.58,150.89,Gold,3,AE,PulseMart,member07348@example.com,false,false
M07565,7,2023-11-20,2025-08-11,323,630,636.5,90.93,1094.0,2,3,1,PulseHome,105.0,3.08,368.77,Bronze,1,US,PulseHome,member07565@example.com,false,false
M07672,5,2023-04-15,2025-07-24,341,831,230.01,46.0,404.0,0,3,1,PulseEats,207.8,1.64,101.03,Bronze,1,AE,PulseEats,member07672@example.com,false,false
M07723,4,2024-02-02,2025-02-17,498,381,189.54,47.39,409.0,0,2,2,PulseMart,127.0,3.92,181.58,Bronze,1,SG,PulseMart,member07723@example.com,false,false
M07731,5,2023-07-25,2025-06-01,394,677,284.11,56.82,527.0,0,2,2,PulseEats,169.3,2.33,153.18,Gold,3,IN,PulseEats,member07731@example.com,false,false
M08002,5,2024-06-14,2025-06-28,367,379,244.7,48.94,540.0,0,3,2,PulseMart,94.8,3.87,235.66,Bronze,1,US,PulseMart,member08002@example.com,false,false
M08042,6,2023-01-15,2025-08-01,333,929,498.84,83.14,902.0,3,3,2,PulseMart,185.8,1.79,195.99,Platinum,4,US,PulseMart,member08042@example.com,false,false
M08093,6,2024-11-17,2026-02-03,147,443,294.85,49.14,446.0,1,3,1,PulseEats,88.6,1.66,242.94,Bronze,1,IN,PulseEats,member08093@example.com,false,false
M08211,5,2022-05-12,2025-01-10,536,974,451.28,90.26,902.0,0,2,1,PulseHome,243.5,2.2,169.11,Bronze,1,US,PulseHome,member08211@example.com,false,false
M08416,9,2023-04-29,2025-09-04,299,859,683.94,75.99,1481.0,1,2,3,PulseMart,107.4,2.78,290.61,Silver,2,IN,PulseMart,member08416@example.com,false,false
M09668,5,2024-08-14,2025-09-26,277,408,233.43,46.69,426.0,1,1,2,PulseHome,102.0,2.72,208.83,Bronze,1,US,PulseHome,member09668@example.com,false,false
M09762,6,2023-03-19,2025-01-13,533,666,418.76,69.79,793.0,1,3,1,PulseMart,133.2,4.0,229.5,Silver,2,IN,PulseMart,member09762@example.com,false,false
M09862,7,2023-09-03,2025-11-28,214,817,462.49,66.07,546.0,3,3,2,PulseEats,136.2,1.57,206.62,Bronze,1,IN,PulseEats,member09862@example.com,false,false
M09957,6,2024-07-17,2025-12-10,202,511,291.03,48.51,477.0,1,3,1,PulseEats,102.2,1.98,207.88,Silver,2,IN,PulseEats,member09957@example.com,false,false
M10352,6,2021-08-28,2025-04-15,441,1326,289.9,48.32,548.0,0,3,2,PulseEats,265.2,1.66,79.8,Bronze,1,AE,PulseEats,member10352@example.com,false,false
M10654,4,2023-11-20,2025-06-29,366,587,278.81,69.7,547.0,1,2,1,PulseMart,195.7,1.87,173.37,Gold,3,IN,PulseMart,member10654@example.com,false,false
M10779,9,2022-04-20,2025-06-13,382,1150,515.07,57.23,888.0,2,3,1,PulseHome,143.8,2.66,163.48,Bronze,1,US,PulseHome,member10779@example.com,false,false
M10806,7,2022-03-15,2025-06-07,388,1180,424.92,60.7,603.0,3,3,2,PulseHome,196.7,1.97,131.44,Bronze,1,GB,PulseHome,member10806@example.com,false,false
M11408,5,2023-12-26,2025-09-22,281,636,196.72,39.34,394.0,0,3,1,PulseHome,159.0,1.77,112.9,Bronze,1,US,PulseHome,member11408@example.com,false,false
M11431,5,2024-07-25,2025-10-24,249,456,356.43,71.29,785.0,0,2,2,PulseMart,114.0,2.18,285.3,Gold,3,IN,PulseMart,member11431@example.com,false,false
M11856,4,2024-09-19,2025-11-22,220,429,423.53,105.88,869.0,0,3,2,PulseMart,143.0,1.54,360.35,Silver,2,IN,PulseMart,member11856@example.com,false,false
