reason,transaction_sk,member_id,transaction_ts,amount,points_earned
orphan_transaction,979fd1a447198588cfa4febda1b80cb8,M9000000,2026-03-30 17:54:24,171.46,394.0
orphan_transaction,c3585cb9e3068ee9e87bb7d8a83935bd,M9000001,2026-02-07 09:55:07,37.86,66.0
orphan_transaction,94dd42e0dde67fbc3ec51a3dce33d130,M9000002,2025-12-12 04:52:40,81.57,143.0
orphan_transaction,3cd2dbea35ddecaeab23b1aedb564302,M9000003,2026-05-24 08:40:26,52.21,91.0
orphan_transaction,574758b57ed43054d3563e8a0fa408db,M9000004,2025-12-10 00:00:00,26.88,47.0
orphan_transaction,7cd89ffe80c9606b0220ce63adf319b8,M9000005,2025-05-16 17:24:49,33.01,66.0
orphan_transaction,d35938380eec763b35e25901700d43cc,M9000006,2025-03-26 02:50:03,21.44,49.0
orphan_transaction,614ac46a19934a7922d0f6400b9e3cd4,M9000007,2025-11-17 06:13:21,89.07,178.0
orphan_transaction,cfc3ce3449538e84af0f9c421c7f2d5b,M9000008,2025-04-26 14:38:55,45.76,80.0
orphan_transaction,85d20e2ffef7f677506d2371fa5efe45,M9000009,2026-05-31 05:54:12,54.61,96.0
orphan_transaction,1d273bb7e2706a5ae14a44c6dc423c67,M9000010,2026-01-10 23:15:59,33.22,58.0
orphan_transaction,6a9b2343896b167bb2f3a5cc1a15d688,M9000011,2025-12-14 12:47:19,28.19,56.0
orphan_transaction,8d5ae38e685afefad1e2dc61a1c25b84,M9000012,2025-06-02 09:30:05,49.82,87.0
orphan_transaction,5dd7218bb36c0952d2b7b42a5f336441,M9000013,2025-05-05 03:39:35,43.73,77.0
orphan_transaction,9e08eb1ece983a14bf9b7d6e9aee01b5,M9000014,2026-02-11 15:13:14,57.54,101.0
orphan_transaction,76ee2b566654495516d501a5040582ac,M9000015,2025-10-14 15:07:35,214.25,428.0
orphan_transaction,4169baea112781674c4e9b4a837c81ba,M9000016,2025-08-17 10:09:41,140.52,323.0
orphan_transaction,8f3700c8d34e6f24873ae6680a2767f4,M9000017,2025-01-20 02:14:16,5.37,9.0
orphan_transaction,7a6b7541622c442d8686dae865fdaf3e,M9000018,2025-09-23 16:25:58,84.8,170.0
orphan_transaction,19e18bb67690ca4450dd442bfc9d0047,M9000019,2025-08-21 00:33:43,101.45,178.0
orphan_transaction,982d72e1e1f8f1005c5d2d1298f95f1a,M9000020,2025-04-14 06:57:14,28.5,66.0
orphan_transaction,4627011451bc264b84e2dc3c3980d07d,M9000021,2026-05-24 00:07:11,11.86,27.0
orphan_transaction,a6916adf45e1f9fc5a6c5947438b4019,M9000022,2026-04-03 13:09:37,64.41,148.0
orphan_transaction,ea22b88bc4a86f6dfa39b12a6b21d0d4,M9000023,2026-01-02 00:37:28,21.79,38.0
orphan_transaction,d6e4e4cbb167349f232d2d8c9d3e1976,M9000024,2025-07-18 16:22:54,27.78,56.0
orphan_transaction,5d15c9232e50af011d0f089098754969,M9000025,2025-03-15 14:02:46,47.86,110.0
orphan_transaction,070e520d212d2a33c4c23a591f3b4b17,M9000026,2025-09-15 06:45:52,73.3,147.0
orphan_transaction,fa3aa0db10e6e86a00cb319688c29f8b,M9000027,2025-03-03 18:33:41,75.71,174.0
orphan_transaction,5d0de27dfadc1d8c5319ddc4cfa7608c,M9000028,2025-09-11 18:56:58,55.35,111.0
orphan_transaction,c581ff90d1c74de87fb59de0988b508e,M9000029,2026-06-24 15:36:06,61.67,123.0
orphan_transaction,d2f40bfcfd6bddc1f8172e10cd008983,M9000030,2025-04-07 23:01:23,50.42,88.0
orphan_transaction,bbe316e0e887b908a64291b6e59e31f0,M9000031,2025-02-02 08:26:44,34.53,69.0
orphan_transaction,88454501c42ae67b605dc823d43dc185,M9000032,2025-02-13 04:44:44,35.64,82.0
orphan_transaction,08a4716788ca0789d82ff0baacd64deb,M9000033,2026-01-12 20:55:41,53.61,107.0
orphan_transaction,c0ba306cfbc50c5acc1bf1b1a41a1063,M9000034,2026-03-30 08:32:59,47.98,84.0
orphan_transaction,f5187d641e47f0096f26c4a52cdf6d86,M9000035,2026-03-02 15:43:04,24.47,56.0
orphan_transaction,f7859d3ace0d41a21a655a47828a0670,M9000036,2025-06-15 14:30:07,192.07,442.0
orphan_transaction,75c826c564f17971f8048a5588c6ba65,M9000037,2026-02-15 18:00:01,54.5,109.0
orphan_transaction,caaa7b5fc80b0e67412524e66429bdb0,M9000038,2025-03-18 04:50:24,82.47,190.0
orphan_transaction,ab01778a8b84a5dcd5bcd9c6356a8982,M9000039,2025-08-22 19:24:13,74.99,150.0
orphan_transaction,d29fd0268b627cd8fd8d3150d45b6a7e,M9000040,2026-02-27 13:56:17,55.13,127.0
orphan_transaction,e2c5bece9b7786c4f5fc3d782a9bb49b,M9000041,2025-11-27 07:31:02,68.76,120.0
orphan_transaction,ea3fcc089a5460fe380534e1475f1cc0,M9000042,2025-03-06 17:40:34,20.89,48.0
orphan_transaction,027a7e70ed810b60729d69488cec99d9,M9000043,2026-01-19 05:56:19,103.86,208.0
orphan_transaction,6596076e6ebd07951e0afb8b09919e2e,M9000044,2026-04-15 01:58:42,93.7,164.0
orphan_transaction,460ebf4f691d927bbc1906c06165fa6d,M9000045,2026-05-22 09:10:42,148.02,259.0
orphan_transaction,f63d170a20d94783e4e52defeae3cfa9,M9000046,2026-03-28 11:20:31,46.78,94.0
orphan_transaction,d74766da788b7ba3eee082447cff76ec,M9000047,2025-03-09 04:43:35,35.52,82.0
orphan_transaction,6231a76267f1811d7a2ee4cc575bc4cd,M9000048,2026-02-05 14:59:57,105.36,211.0
orphan_transaction,5b353f53ed434e8c2c0469e6e2379fdc,M9000049,2026-05-23 14:56:06,58.06,134.0
orphan_transaction,67f802aa8b974f19dcf98cebd043022c,M9000050,2025-07-24 23:38:59,42.95,75.0
orphan_transaction,70d168ba638398a73cefe9c3009d53c0,M9000051,2026-03-13 17:38:03,35.84,72.0
orphan_transaction,98cae9b6fbc6049382b3ac85174a8377,M9000052,2026-01-01 05:03:04,30.78,54.0
orphan_transaction,dc25e1a25e8a58717b62f604651c07a3,M9000053,2025-04-17 01:15:26,27.73,49.0
orphan_transaction,9876482a40ecefdf5f523b8768a23625,M9000054,2025-02-08 18:33:20,77.7,136.0
orphan_transaction,fcda927bb392751815f6cfe349190a63,M9000055,2026-03-20 21:31:28,56.32,99.0
orphan_transaction,f8cf0abffa6d58e846a072bd2b6679c6,M9000056,2025-09-07 15:55:24,28.11,56.0
orphan_transaction,f66766c56c52c0cb570076a824b554aa,M9000057,2025-01-06 23:00:11,27.32,48.0
orphan_transaction,935fae1a770cc85df02e3b87a23cfc19,M9000058,2025-06-04 07:29:11,79.1,138.0
orphan_transaction,e43e837e2c27e9641c0e1434855a48fc,M9000059,2025-03-09 14:39:46,23.43,41.0
orphan_transaction,e96fac2e4cbf1794ec212cf7089ae061,M9000060,2025-02-10 05:16:12,92.0,212.0
orphan_transaction,625821e220fa0ae9cecb8d85be0ccb34,M9000061,2026-05-12 07:57:08,51.59,103.0
orphan_transaction,0c3e3aca68967b4a2b89536587c1b9b1,M9000062,2025-04-28 13:20:12,77.24,135.0
orphan_transaction,b7e27dc2246bc89112c8354b09b1da6c,M9000063,2025-04-05 11:32:28,39.89,92.0
orphan_transaction,5e9f0b7dca5da349a8c7218ed4f6a6f7,M9000064,2025-06-27 14:31:48,26.13,60.0
orphan_transaction,cd3f90631c1d88cff4cc432e3c889eee,M9000065,2025-05-21 04:09:26,25.1,50.0
orphan_transaction,569d395fc46b7f92ea11f76613d0b2d8,M9000066,2026-01-03 18:50:50,80.66,186.0
orphan_transaction,a9872f5857b4fe60ff0678bbdc096030,M9000067,2025-01-13 06:19:48,45.47,105.0
orphan_transaction,f6c3ac35c7ed7528ba6feabd834c2c9c,M9000068,2026-02-27 02:23:21,41.96,97.0
orphan_transaction,e92d9b44ad9c7fdc91e7db890156f677,M9000069,2025-05-18 15:34:22,93.32,163.0
orphan_transaction,6b619ab51039e47eb50d778ab143fadf,M9000070,2025-01-08 15:51:26,34.89,70.0
orphan_transaction,c10bd2f4158020237914c3e7c284a79e,M9000071,2025-06-28 07:15:48,53.45,94.0
orphan_transaction,b10f1f1815aeac0f16f4c20926fbe08f,M9000072,2026-03-25 17:20:46,27.06,47.0
orphan_transaction,ee3a1d23cb3f03a6c172f2688f7b5724,M9000073,2025-04-14 11:23:41,66.98,154.0
orphan_transaction,bffdbe54fa4217168c450bfe334ab4f3,M9000074,2026-03-04 14:49:40,137.17,240.0
orphan_transaction,391ddefbf3e9d2cdff2820631b483826,M9000075,2025-12-01 06:27:54,144.21,332.0
orphan_transaction,f8dcf0759e054eb4824b574eae155400,M9000076,2026-03-21 15:16:26,24.34,56.0
orphan_transaction,082e0922c6861013e490c12f8c6bac01,M9000077,2025-11-12 23:19:50,48.76,112.0
orphan_transaction,d6cf2ced8e5fac2f9ff493e23432d2c6,M9000078,2026-05-26 10:13:13,32.87,66.0
orphan_transaction,e78a3a25de2646df97b83931ef9cde3b,M9000079,2025-11-19 01:23:24,40.26,81.0
orphan_transaction,5c0fd1b09b5653c3f5f95020722d97af,M9000080,2026-02-01 12:22:44,30.99,54.0
orphan_transaction,1f988b08c449a0a286ceae41eb171083,M9000081,2026-05-13 08:56:11,112.61,197.0
orphan_transaction,2ebcc674de63cadbd05757a998543eed,M9000082,2026-03-30 12:31:35,45.19,104.0
orphan_transaction,506a757410710d5d8ebebe3c2eb0b062,M9000083,2025-02-09 19:14:30,21.52,38.0
orphan_transaction,ed834d599c3f0cffedce38108bedc843,M9000084,2025-12-09 09:56:41,104.06,208.0
orphan_transaction,211884374335737436749fa824552cd7,M9000085,2025-02-16 03:31:53,138.59,319.0
orphan_transaction,d08fcfc6866d8dbbf75b122f34ca7f87,M9000086,2025-09-29 07:58:48,57.41,115.0
orphan_transaction,1f1338603dc10cee55b187dfc2c4f0de,M9000087,2025-11-25 05:04:46,106.57,186.0
orphan_transaction,4fbe5c0dc2ba1b1219c4988fe0974e40,M9000088,2026-01-02 15:19:37,60.04,105.0
orphan_transaction,0394b4a3cd8a6d5cfaeb9ad6160db413,M9000089,2025-01-06 21:20:44,35.63,82.0
orphan_transaction,6d1c891c9d251920bb70f5735b1590ba,M9000090,2026-01-07 23:56:03,68.99,121.0
orphan_transaction,0fac5a452e667053857e92cfedbada1a,M9000091,2026-05-31 17:25:26,81.19,142.0
orphan_transaction,c5a6791f6ed37bbbfc2bc92e2a397faf,M9000092,2025-12-18 07:29:53,29.31,59.0
orphan_transaction,fdd14f9f98b949c01c6beb9beac5969d,M9000093,2026-06-14 13:55:30,75.82,152.0
orphan_transaction,b46405f06846bee19fecf28390faad70,M9000094,2025-02-21 17:32:10,54.3,95.0
orphan_transaction,94351ca7b0ed72efcc5efe1eece7f0fd,M9000095,2026-01-04 07:55:50,23.67,54.0
orphan_transaction,617481dba4fcd2c0571a9b343e47b205,M9000096,2025-08-08 06:20:57,59.18,118.0
orphan_transaction,1f37fbe93e4f6590292e336c3c1229c4,M9000097,2025-06-05 19:38:05,78.13,137.0
orphan_transaction,92303bcf2bb65d32ae8b73fb08f70909,M9000098,2026-01-25 10:23:10,57.67,115.0
orphan_transaction,f3edcda3e5a2c48d7de8ba51ef348725,M9000099,2026-06-10 06:22:14,47.27,109.0
orphan_transaction,2579e9f9ab505a0fddb7af267b242b9a,M9000100,2025-06-28 11:54:42,53.92,124.0
orphan_transaction,89d733e447932f7e77fd95cfa884bb34,M9000101,2025-02-06 17:33:24,41.84,96.0
orphan_transaction,836e34423f177d335df6900f8e125c2f,M9000102,2025-09-03 12:24:40,19.77,35.0
orphan_transaction,43c02172ab471a22ef82963a7474f471,M9000103,2026-06-07 07:48:25,53.53,94.0
orphan_transaction,c8a951cb777ccacd2c76b75ce02bb0e1,M9000104,2025-04-29 04:55:27,42.94,99.0
orphan_transaction,b4dd20657e7910101fe2f05f188bd045,M9000105,2026-01-07 13:08:33,73.33,147.0
orphan_transaction,a35744a5bfb77a4167e0dab8c4a65065,M9000106,2025-02-25 02:16:56,39.88,70.0
orphan_transaction,3fff683195db2516b60fc6573643f60d,M9000107,2025-01-18 18:13:12,46.4,107.0
orphan_transaction,425e54ee84a7303c2606b50b764a713e,M9000108,2025-09-05 22:40:09,60.19,138.0
orphan_transaction,0f0058f65ba3d4de6e139b7db76cb419,M9000109,2025-03-12 17:57:30,80.33,185.0
orphan_transaction,5c54b65d3b7f837c6352286231944bfc,M9000110,2026-06-05 18:49:28,67.61,156.0
orphan_transaction,ad716c4b42a5e2fe686bea850a4c9a48,M9000111,2025-01-31 09:27:13,39.68,69.0
orphan_transaction,7f4494c91a769e9126bcceeff4c68a1b,M9000112,2026-01-13 06:27:06,24.29,49.0
orphan_transaction,aef73532b7cfdf960303804b5fe1afc0,M9000113,2025-01-11 19:46:07,28.82,66.0
orphan_transaction,c2cf7da67fa4092cc1d68efd169e422e,M9000114,2025-05-28 10:41:04,63.73,147.0
orphan_transaction,1a993ad54110027159145002d3d7cf76,M9000115,2026-05-10 09:17:48,91.23,210.0
orphan_transaction,58620ea42530f09993c27cb100c7b2fa,M9000116,2025-08-12 06:40:34,58.88,103.0
orphan_transaction,592c96ad80095b2413e699fcaef0b704,M9000117,2025-11-09 16:25:53,40.48,71.0
orphan_transaction,174402cb8f8f607da22c7e4e648ec0c9,M9000118,2025-09-05 08:25:16,56.54,99.0
orphan_transaction,8446dd5773b1cd5c17b2af5dfbc98e83,M9000119,2025-12-06 08:20:31,85.27,196.0
orphan_transaction,810bd70a1f0292167879de0950eca939,M9000120,2025-07-17 02:36:24,70.72,141.0
orphan_transaction,7a13f0ef1ab8f6d574d82220a1d69224,M9000121,2025-05-13 08:18:29,173.35,303.0
orphan_transaction,b18a130bf4781e33d81c9cca0176b367,M9000122,2025-08-30 19:51:45,72.09,126.0
orphan_transaction,3cbfe0a13567ef85bc8c4e6a19b1d4d8,M9000123,2026-04-02 03:55:33,30.65,54.0
orphan_transaction,8a7458083b94e78e4d57dfe385c2ecdc,M9000124,2025-05-26 04:28:09,42.82,86.0
orphan_transaction,f2b7b5e3aa05b50c931680b1c1d34500,M9000125,2025-07-09 19:08:48,115.72,203.0
orphan_transaction,91a918f5cb299bc18a0e3e2a1edc0552,M9000126,2025-10-02 23:53:48,134.7,236.0
orphan_transaction,e144a537efc806f1283f2cef38134fb9,M9000127,2025-09-13 10:13:00,41.93,96.0
orphan_transaction,8a04941181925540a3240cfda0b442d4,M9000128,2025-10-26 08:29:11,63.28,127.0
orphan_transaction,1de8890148c6c5be86b2e45af5ca11f1,M9000129,2025-06-17 13:05:18,84.19,147.0
orphan_transaction,0ca86202aaac72095d58193ef7abdb81,M9000130,2025-06-22 08:22:57,53.18,122.0
orphan_transaction,69ab70c7be74afe6537cfd3e1c53fec1,M9000131,2026-06-19 12:04:31,50.57,88.0
orphan_transaction,d4476c73983031fd619c7868c3302b92,M9000132,2025-10-03 19:15:41,64.99,130.0
orphan_transaction,92cf99ddbb1fa94f9c613a3dc2ebdd02,M9000133,2025-05-14 04:39:05,83.99,147.0
orphan_transaction,c3c6c809172c4e151bc5848ec53198b0,M9000134,2025-04-13 00:01:53,74.98,150.0
orphan_transaction,5424073cce61a8a2a21cd3e54ab6d2f9,M9000135,2026-06-12 06:22:04,22.36,39.0
orphan_transaction,462e7b547e51dd18ca39c3186ca4ccfe,M9000136,2025-03-31 09:13:13,44.6,103.0
orphan_transaction,2a863ba1f5d825448b4d980d4b4f5f70,M9000137,2025-07-08 18:02:08,56.54,130.0
orphan_transaction,817560624e265265fc1cf6c50f35f88a,M9000138,2025-02-21 00:13:14,54.7,126.0
orphan_transaction,ecf8163471c44320d0708103c39bddde,M9000139,2025-12-23 11:59:00,26.78,62.0
orphan_transaction,ec12c3414185cbf1e56b049bfc79fa2b,M9000140,2025-05-09 06:30:56,170.37,341.0
orphan_transaction,fb8a83efceb16626e44faf448669fe10,M9000141,2025-09-15 07:25:02,54.55,125.0
orphan_transaction,28a3abb780e64429d012f2ff7aebfc67,M9000142,2025-01-16 03:30:13,26.28,46.0
orphan_transaction,4deb9f312cb1eb4b327af310ba3392d4,M9000143,2025-09-06 16:10:11,25.83,52.0
orphan_transaction,ed1d3e84f555cea8d4600e9648155cef,M9000144,2025-12-22 07:13:53,47.71,95.0
orphan_transaction,7df2dc4ec73de49f05864a7b1054d627,M9000145,2025-03-18 07:44:21,53.95,108.0
orphan_transaction,74413f662df93c42ab7310434c53776c,M9000146,2025-06-28 23:47:27,103.85,182.0
orphan_transaction,4b67c4cefe6e796e497198f6c09bf0e9,M9000147,2025-06-01 02:53:44,71.37,164.0
orphan_transaction,bbc2bff04daeaf484eddddb1991bd7f0,M9000148,2025-07-30 12:07:42,42.94,75.0
orphan_transaction,5bc48225684437cd1d9bf0d7c8755973,M9000149,2025-03-09 00:08:31,52.47,105.0
orphan_transaction,a9c05e7851d1194c4ca98a710123a370,M9000150,2025-06-14 18:41:47,135.7,237.0
orphan_transaction,831f8edc6179d0bedb36e3452ac137cf,M9000151,2025-09-05 07:46:44,39.08,90.0
orphan_transaction,d40939ad5a85ee10745e8123f9dda31e,M9000152,2025-09-17 01:47:47,25.36,51.0
orphan_transaction,6ef285cb1775fff5ca44a5ca4d925283,M9000153,2025-03-25 03:04:49,48.28,111.0
orphan_transaction,4f643e556d3d9dc0d5eaf468e7d6ae13,M9000154,2026-03-16 22:17:52,110.73,194.0
orphan_transaction,0a4c88f1a5a1ed160449b2d60dcfc59d,M9000155,2025-02-16 20:46:29,111.39,195.0
orphan_transaction,7637600f44e411b45cb4c7c46816e67b,M9000157,2025-11-15 03:10:44,71.82,126.0
orphan_transaction,73e6730ee36ac18632bf8b920b5b1b50,M9000158,2026-01-21 02:22:24,19.91,46.0
orphan_transaction,7c6ce1fb362a0ee61c06e68dc17d069a,M9000159,2026-06-18 01:10:20,90.12,158.0
orphan_transaction,ed3b97827e2a9107317c73a9db54917a,M9000160,2026-04-05 04:45:59,105.37,184.0
orphan_transaction,69b540e272ec77b533d47ad3f5cfa244,M9000161,2026-04-25 17:08:40,55.61,128.0
orphan_transaction,160920fbcee051c0f6e27fbbecac692a,M9000162,2026-01-21 02:49:02,83.52,167.0
orphan_transaction,29ef50cc19c2d8002397c9466d236ef9,M9000163,2025-04-15 21:20:38,134.05,268.0
orphan_transaction,a2f5b0cf66237d08c3222ce759bc90ad,M9000164,2025-09-13 19:25:42,15.76,36.0
orphan_transaction,1ac2822e6626363ce1857b56d0a696d9,M9000165,2026-03-10 11:57:03,49.91,100.0
orphan_transaction,57a0ddd6d18b84a14d4d0084b0ebe3ac,M9000166,2026-02-22 05:38:21,76.65,153.0
orphan_transaction,54b9464854067d33fc0a6e1410fe2ec8,M9000167,2026-06-27 23:06:47,30.59,61.0
orphan_transaction,1786437d2416d22e824615c46e981ace,M9000168,2025-09-15 07:19:59,95.06,190.0
orphan_transaction,32630d96f8a56f0cda014804ddaaf4bd,M9000169,2026-06-18 12:54:09,67.1,134.0
orphan_transaction,19d4666486ccd7a03b179c6e33a17b05,M9000170,2025-03-21 18:01:07,33.38,77.0
orphan_transaction,b567768d43b3e3720ad5dad39edfca38,M9000171,2025-03-22 11:59:51,32.3,65.0
orphan_transaction,3d211a9f941dfff26d4f76b590fac16f,M9000172,2025-07-15 02:52:41,7.86,14.0
orphan_transaction,47dd05949c6e5dbec6a494e25837de45,M9000173,2025-10-19 22:52:33,16.16,32.0
orphan_transaction,0435ad1790a937cc71f1a35a5cc7aa10,M9000174,2025-02-06 14:36:14,101.28,233.0
orphan_transaction,ddb22463d96eaf0e5da7697138efca5a,M9000175,2026-05-11 18:29:15,85.41,149.0
orphan_transaction,698d61f95c5fee2b0388ec430d61abb7,M9000176,2025-10-22 14:19:35,37.78,76.0
orphan_transaction,0c0c29a89643802d4be91a751664cbe3,M9000177,2025-08-05 05:53:09,101.15,202.0
orphan_transaction,d7d566e3108372219395d6d5e557b6b5,M9000178,2025-03-09 05:21:21,83.99,147.0
orphan_transaction,d744995b9dccdcd43ed99fb61652fdcd,M9000179,2025-07-05 21:11:10,18.52,37.0
orphan_transaction,1ca4c5454df467e592d9b07cc36bc7b8,M9000180,2026-04-29 06:40:13,114.47,200.0
orphan_transaction,9bc5660ad763b981450d4b12907289a1,M9000181,2026-03-09 21:25:36,28.22,56.0
orphan_transaction,fa57ab9fd6ceec8949bda95bc6cf330b,M9000182,2026-05-25 13:47:57,25.13,58.0
orphan_transaction,5d999cebc45c94810adec00dfc31ca54,M9000183,2025-02-13 21:34:47,77.01,177.0
orphan_transaction,6f091497d35b3fc0e185de513157258e,M9000184,2025-08-17 02:50:21,41.57,73.0
orphan_transaction,39160929c320aecd5eacdec4f370ee29,M9000185,2025-11-24 20:31:07,58.9,135.0
orphan_transaction,65a6e0f27005a6508c090418c9a6356b,M9000186,2026-06-02 09:25:52,123.2,246.0
orphan_transaction,f8bd98d28166a50ccf59bb45c1155fd0,M9000187,2025-11-20 22:34:06,132.37,232.0
orphan_transaction,bc2f47f637a257cdca5beb2bb7dd5a5a,M9000188,2025-05-08 06:21:38,58.66,117.0
orphan_transaction,55c0a028f60c119c813ddc664664b61e,M9000189,2025-12-29 15:06:40,27.97,49.0
orphan_transaction,b913e2b6724c73beeaa8b5130127f16d,M9000190,2025-10-15 22:27:17,72.05,144.0
orphan_transaction,b852768e7907040253da36531e804021,M9000191,2025-09-11 02:41:06,48.63,85.0
orphan_transaction,da301ea09e34c0e585cb9b4bfa6a3709,M9000192,2026-06-05 12:19:09,39.17,69.0
orphan_transaction,81433c3ff3b4dfeef1cd71f4bf4cb1bd,M9000193,2025-09-29 08:32:59,38.34,77.0
orphan_transaction,b70b3a8294ca7076a281d719049f74e2,M9000194,2025-07-30 21:47:18,125.72,289.0
orphan_transaction,749e7f4d429e0373ef02fd9c5af865f0,M9000195,2026-03-29 10:19:08,83.54,167.0
orphan_transaction,abcee0adcefdc78cc810b49a3c4d246d,M9000196,2025-01-02 01:12:55,24.02,48.0
orphan_transaction,e5e783b33873786b0f24fbf095eb402b,M9000197,2025-12-30 04:34:02,38.68,89.0
orphan_transaction,9ea73be93a5352d5dc028331a58a60da,M9000198,2025-03-03 10:16:17,91.17,210.0
orphan_transaction,c652ae4023afe497b61fbf33f9f232f4,M9000199,2025-08-22 11:58:21,33.67,59.0
orphan_transaction,7225678e48b6ee4cc5d74a39a3e40c36,M9000200,2025-08-09 19:28:41,74.18,130.0
orphan_transaction,9a82f3598f1895e460c1c28e3d2fe1ea,M9000201,2025-04-11 09:14:21,192.43,337.0
orphan_transaction,a1b1a772f0b73d437b84832aa9779a4e,M9000202,2026-05-14 01:08:15,85.6,150.0
orphan_transaction,246c387c4bfbdec8f57983790417ee5c,M9000203,2026-06-16 11:06:04,19.01,33.0
orphan_transaction,4055903bf6fff3582eb523f255d4ed92,M9000204,2025-08-07 13:46:35,46.17,81.0
orphan_transaction,a6b134356c7b16dd0606b96e5218994a,M9000205,2026-05-14 20:53:07,21.22,49.0
orphan_transaction,58c23e47659d77cff129eddbce23023b,M9000206,2026-06-23 15:18:35,51.97,104.0
orphan_transaction,dbfbe221d616cb6b946ffa8a27c5c42a,M9000207,2025-01-08 08:22:12,67.42,118.0
orphan_transaction,2c8cba457b88fbce346dbb06e62ad102,M9000208,2025-12-06 00:49:08,139.35,244.0
orphan_transaction,5aa4d561d7be3d4624d41e58e7c5b712,M9000209,2025-09-05 17:40:33,35.33,71.0
orphan_transaction,79f6a43276c426170e56a787e63c3e02,M9000210,2025-06-01 07:49:29,37.43,66.0
orphan_transaction,53b9335f3adb373d84ca96e79b57b0f8,M9000211,2025-04-12 04:55:53,35.92,72.0
orphan_transaction,13884468c1696529f7f5bf36ff224530,M9000212,2025-08-02 09:27:03,117.69,235.0
orphan_transaction,4422c940e730a4c68c0dbb59ea1f6c2a,M9000213,2025-07-16 07:15:21,47.29,109.0
orphan_transaction,ee9dd4e4cd337edbfeec6567a1521a74,M9000214,2025-03-14 12:58:53,56.36,113.0
orphan_transaction,3a52d2215fdc8399239d06add272cb1b,M9000215,2026-04-15 20:56:41,130.4,261.0
orphan_transaction,6fd50237451cbe552b11e85358894da6,M9000216,2025-12-30 14:46:26,52.37,92.0
orphan_transaction,8fb14c80d4e918466e95cac476fa8792,M9000217,2026-04-17 06:55:31,62.85,126.0
orphan_transaction,1c91d201783038fdfb2d1decf0731438,M9000218,2026-04-19 06:16:37,70.68,124.0
orphan_transaction,208e7bb52fac5444f51becd789fd18eb,M9000219,2026-03-12 01:29:48,52.48,105.0
orphan_transaction,8f850db8dbc418166da3b6c1962cb713,M9000220,2025-03-08 17:20:19,32.05,64.0
orphan_transaction,dda5c2d804cc77f949e3ba2177a0f007,M9000221,2025-06-21 12:32:56,58.79,103.0
orphan_transaction,2463f9a4c8ea96bbcf78b72b56cae97d,M9000222,2025-05-08 13:03:03,37.39,86.0
orphan_transaction,6252c8ea65c405737f1c8eb9d865a8f0,M9000223,2025-05-10 09:16:57,66.44,153.0
orphan_transaction,76b72215afece9770ecdaba73713ea77,M9000224,2026-04-22 11:28:21,34.91,70.0
orphan_transaction,e62f84729e2b710ae5b24e48c49102f5,M9000225,2025-07-12 18:19:54,51.14,89.0
orphan_transaction,625c5f68dfde11ebb537f76696021f60,M9000226,2025-07-11 03:54:05,165.67,381.0
orphan_transaction,192603e77021aee8b59cdb9519ccf434,M9000227,2025-11-30 08:19:19,12.3,28.0
orphan_transaction,fd88cb0be05d643aa526738caf93ba68,M9000228,2026-05-25 20:05:14,32.56,65.0
orphan_transaction,ca5d9678301147b324efd7a5eb580324,M9000229,2025-09-12 03:13:54,71.53,165.0
orphan_transaction,2e75e9885c7b9183a60dc1a11d372158,M9000230,2025-11-04 15:46:20,84.04,193.0
orphan_transaction,a20697c258cd9c1f11a3376c2a6a368a,M9000231,2026-06-05 11:43:43,26.14,52.0
orphan_transaction,958ba1c07c362d3d110aa41a6c772c68,M9000232,2025-12-02 21:35:47,104.02,208.0
orphan_transaction,6c7cf310fe248e934164e3abb94b2ab0,M9000233,2026-03-13 11:52:43,81.0,162.0
orphan_transaction,2af832b055f9b942fbc7c4b2b9035b03,M9000234,2025-11-24 06:54:25,24.02,55.0
orphan_transaction,3e6f7ae9a5e086e6b90fec6c6b112658,M9000235,2025-09-29 22:56:25,84.17,168.0
orphan_transaction,e4e7c5a56690ea16bc0b4a56edac47bd,M9000236,2025-03-07 14:10:39,372.72,652.0
orphan_transaction,8ff1f3dc881d3496c39119fc50f9aab2,M9000237,2025-04-26 12:38:10,49.47,87.0
orphan_transaction,cff8e6fa2c1d7c641ea9e75775275b9d,M9000238,2025-04-09 16:39:44,89.42,156.0
orphan_transaction,dcb8c4fc3b84bcd4a1c449cbac2c768b,M9000239,2025-04-12 07:44:51,21.13,37.0
orphan_transaction,50dafb4c88471f3c2be1d2dddae9a050,M9000240,2026-01-22 00:30:00,67.26,118.0
orphan_transaction,a272784ddc0154fe19540f92d224890f,M9000241,2025-02-03 17:06:22,32.4,57.0
orphan_transaction,68bfed409037c26968134686ef35a87c,M9000242,2025-06-13 19:04:10,54.25,125.0
orphan_transaction,cfdbe31c8b3666630689742ff7cdca58,M9000243,2025-03-26 16:14:37,57.0,100.0
orphan_transaction,e88a9096e8368a9a082b965349399594,M9000244,2026-02-19 08:38:49,33.89,68.0
orphan_transaction,f24b00928ab9fa5000fb62a42b03db5a,M9000245,2025-08-28 06:22:35,60.19,138.0
orphan_transaction,74f146079439498b22422aef0761aab9,M9000246,2025-02-13 07:27:38,44.19,102.0
orphan_transaction,0f32c15ba08acfd86cf7692fa34042bc,M9000247,2025-04-16 02:04:20,72.99,168.0
orphan_transaction,6993cf8f997e743b763472cbcdd28f73,M9000248,2026-04-10 14:43:08,46.45,81.0
orphan_transaction,a3c52be635918ea6f46e69d8200059a6,M9000249,2026-03-09 19:45:23,24.57,49.0
orphan_transaction,77a64d8730321d274e39328a068a0d05,M9000250,2025-06-24 08:38:50,38.0,87.0
orphan_transaction,004a8ae7e497ba67fbc15575101dee4c,M9000251,2026-01-28 07:41:39,17.98,41.0
orphan_transaction,0fdb6b72d9d8ebbeb057e602be15dbbd,M9000252,2025-08-21 16:03:45,84.37,148.0
orphan_transaction,e781c77053d8dc3942e3615cde574f14,M9000253,2025-06-21 06:07:53,47.33,83.0
orphan_transaction,aa1579ed7cb43e6f6cde9b028b883d39,M9000254,2026-04-10 15:03:34,50.85,117.0
orphan_transaction,5fca53d6a2239aeb28d577d922fc7ed0,M9000255,2025-10-18 09:44:42,95.89,192.0
orphan_transaction,d2292c324cc082f05f1cf5943545886d,M9000256,2025-02-25 16:15:12,26.41,46.0
orphan_transaction,cc11c1d24480d7085bccce7e4893f47e,M9000257,2025-03-17 15:09:53,52.99,122.0
orphan_transaction,5f360a6b31f254e9f73084a89b0a5c0e,M9000258,2026-03-18 00:50:22,55.06,110.0
orphan_transaction,b91f1c31f346beb578dbf86f28daf7eb,M9000259,2025-09-03 13:05:13,41.39,72.0
orphan_transaction,a1e653cb65f2d6f9799fbaedb01bd22c,M9000260,2025-03-31 01:31:39,95.81,168.0
orphan_transaction,d385a1b2aa5c976defb8b2e6eb97165b,M9000261,2026-01-14 23:08:58,16.66,33.0
orphan_transaction,ed2f977d8ccd7b0d7056235733ba447f,M9000262,2025-10-24 14:32:17,29.2,51.0
orphan_transaction,57fd0f541ff31bb48bb5a6f3cdc9c717,M9000263,2026-05-22 18:39:12,27.32,48.0
orphan_transaction,57658b18a300cfc0f23009c3d439f391,M9000264,2026-06-04 10:27:42,78.34,157.0
orphan_transaction,7ac10c4f264ef64358c0b32454c7ff13,M9000265,2025-09-18 23:02:36,58.48,135.0
orphan_transaction,acf9ad5baf6b5c5c20213bb3f13fa062,M9000266,2025-09-03 14:17:55,34.6,80.0
orphan_transaction,181cfc0d4962195ffc48e77574067cae,M9000267,2025-08-31 08:56:21,57.71,115.0
orphan_transaction,2af9cfcb5f6a8c8bcbb9bbf3920bcaf9,M9000268,2026-01-21 09:51:21,164.84,288.0
orphan_transaction,6de6ad65107fa0c4949df7b9507dcee3,M9000269,2026-03-19 07:04:33,73.03,146.0
orphan_transaction,dc4f8aed37c3c072c2eec7bbecf90e7c,M9000270,2025-08-16 14:58:42,48.52,97.0
orphan_transaction,6d9b20eb7b5a1ddd373833e1c36a2142,M9000271,2026-04-18 12:47:24,32.34,74.0
orphan_transaction,43afd85f43b981a06c0abc93e583bf90,M9000272,2025-06-14 21:07:52,56.41,130.0
orphan_transaction,80adab77203ec8d2f260acc98380d61d,M9000273,2025-12-26 12:08:42,19.79,46.0
orphan_transaction,80e46c2a250e5f1272b1a45b9107d076,M9000274,2025-07-04 01:06:24,36.72,84.0
orphan_transaction,a1141a1420cde5b57b17b0fa312e824c,M9000275,2025-01-30 17:04:16,42.9,99.0
orphan_transaction,4b10efb0da0946442b56f5fae627b72e,M9000276,2026-04-26 14:12:20,44.66,103.0
orphan_transaction,b36b181b95e4f761e7b0bdb26d9131e6,M9000277,2025-05-06 17:56:30,46.22,106.0
orphan_transaction,a4bcb758f860e082cedf21ad53364e7a,M9000278,2025-12-07 17:22:21,52.59,121.0
orphan_transaction,89e127038bb2130bb34b64cd402db99a,M9000279,2025-01-23 08:28:57,44.66,78.0
orphan_transaction,269e171c5af51d5d793499527ef01f2b,M9000280,2025-06-05 08:43:36,154.59,309.0
orphan_transaction,101cb93c73612e8a841dfab36a311786,M9000281,2025-06-23 05:13:31,45.69,105.0
orphan_transaction,a39657a9af050724d8f902ef015d398c,M9000282,2025-07-04 19:28:11,62.82,110.0
orphan_transaction,3dd1e27891e71f0fe88f836011eba444,M9000283,2025-08-27 18:21:38,43.58,100.0
orphan_transaction,4a4b96f2d974df4e7d73d546ddf19137,M9000284,2025-04-03 12:33:51,29.75,68.0
orphan_transaction,765256170cfbeb66845cb5a8f94a861e,M9000285,2025-11-22 21:11:15,43.07,75.0
orphan_transaction,2be08f0094e7cb2978c065f2debfc485,M9000286,2026-03-20 01:26:25,95.22,190.0
orphan_transaction,38c4cb23f8cf362a3ac53355740531f7,M9000287,2025-07-19 07:55:06,88.34,177.0
orphan_transaction,bf1bdc3846d9e2dc31a69849b30c371f,M9000288,2025-09-19 21:46:44,37.09,65.0
orphan_transaction,a09a5c5fcb6451504ae099266e11d423,M9000289,2025-06-09 03:28:56,31.62,55.0
orphan_transaction,dad53b77eac497c712676759bdb7406b,M9000290,2025-03-25 00:28:34,56.96,114.0
orphan_transaction,661bece18f48703140136c68d7723944,M9000291,2026-03-27 09:11:54,61.81,142.0
orphan_transaction,8d80a28c694d0d98f30d1b7f445f4ad2,M9000292,2025-08-30 09:16:39,103.0,180.0
orphan_transaction,e13d16ec33e37268af7cce8b9956716b,M9000293,2025-02-21 17:32:40,37.18,65.0
orphan_transaction,13a021e6a4641379e73097c1f01d7e0c,M9000294,2025-09-12 00:13:15,37.43,66.0
orphan_transaction,857514bbe62590d89fb625272b143bda,M9000295,2025-05-21 16:28:53,47.55,109.0
orphan_transaction,bba51bc89fbae610cd301927e7f180d3,M9000296,2026-04-07 00:38:52,68.09,136.0
orphan_transaction,79bbbf1f56591d1cd0103282a0a36939,M9000297,2026-06-08 14:48:13,30.29,70.0
orphan_transaction,6a5bb3a4786d017de93352163e2e4cbd,M9000298,2026-06-22 03:16:31,127.2,293.0
orphan_transaction,b39e1cd672f5156a63c60d260867f1cf,M9000299,2025-08-31 19:45:15,84.32,148.0
orphan_transaction,b97a2f007824d8a4a0dae9df361185b0,M9000300,2025-07-11 18:36:04,95.54,191.0
orphan_transaction,a37105af8c5e3e39c1bbbf6a2ccc9464,M9000301,2025-11-08 17:42:26,167.05,334.0
orphan_transaction,ae8e3eb5b8460cb04621079aa8b3f977,M9000302,2025-01-02 13:55:33,25.8,52.0
orphan_transaction,8154057168a2701c07a8acccdbc74962,M9000303,2025-01-07 18:27:46,47.34,95.0
orphan_transaction,6fa977467c630ee96a3948b72f6a116b,M9000304,2026-04-09 19:38:52,52.35,105.0
orphan_transaction,1fcb54e6a45c0d8558a6fc76d7ba1026,M9000305,2026-01-24 10:50:47,23.15,53.0
orphan_transaction,c2dc4f8aadfbf20d2fc60111daec40ce,M9000306,2025-01-31 18:15:15,44.1,101.0
orphan_transaction,b77497889b4cf4bffbac85a557014a37,M9000307,2025-07-26 19:48:14,60.38,139.0
orphan_transaction,f186d2a9827b64e016631dd2cd1254a8,M9000308,2025-12-01 04:12:52,49.86,115.0
orphan_transaction,e41368c91e638e7dafaacda7fb732382,M9000309,2026-05-09 13:20:55,51.1,118.0
orphan_transaction,2e41c7fdc53d9f2476b8bb65bd7555e1,M9000310,2026-05-10 23:26:10,96.81,169.0
orphan_transaction,0ad75f155d8dde9e9e6454dd13838406,M9000311,2026-02-17 15:39:03,172.7,397.0
orphan_transaction,9700b023bc1404b75a7b0270bbb9ebd1,M9000312,2025-09-19 09:43:57,60.13,120.0
orphan_transaction,7741127dabfd85ef63aafcfe8b697260,M9000313,2025-03-04 05:47:01,20.59,47.0
orphan_transaction,9fb7a637c8e0fff4b1bb48ceb9e04da1,M9000314,2025-09-01 18:38:13,99.57,229.0
orphan_transaction,448778cd701bce83551dbf5944d16590,M9000315,2025-09-28 15:16:05,83.31,167.0
orphan_transaction,9c871f3322615df4f31897e46c1a118a,M9000316,2026-04-15 08:05:43,31.57,73.0
orphan_transaction,13d5fb2416e258553dedaa5591384701,M9000317,2025-04-22 03:43:54,162.12,284.0
orphan_transaction,1608fe0178fd42bc551d6ec81ad53c44,M9000318,2025-03-09 21:57:47,190.6,381.0
orphan_transaction,f7d642e58f4a156575a2306142d830c3,M9000319,2026-02-13 11:48:45,51.82,91.0
orphan_transaction,6474edb8b9ea7259dde46191f59343ff,M9000320,2026-02-12 09:48:26,36.15,72.0
orphan_transaction,4cf1b7cfa1e9ffee556d71ae7d3b1516,M9000321,2025-08-11 13:59:47,52.08,91.0
orphan_transaction,14564f85027b451f5fb615c99eba4531,M9000323,2026-05-22 01:26:57,53.55,123.0
orphan_transaction,d597b2643c35c83b61076261ebc0db21,M9000324,2026-02-25 10:00:04,79.37,159.0
orphan_transaction,519017221aa0edd27bac062a8496335d,M9000325,2025-11-29 10:24:31,31.47,63.0
orphan_transaction,afd4355c05f7ca43cbe00d545143b4f2,M9000326,2025-07-05 03:04:08,36.48,84.0
orphan_transaction,33e0c9fd9f1742b74a29001471b9fc28,M9000327,2026-03-18 10:46:18,68.3,157.0
orphan_transaction,1fbcfd013f58f968aa5c5c431a4b7f9c,M9000328,2025-01-06 06:54:33,80.23,140.0
orphan_transaction,82c4ad59014a8f8bd2770edbaa5e22a9,M9000329,2025-02-15 23:53:05,28.62,50.0
orphan_transaction,6bd0d0feef1f7ebf791f5fb3fc0375cd,M9000330,2025-07-28 22:31:40,28.8,66.0
orphan_transaction,818499c0c0632af33b2a54957584c1eb,M9000331,2025-10-25 08:51:10,40.5,71.0
orphan_transaction,97d04bed8930e5bc7205b2f7f3e33525,M9000332,2026-06-25 02:13:54,29.61,52.0
orphan_transaction,d8db2defed1614183f91a386776e5edf,M9000333,2026-01-02 07:34:21,17.98,41.0
orphan_transaction,6a021c16fd47f620cbe4267a1b73a4ae,M9000334,2025-01-26 19:12:35,22.39,39.0
orphan_transaction,f8acc9e33c7882708d8419136cf44012,M9000335,2025-07-23 18:41:46,27.92,64.0
orphan_transaction,bdce727686f0dee80b4557973d46f206,M9000336,2025-04-01 18:13:58,57.18,100.0
orphan_transaction,26950edc43217a27278cade93c7983c7,M9000337,2026-06-24 07:28:31,18.37,37.0
orphan_transaction,65e57188dfb5d23082548bd0ee2d1f2c,M9000338,2025-10-18 22:38:39,65.09,150.0
orphan_transaction,7056ae153e6c39157b8e6b97cc0503ea,M9000339,2025-02-13 16:21:41,157.86,363.0
orphan_transaction,0228fa6b76296fdf12b70cd149cc42ee,M9000340,2025-09-26 13:22:18,68.94,138.0
orphan_transaction,82076d608f34cc3641f29d23ee901a25,M9000341,2026-06-11 07:01:51,52.43,121.0
orphan_transaction,84685db5f7e906eb2e041f55c4cc0957,M9000342,2026-05-07 07:32:50,65.62,131.0
orphan_transaction,a541f45763cb52e06e7d541e9fdf9839,M9000343,2026-05-22 01:56:36,42.1,97.0
orphan_transaction,c2c73e85a3c3fb40dbeafa0959ad8ced,M9000344,2025-04-27 13:25:25,64.48,129.0
orphan_transaction,e789a7e930b2f5a6f8a092430562dae8,M9000345,2025-04-09 05:34:46,154.87,310.0
orphan_transaction,ecbd287a2f0ad8c277336d027a414e8b,M9000346,2025-10-12 09:05:46,15.92,37.0
orphan_transaction,ee885b49cec64c23ca5048c1cff806df,M9000347,2025-02-03 17:07:04,61.66,142.0
orphan_transaction,6783e66d04adc7100fb0942d4dca2cc1,M9000348,2025-04-18 21:45:43,66.4,116.0
orphan_transaction,71ad85d46c06e45b773d8575c1353180,M9000349,2025-01-24 00:00:00,81.72,163.0
orphan_transaction,bb5af7144c3fd95ebd5a13dd022d4399,M9000350,2025-09-06 06:31:26,27.38,48.0
orphan_transaction,4096de6545dc16d46b5e27e788ec1341,M9000351,2026-05-19 08:20:04,76.39,134.0
orphan_transaction,05bd77f1a3aa9eff8d47e475362a8548,M9000352,2025-08-21 23:10:50,13.97,32.0
orphan_transaction,84148cd07d17187a83f09c4ad242c74b,M9000353,2026-05-01 22:07:02,75.8,174.0
orphan_transaction,c28a32f72c172f34800543b8e7e0dad6,M9000354,2026-04-15 12:41:22,104.78,210.0
orphan_transaction,dca9474202e4e4a76638e8e5d3792610,M9000355,2025-07-28 04:14:42,29.2,58.0
orphan_transaction,1d778d6b2dcdc6bec7b2705fdd62c5b0,M9000356,2026-05-09 15:02:45,85.94,198.0
orphan_transaction,79ce15eec1cfa2eb62de07c0e7700a78,M9000357,2025-11-18 06:35:23,64.6,149.0
orphan_transaction,292bbecd7decca818dfe9763487672a9,M9000358,2026-03-18 09:48:21,27.31,55.0
orphan_transaction,108cd4172d06b008f65ae03d80d84d4a,M9000359,2025-09-09 21:10:09,20.72,36.0
orphan_transaction,594af9205ab7ffaf5c2e0b5cf9b38d0f,M9000360,2025-04-02 13:50:31,42.21,84.0
orphan_transaction,f2ce81ee522e32a115f842e2d258d69f,M9000361,2026-05-19 14:46:54,56.66,99.0
orphan_transaction,6cd0b1b2e464fbfd2285d1cb488aa962,M9000362,2026-04-19 04:00:26,56.04,98.0
orphan_transaction,dd7e60bed3aa71eb7e81c0f8904766d7,M9000363,2025-11-27 10:58:07,50.57,88.0
orphan_transaction,5bf56dd820cd859b0776465d0fc63411,M9000364,2025-08-31 16:23:32,11.95,24.0
orphan_transaction,449987d99f833de494b6c910f380ac08,M9000365,2025-03-09 13:38:10,85.06,149.0
orphan_transaction,5ff457535731d5d296620f9a3d548522,M9000366,2026-02-04 14:19:41,72.62,127.0
orphan_transaction,4639d791bdfe4c694439a46405865ee5,M9000367,2026-02-07 00:32:51,96.11,221.0
orphan_transaction,ff2b81cf2269c7a2c326d3ed7f2a1c99,M9000368,2025-08-03 13:40:51,140.95,282.0
orphan_transaction,17229c4b001ed3bf36bb95cb78dc5dc6,M9000369,2026-05-21 04:53:14,29.13,67.0
orphan_transaction,407e1809983a4c8c0f12424c0f966e25,M9000370,2025-08-20 10:07:19,93.34,187.0
orphan_transaction,6c23b4896664a8587f3463aeb8733b92,M9000371,2025-08-13 18:49:10,58.07,116.0
orphan_transaction,64622bd863e79347d5db482a685e02dd,M9000372,2025-03-10 14:21:21,111.85,257.0
orphan_transaction,57d404f774e97254288176933a4f05c3,M9000373,2025-06-03 22:25:52,51.38,103.0
orphan_transaction,20f1a5dd8ffa4459dfcf81b5b3f252eb,M9000374,2025-05-22 11:20:30,68.32,157.0
orphan_transaction,f258262927ef7f288d8e188b1f24d1a0,M9000375,2025-02-27 11:18:56,122.14,244.0
orphan_transaction,acf5bac9a3223064f160befb0bef54ef,M9000376,2026-06-02 00:00:00,54.24,108.0
orphan_transaction,726e49d1ec6a361a7ce652e431d1500b,M9000377,2026-02-05 03:10:58,141.07,282.0
orphan_transaction,0dfa759dbde7ff560e7c9dd6d8421275,M9000378,2026-05-27 16:23:20,19.6,45.0
orphan_transaction,db80f23f6244cd10f55e9b086c86da01,M9000379,2025-06-16 01:10:14,34.19,60.0
orphan_transaction,530818f1cb53c857d57fd060bc9c5053,M9000380,2025-01-11 18:40:11,149.39,299.0
orphan_transaction,b1c41766c5aa864dfacdd9252bbbc3c6,M9000381,2026-05-16 01:07:46,22.07,39.0
orphan_transaction,ace38258aa17e9215ffb186e9e05d33b,M9000382,2025-11-26 21:01:39,164.69,288.0
orphan_transaction,f0557016dede04c48bdbfb48b76a1bb5,M9000383,2025-01-23 10:42:14,24.31,43.0
orphan_transaction,278cbb4f65cacf9947f8d4acd25880d2,M9000384,2026-06-05 02:01:08,39.54,79.0
orphan_transaction,8086ceff8cbb77197bba3e069bd2b896,M9000385,2026-05-20 09:27:20,47.77,96.0
orphan_transaction,97680f8e687ff706b87c940154676c84,M9000386,2025-02-09 11:57:04,15.2,35.0
orphan_transaction,ee8cb49c4e79745484c765cb76d905d2,M9000387,2025-02-24 03:26:18,59.98,138.0
orphan_transaction,0007447478690b67bc6293527f6a4a5a,M9000388,2026-04-06 21:43:24,128.1,224.0
orphan_transaction,fe2d2c57ae2f2986677297ed4e773bf6,M9000389,2025-12-25 03:03:49,47.0,82.0
orphan_transaction,ea811cd2c73a4dbdc19d277fc50d8636,M9000390,2025-10-30 16:18:54,37.98,66.0
orphan_transaction,7a4db974f393dd8580a56349bdd4d2b5,M9000391,2025-05-20 05:08:24,70.24,162.0
orphan_transaction,e4ed6fefdeac285524b6fb01841b227c,M9000392,2026-02-10 11:29:18,62.11,124.0
orphan_transaction,2cf1368f0b58f70dc63d69c491906710,M9000393,2025-02-28 19:36:30,124.05,217.0
orphan_transaction,66abd5b515e6cd316a80368decb742c7,M9000394,2025-08-12 08:04:35,78.75,158.0
orphan_transaction,4083c4dbc7b98658f41f298457a53106,M9000395,2025-08-01 06:38:01,32.07,64.0
orphan_transaction,6f0fa8e75fb0cb145e2f0dd732686b6f,M9000396,2025-09-20 15:36:40,23.7,55.0
orphan_transaction,01047980c85d7f5ba71e42da94ee96dd,M9000397,2025-05-19 17:15:14,55.77,112.0
orphan_transaction,1098005d6c84c32cd1991b1ac31568f8,M9000398,2025-09-19 10:05:35,37.26,65.0
orphan_transaction,d0bfe5737631697e9478eb8a497b0479,M9000399,2025-12-28 06:42:53,35.21,70.0
orphan_transaction,127cf8221026ed50c382fb71c3d8a429,M9000400,2026-01-26 02:00:29,61.24,107.0
orphan_transaction,959551836cda127de1ba10f9bd80d41c,M9000401,2025-11-13 07:35:44,81.63,143.0
orphan_transaction,64869d650e62362ad4fad68e85f01c5f,M9000402,2025-07-01 22:38:49,23.76,48.0
orphan_transaction,146ccf90e3e05004633bc4b9dbebabe8,M9000403,2026-03-11 14:36:26,46.93,94.0
orphan_transaction,a4ab87078caa0e05ecee09747c08a87e,M9000404,2026-06-17 00:20:27,35.0,61.0
orphan_transaction,dbf3add19ba6ecd1388fffc64b11fb07,M9000405,2026-04-30 00:42:42,57.44,132.0
orphan_transaction,46bd5d54bd90336a5447d4a00f682542,M9000406,2025-05-22 01:52:20,55.29,127.0
orphan_transaction,44bc6a6a691a767c5696f72d6591ce84,M9000407,2025-02-25 23:35:30,106.4,186.0
orphan_transaction,94d9817253a4f2db8f8bde2cefd5372d,M9000408,2026-03-16 00:00:00,35.89,72.0
orphan_transaction,f1859147a3b9e058dd5ef78941b60675,M9000409,2025-09-26 07:50:46,47.7,110.0
orphan_transaction,c82d1998d780c196d90079fd24344d7b,M9000410,2025-07-26 13:51:10,141.33,325.0
orphan_transaction,bd02dcd2ad287fa1f9d0dd3ec900ba71,M9000411,2026-01-10 14:36:21,37.38,75.0
orphan_transaction,95973b012fa53cb2d6680c9a69981b04,M9000412,2026-01-24 05:27:34,67.63,118.0
orphan_transaction,10f559c791ce0a0b7f5eb6749670392a,M9000413,2026-05-20 12:38:10,63.93,128.0
orphan_transaction,889550a93706b4700febb73f31d48b3b,M9000414,2026-06-28 08:33:26,113.36,198.0
orphan_transaction,57fbc5d95b4adc8045de47fbb75c5f89,M9000415,2025-10-30 03:07:07,44.94,90.0
orphan_transaction,f585cf5d893a78c2f4aea7d18ec3a548,M9000416,2026-06-21 12:44:08,85.43,150.0
orphan_transaction,1d5f891d32e9a76ba135b5787bd57cf4,M9000417,2026-06-20 08:17:11,22.87,40.0
orphan_transaction,ae87d80778b0c479271194417a32955f,M9000418,2025-10-14 17:12:09,116.61,204.0
orphan_transaction,a3be3f233c33cf837e32c4e1fc0bc8ed,M9000419,2025-05-06 17:40:57,28.56,50.0
orphan_transaction,ab2db214bd0ba89a56ca0f2458003f99,M9000420,2025-10-16 00:11:20,140.91,324.0
orphan_transaction,754230491e0b25bfdad34a92900059e2,M9000421,2026-02-03 16:34:42,35.37,71.0
orphan_transaction,5d9808c5b5d1295a67f371f6488307fb,M9000422,2025-02-06 13:24:26,96.17,168.0
orphan_transaction,e584e1d6189ed91ed6d3cb6ad62bd120,M9000423,2025-06-23 19:53:41,69.0,138.0
orphan_transaction,23aa8d034a5b02eb049e51bab7af1b6c,M9000424,2025-11-18 23:58:08,22.31,45.0
orphan_transaction,6c18ef06d746bd9f3e4d8c0e4ad7c39b,M9000425,2025-10-13 23:01:37,115.82,232.0
orphan_transaction,a5eef41fc90b0ab15169d38254cb6418,M9000426,2026-02-11 03:16:36,36.6,64.0
orphan_transaction,0f94e3393589711b3850521ae502aaf3,M9000427,2025-04-30 14:02:01,5.01,12.0
orphan_transaction,e43b8855ba4f535c587c9f723f40ecfd,M9000428,2025-08-12 07:59:35,89.15,205.0
orphan_transaction,6e6c1c58cd0638bd266328b72fc8f141,M9000429,2025-07-09 18:32:01,72.09,144.0
orphan_transaction,be18221b3bfa43f71bd742e828eae285,M9000430,2026-03-15 14:36:13,36.41,64.0
orphan_transaction,10a99de92d45d470a48613bccbaa191b,M9000432,2025-08-11 10:29:03,22.28,45.0
orphan_transaction,1ef85c40e65f023863e86cbca71339c1,M9000433,2025-12-23 02:42:45,63.27,111.0
orphan_transaction,ca9b84d2a29a04a2268a43674253f5d6,M9000434,2025-07-06 10:56:21,38.01,67.0
orphan_transaction,6166c074a9eeccd4f85afca5be9dee60,M9000435,2025-04-02 22:38:46,22.42,45.0
orphan_transaction,6b1863b8623d2e54284fc19758e917f9,M9000436,2025-10-19 04:59:18,72.57,127.0
orphan_transaction,5ba13c2113695fdc0ba524728e3cc9e3,M9000437,2025-12-12 15:51:26,39.31,69.0
orphan_transaction,21a42576132c8d171bf6293607195f46,M9000438,2025-08-04 13:06:04,53.07,106.0
orphan_transaction,c8aa958c48e405411172e45cf3cbf325,M9000439,2026-05-14 23:26:30,46.63,93.0
orphan_transaction,09a6ca4ccbe5361b864a8c96682b5dfa,M9000440,2026-01-26 00:22:58,21.44,49.0
orphan_transaction,3d9fdb6860e70dff3502280aea601c8b,M9000441,2026-03-04 13:13:41,33.56,77.0
orphan_transaction,1ce3cd5639dec174a73a429bc3d88555,M9000442,2025-01-29 13:35:12,45.72,105.0
orphan_transaction,1b618549a08c022912ff74e2ca6f8204,M9000443,2025-08-14 18:00:18,71.85,144.0
orphan_transaction,f872584e2e03ca6df20d459d1cc38522,M9000444,2025-01-04 06:03:43,99.19,198.0
orphan_transaction,385f9242dce8bdc41ddfefac771ce0d4,M9000445,2025-02-12 02:30:01,31.99,56.0
orphan_transaction,c4d44776e42392d4e126504c9efb76aa,M9000446,2026-04-03 15:01:59,57.92,133.0
orphan_transaction,452bc9feb7b7048b0f7c6a97137fc129,M9000447,2025-11-15 06:51:10,59.44,104.0
orphan_transaction,c2dbcdad69b39348981ff9303d718226,M9000448,2025-01-20 22:55:28,55.48,97.0
orphan_transaction,021cb92c907b0c3a25b57e72f51346a7,M9000450,2026-02-11 04:55:21,162.67,285.0
orphan_transaction,098ea2ecacdf2ef7878cd478de792bad,M9000451,2025-04-02 19:19:50,35.71,71.0
orphan_transaction,1c5726205c4b97c9c11522fb82843224,M9000452,2025-08-14 00:00:00,40.55,81.0
orphan_transaction,02a64e2b201e62e4cc1a3a0cf505e353,M9000453,2025-10-15 01:37:25,105.13,184.0
orphan_transaction,ae12916c541c59da0b1c8d2e216ef2d5,M9000454,2025-09-22 20:44:10,51.04,117.0
orphan_transaction,60fa514485f21d46021d89f33c83dede,M9000455,2025-04-05 02:24:21,78.05,180.0
orphan_transaction,feb7ddceecccf42100f3802503e4b96d,M9000456,2026-06-13 05:03:56,70.76,163.0
orphan_transaction,c064d31cf14b3c67a5b88fbe17b46390,M9000457,2025-03-18 15:08:21,106.44,213.0
orphan_transaction,0f3fd966669640cf59424a2bd8b02b17,M9000458,2025-02-20 23:54:00,41.42,83.0
orphan_transaction,f898d0a2b279dfca079a3ef2231992a5,M9000459,2025-04-16 13:36:08,60.52,121.0
orphan_transaction,78e1aea9b1829115bbfc3446f1543506,M9000460,2026-03-05 14:09:11,72.17,166.0
orphan_transaction,b4516c4670d6699dcd9b79281f1eb616,M9000461,2025-08-30 11:15:54,59.45,137.0
orphan_transaction,55ce9fa251a12bc59b3c175cbce6ce5f,M9000462,2025-01-20 14:18:33,144.17,332.0
orphan_transaction,2bcfe52d1a7268ac14db6c66f59aa5c5,M9000463,2025-11-02 15:00:36,34.3,60.0
orphan_transaction,77d848a47c032afbce5d6614abb96473,M9000464,2025-10-09 19:09:42,55.08,110.0
orphan_transaction,fe1aad241950ae1ddabfb944ad619709,M9000465,2026-05-02 13:54:09,40.62,81.0
orphan_transaction,c4fa416e673c0bafff5b8f9d50a22548,M9000466,2025-11-01 04:00:24,47.72,84.0
orphan_transaction,33c9c30c6e3e0cef2c57b654eab2d6fe,M9000467,2025-10-31 23:56:16,77.73,136.0
orphan_transaction,2cc1915b2902fe936fae37685e573963,M9000468,2026-03-04 11:14:52,64.33,148.0
orphan_transaction,2723bf2d3103927d903ab3830a353b55,M9000469,2025-11-03 21:43:43,38.99,68.0
orphan_transaction,55325ea745f97cca7503510d9d7e6a81,M9000470,2025-09-14 04:03:10,65.15,130.0
orphan_transaction,83f185bf40197c28aaa71072b556ece0,M9000471,2026-02-24 14:33:36,41.38,95.0
orphan_transaction,41a44f582e13787c5374c0e0b824439f,M9000472,2025-05-19 08:45:11,61.55,142.0
orphan_transaction,0ca07502b6ffe9a5bdbd2594c6b56150,M9000473,2025-10-20 02:44:32,44.72,89.0
orphan_transaction,a6d1cb6c80f16ef0fe69bb7940daf8e0,M9000474,2026-03-09 00:25:19,60.27,121.0
orphan_transaction,d631dbaf94cf3f2f601274d64b29ae94,M9000475,2025-02-08 03:42:09,31.3,72.0
orphan_transaction,78fdb7ad7956216059d6ea6f78f2ce1d,M9000476,2026-03-24 00:57:38,64.84,149.0
orphan_transaction,1a2d72e6298e65a7d0776bd1d7a84d27,M9000477,2025-08-23 01:35:42,35.61,82.0
orphan_transaction,a7e615fa79344690fa5c99ef52770dec,M9000478,2026-06-04 14:06:51,40.94,72.0
orphan_transaction,105cf1da3dd54cce4d5962f9d0c31290,M9000479,2025-06-29 20:25:35,61.06,140.0
orphan_transaction,d50f933e36d37574a80108edbf2fa166,M9000480,2025-03-06 11:59:58,149.12,343.0
orphan_transaction,295e0437a9ee0fb48ef5ddb1332e8ba2,M9000481,2025-06-10 05:12:12,59.81,105.0
orphan_transaction,851d421ba8d4b2145a8a743c4fccf39c,M9000482,2025-10-10 12:35:29,79.04,182.0
orphan_transaction,d71eddfd29e8de43d33d735269a33faa,M9000483,2026-01-03 06:03:06,49.17,98.0
orphan_transaction,e02b6a74d41e9ac4b6cf4c783c02aae7,M9000484,2025-10-17 10:57:33,64.89,114.0
orphan_transaction,932577c423ff6156dda366c0d3228b4e,M9000485,2025-08-21 06:03:15,50.62,116.0
orphan_transaction,d0c19c2a54dd75bb63f4f8ab75c4bffa,M9000486,2026-02-02 13:19:42,58.96,118.0
orphan_transaction,1fcae420d633188801233a2f256e9900,M9000487,2025-11-24 14:29:06,48.11,96.0
orphan_transaction,9f7c1b5e03d992ab522765116cce47e1,M9000488,2026-06-03 00:14:03,55.81,112.0
orphan_transaction,cd7ff4f3536ae7bd8cfbc3d4e211fbf3,M9000489,2025-02-23 11:54:53,38.53,89.0
orphan_transaction,05087d460176a35ba308f3425dfd2882,M9000490,2025-07-19 06:27:29,42.39,74.0
orphan_transaction,14e09a486e7e8a097308278761361cd0,M9000491,2025-10-04 06:28:14,76.3,134.0
orphan_transaction,e83d2be6982a22ecc97e9b2ababb4223,M9000492,2025-12-17 13:09:39,98.88,173.0
orphan_transaction,99af0601818e94dc604770666ca169a6,M9000493,2025-11-22 08:47:32,34.8,61.0
orphan_transaction,706cde435c98e0c060b6b8bcf5f94685,M9000494,2025-04-29 05:09:01,51.37,90.0
orphan_transaction,6b9fff3eedd5c4814393431081459927,M9000495,2025-04-11 11:41:53,16.65,33.0
orphan_transaction,a7b412e9b15e7cc376e79cca80e39b52,M9000496,2026-06-15 18:07:03,32.8,66.0
orphan_transaction,3b8d849c8ce310b12378f8c15d01954d,M9000497,2026-05-07 23:41:32,154.51,355.0
orphan_transaction,85a6219366e76fc4a88815c9848168d7,M9000498,2025-08-20 12:57:16,46.32,93.0
orphan_transaction,eac7c357e6f2751eab191051d71baac5,M9000499,2026-06-10 06:12:11,123.36,247.0
orphan_transaction,c0fb1c218a5bd8a5669cf7ef98ae93df,M9000500,2026-03-23 11:58:23,104.63,209.0
orphan_transaction,8bdb70af9b9844e94846fcfca6fbe6b7,M9000501,2025-11-15 02:05:18,33.56,59.0
orphan_transaction,b56e0af6a11a739c03241f6489f0accf,M9000502,2026-01-21 19:14:28,89.58,179.0
orphan_transaction,5af7231bd39bb076824cb0ee7d7a0a54,M9000503,2025-11-11 04:40:55,48.05,84.0
orphan_transaction,43c7572c028668c79d7df8565714a6c3,M9000504,2026-02-03 09:18:37,99.42,174.0
orphan_transaction,05b46d214c6756fe0c1a4e9d783212e1,M9000505,2025-06-23 07:44:32,53.45,123.0
orphan_transaction,f878804e97aab7ee043838f58eec96ad,M9000506,2025-03-29 12:53:34,33.64,67.0
orphan_transaction,dfe2b19d0c361a1f4b0627596cb407a2,M9000507,2025-03-15 03:14:50,85.13,149.0
orphan_transaction,b7a3e3a21a78edbc70ad1b2008268f88,M9000508,2026-03-09 07:06:36,48.56,97.0
orphan_transaction,5ec565f3bab8704c0259c8c682bca4d2,M9000509,2026-02-02 13:16:48,54.06,108.0
orphan_transaction,0ba10b004f4fd3b37af55ddaf4e9907e,M9000510,2025-07-07 16:43:28,33.43,77.0
orphan_transaction,0fea3b9d5d576dc283624d63e04c8d33,M9000511,2026-06-28 22:30:42,151.75,304.0
orphan_transaction,79563510bd80096e599c41773aa7440a,M9000512,2026-01-15 19:31:29,35.44,62.0
orphan_transaction,fb7dc2e53e111a36692bf926df2b6030,M9000513,2026-02-11 09:26:43,19.95,35.0
orphan_transaction,0e868e6ff88333c1bc6367a81cc15961,M9000514,2026-02-13 15:08:00,40.36,93.0
orphan_transaction,d52ffa595fc5ec83f8e681ad78d91f6f,M9000515,2025-01-09 00:36:28,338.61,779.0
orphan_transaction,5c70bee5ea2e79bf760f28b19852d94d,M9000516,2026-06-01 13:34:18,26.44,46.0
orphan_transaction,4bf2063ae415d6eb3622fa7157e57281,M9000517,2025-05-26 18:03:28,31.1,72.0
orphan_transaction,434139d7bc3775db04b862582666efe9,M9000518,2025-12-10 13:31:17,32.02,64.0
orphan_transaction,e1fac4f64a68c4917e9149ea9b9c6be6,M9000519,2026-03-02 15:24:03,26.37,53.0
orphan_transaction,ea0a8844cb6b0e28d791aa8463bc3d93,M9000520,2025-08-23 02:13:49,75.4,151.0
orphan_transaction,d7ac8134df44532f798beac09d8b82e7,M9000521,2026-03-27 13:06:57,52.58,92.0
orphan_transaction,db908e65132c61ac1969007ad2647b08,M9000522,2025-06-20 00:13:38,30.45,70.0
orphan_transaction,60c474c3d41605d78fc11e77210a3f14,M9000523,2025-06-16 13:21:00,106.22,244.0
orphan_transaction,bf4823d70b79221186e9dcdfc1025f42,M9000524,2026-01-23 18:52:00,27.41,55.0
orphan_transaction,dcd3df6fffd42328042a4319b2894c55,M9000525,2025-08-22 13:48:45,64.21,148.0
orphan_transaction,b989caa1826e31c37c0de8160dc7ad19,M9000526,2026-02-19 08:10:41,34.02,68.0
orphan_transaction,f9562a4048c8ddd70257c6deb2a8d5b0,M9000527,2025-02-05 12:40:01,48.19,111.0
orphan_transaction,28607fd58a76e5fd658a827e1a8accb1,M9000528,2026-03-19 15:57:52,26.81,54.0
orphan_transaction,fe7709b9c42d4b6380eaeea34774b98d,M9000529,2025-04-08 12:00:36,45.12,90.0
orphan_transaction,cdeb4636517a9f098a5c1ae2d1ca4ae2,M9000530,2026-01-08 12:43:48,95.49,220.0
orphan_transaction,e325204096cc879b07928c8dc4e0edcb,M9000531,2025-10-09 00:14:39,70.83,163.0
orphan_transaction,c3fbd9a20d98267675b4e99eb6bf056a,M9000532,2026-04-18 10:59:12,122.82,246.0
orphan_transaction,f8c692c2370984a9a6c9cc1c49f7bf3c,M9000533,2025-08-25 06:41:53,60.76,106.0
orphan_transaction,9104fa267239ee0a0c9469b7b514de3c,M9000534,2025-01-12 08:56:17,24.43,56.0
orphan_transaction,c06718d3400e2dce6f75e88925bef1a4,M9000535,2026-06-21 14:07:04,46.86,82.0
orphan_transaction,750248201ad1688058c7113d74f94443,M9000536,2025-05-02 19:59:56,37.63,87.0
orphan_transaction,a55b1b05fe5e05e75d79b1ab9b9f4f66,M9000537,2025-09-12 09:56:19,365.5,640.0
orphan_transaction,4b90035e7e8a9af608631d0e1857a7a5,M9000538,2025-09-14 19:48:52,89.11,178.0
orphan_transaction,d07da9e32aca224665ac71dc098a44d9,M9000539,2025-04-16 13:10:44,45.34,91.0
orphan_transaction,701b0b858073232067345df4d829f304,M9000540,2026-04-10 15:27:37,135.79,238.0
orphan_transaction,470a4ac79daaaab8bab0f98e5d42e8b2,M9000541,2025-10-31 17:28:16,36.75,64.0
orphan_transaction,042757a314a15c4d2fd16154b8f43560,M9000542,2025-03-15 20:21:14,40.13,70.0
orphan_transaction,434c084d312cf32980fbb99aab9eeb96,M9000543,2025-04-20 04:37:59,48.37,97.0
orphan_transaction,a2f43ff77823dfeab7761dabc38706c6,M9000544,2025-09-25 13:25:33,28.08,56.0
orphan_transaction,a570da2d5bcea64921bffea6c4e4809a,M9000545,2025-07-17 02:04:21,20.63,36.0
orphan_transaction,6236c8734df96b35e3caee2bba0d4411,M9000546,2025-01-16 08:49:38,88.34,155.0
orphan_transaction,c381fc660719eb54d171811531a2dfd1,M9000547,2026-06-03 20:34:33,42.95,75.0
orphan_transaction,7d61ca62c2b63e5d59e6addd3e12716c,M9000548,2025-05-30 03:50:38,70.4,162.0
orphan_transaction,d6cb8b1780beab6829032bc59a4d84bb,M9000549,2025-04-24 21:49:52,55.7,128.0
orphan_transaction,9e75d658241b3b8f75002c433806e6d3,M9000550,2026-01-15 02:11:07,104.43,183.0
orphan_transaction,b080d72468eec97478d1817c07ff49a0,M9000551,2026-01-28 10:04:20,41.72,83.0
orphan_transaction,a979a4c74f9fcc1a8f36285ee91cd34e,M9000552,2025-06-23 22:19:22,38.18,88.0
orphan_transaction,6b5dcd3c940130d7c6b30bc4ff37003d,M9000553,2025-02-18 16:30:18,55.68,128.0
orphan_transaction,5952214a5d764ae8de9b05a53d7fd2d9,M9000554,2025-02-19 00:01:43,19.09,38.0
orphan_transaction,bf7edbe0bd405e254205830ee4666197,M9000555,2025-11-04 00:05:38,56.16,98.0
orphan_transaction,332775bfb8a03cb72d49a77be0eae028,M9000556,2025-06-26 20:34:13,78.8,181.0
orphan_transaction,6d33b44333c60ab3489ac9759f1a4898,M9000557,2026-04-18 17:33:38,71.54,143.0
orphan_transaction,d585d7ec621f1fb2aaed1a8ad32d3a88,M9000558,2025-05-09 06:50:04,73.33,169.0
orphan_transaction,6b4e338fa20ad75341ea647ef29c2571,M9000559,2026-05-03 07:28:56,38.82,68.0
orphan_transaction,6a04bdf972ba0711055ab52ca1c7f579,M9000560,2025-09-21 16:33:39,178.05,356.0
orphan_transaction,e4e1e385f1952490852c84012983109f,M9000561,2025-01-20 14:05:46,47.28,83.0
orphan_transaction,fb21441f2aaadf36911c9c4f308497b9,M9000562,2025-04-12 03:38:58,84.21,168.0
orphan_transaction,03b6372d4aa1c98ed1f11076c66a9740,M9000563,2026-02-06 12:23:42,107.17,188.0
orphan_transaction,c81d77a220552475feb5d4badce08be6,M9000564,2026-04-13 00:48:31,24.91,50.0
orphan_transaction,ac9876763397484c8fbac7aaf38c142f,M9000565,2025-11-20 10:01:48,34.63,61.0
orphan_transaction,051f3638a397d7aba3a3e5a4e862e578,M9000566,2026-05-26 07:21:16,42.39,97.0
orphan_transaction,190765f1e39f12e4bdefe442bb5bc0c2,M9000567,2025-10-11 11:56:30,69.79,122.0
orphan_transaction,e902b8a4fb4fadf960a2a423f6d906e5,M9000568,2025-06-18 23:47:08,95.44,191.0
orphan_transaction,e99b73ff61a1c846c5759bf74a66a465,M9000569,2025-05-28 17:58:46,62.46,144.0
orphan_transaction,f56a470b21ec12bd814aab7c9584d60f,M9000570,2026-02-05 04:55:42,38.25,76.0
orphan_transaction,9f2554857d16f2ef58165f976c1a1379,M9000571,2026-04-16 14:41:02,73.98,129.0
orphan_transaction,93c340182617cb9bc367f6a9cd4fe97b,M9000572,2026-05-28 00:35:41,30.2,69.0
orphan_transaction,91f3c747261f6e79bb8f37135e52a218,M9000573,2026-02-06 19:30:34,45.29,79.0
orphan_transaction,25e21dabb8c1c91bae0d70a553350cc4,M9000574,2025-03-02 10:04:24,82.11,144.0
orphan_transaction,5deca46fff1b9063d5ecb09d7e3dfa25,M9000575,2026-03-15 10:39:08,104.68,241.0
orphan_transaction,ecdfacb535613a29875f88bdc245948c,M9000576,2026-04-18 16:58:28,196.3,451.0
orphan_transaction,feecd8e5c975ada2aa75067ed72653eb,M9000577,2025-05-13 19:11:11,134.78,236.0
orphan_transaction,90efbab404c737ae22c664b2423ee298,M9000578,2026-02-07 05:24:43,80.39,161.0
orphan_transaction,b8763b3c3ea0d5dcc3cd6c3457a4be36,M9000579,2025-08-08 23:05:20,40.48,93.0
orphan_transaction,96cb24d3574878ac69a1f8c11cda4df0,M9000580,2025-04-16 11:15:11,199.05,398.0
orphan_transaction,ee000912c8f19e189d816230d04b2152,M9000581,2025-06-22 05:34:03,17.53,40.0
orphan_transaction,bcd90da889555314e1aad7d71c00a556,M9000582,2026-05-31 18:01:52,75.51,174.0
orphan_transaction,dc46b405efa07d2b2141ade735660e9f,M9000583,2025-12-17 15:29:50,47.31,83.0
orphan_transaction,bfc688dd5d6a1818c47789f3d8bfc433,M9000584,2025-03-06 13:31:41,19.43,34.0
orphan_transaction,e5d0ddc646bffc0db58053516b4facdb,M9000585,2025-08-11 20:13:44,44.11,88.0
orphan_transaction,de5621a90f8a6d94f2c88ea8acbd9b0e,M9000586,2026-03-22 03:52:42,58.72,103.0
orphan_transaction,c8faf496088dd7332847fec28c0b9993,M9000587,2026-05-06 17:54:05,43.26,76.0
orphan_transaction,99300d0c8a63faa6ad797e1d934bf014,M9000588,2025-01-14 21:07:52,86.3,198.0
orphan_transaction,dd1c6275aff6e41e052f077eb1f4be24,M9000589,2026-03-21 08:43:44,28.03,49.0
orphan_transaction,1a04dcffbb95e975f3fcebde13169b41,M9000590,2026-05-23 16:48:10,77.68,155.0
orphan_transaction,90dd9c1907f4b23114840f583ba85053,M9000591,2025-08-31 15:49:05,81.26,142.0
orphan_transaction,590bf4ce0d1ad2e906ddcc8c55ac1fd7,M9000592,2025-10-13 17:35:44,63.6,146.0
orphan_transaction,3b64be1b4880a9ab523e0bd8fe882b8e,M9000593,2025-07-04 09:09:28,117.38,270.0
orphan_transaction,0d501cae99f14e898a5aec3be2698c03,M9000594,2025-04-05 15:08:30,98.95,198.0
orphan_transaction,9995de84b89e8cee4472e1e62f15d25c,M9000595,2026-06-10 18:10:21,166.7,333.0
orphan_transaction,f45018b785f9a0adc650e95dcc11d5c9,M9000596,2026-02-13 12:56:39,53.63,123.0
orphan_transaction,bba504c333e3c12f4ae79373445d0d87,M9000597,2025-03-14 11:09:44,5.89,10.0
orphan_transaction,bc52cca2058793721f755203820e8d6c,M9000598,2026-06-11 00:00:00,102.74,236.0
orphan_transaction,109ce0c5c4e1ad8fdaafadfadaf2b66c,M9000599,2026-03-03 12:04:28,40.89,82.0
orphan_transaction,3111edbbfd9972bb11472177d4cfad99,M9000600,2025-06-13 00:40:35,66.26,152.0
orphan_transaction,4e21adb8fb2df0da00316e4cb8d85231,M9000601,2025-01-13 23:04:24,122.25,214.0
orphan_transaction,39fbb43eb44eaf8283e43b7ca2fd4e59,M9000602,2025-09-19 08:13:40,25.58,45.0
orphan_transaction,353d5366fb2ab634d743efdc738a0446,M9000603,2026-01-25 08:36:54,54.86,110.0
orphan_transaction,0b08284d2c428a93bdd4d313ddc678cc,M9000604,2025-02-20 20:29:42,49.67,114.0
orphan_transaction,dadc5b911df8975a43e7df604af5e2bb,M9000605,2025-11-05 07:14:31,27.95,56.0
orphan_transaction,89c04c192011d343e8c6e281fcaa7e54,M9000606,2025-11-10 03:50:56,108.9,218.0
orphan_transaction,cadea667d5a36a9845345ce6ab8806ce,M9000607,2025-07-01 05:03:23,83.51,192.0
orphan_transaction,c278a76ae2e4ca04582c1c954233f5ed,M9000608,2025-12-29 07:49:37,104.42,240.0
orphan_transaction,a6ee9e5600484d4f94f92b129b6caf47,M9000609,2025-01-26 04:25:35,142.41,285.0
orphan_transaction,d464592f6b54de901a7dcd66432b7f30,M9000610,2025-08-05 18:24:15,14.83,34.0
orphan_transaction,e4a665802e191f222e00c9349dd7682d,M9000611,2026-06-07 11:43:45,63.65,146.0
orphan_transaction,6fc7222fcaa22fbcf78b8e7a5d14cfa0,M9000612,2025-07-29 21:57:44,82.07,164.0
orphan_transaction,829c93dd5fbb22920c308074eba7b66e,M9000613,2025-08-07 11:40:15,99.86,200.0
orphan_transaction,321dbd99af690d94fcc281326b0e2d69,M9000614,2025-08-14 20:54:04,74.19,171.0
orphan_transaction,aaee1f636afddc677540ad23400ca8e2,M9000615,2026-03-14 11:20:57,61.32,141.0
orphan_transaction,c80ac4d1059507e5bf510fa1eed53760,M9000616,2026-05-31 17:24:28,54.88,126.0
orphan_transaction,2e40044f7265cddfee9012d526124029,M9000617,2025-10-26 20:16:20,16.66,33.0
orphan_transaction,5e0d746a17c706f520bb93423bd189db,M9000618,2025-12-24 04:09:59,40.15,80.0
orphan_transaction,f14bd2a05de2b2c9c3a3142d5bcddc4d,M9000619,2025-03-15 01:44:44,22.6,40.0
orphan_transaction,e1cb17b5d5a83819b107f88ae738d660,M9000620,2026-03-14 16:00:19,24.16,56.0
orphan_transaction,17789f098d665e7d29a9eef2e0cb536d,M9000621,2025-04-19 10:22:41,54.1,124.0
orphan_transaction,bbe03e33716ac285a863a2b62e65239a,M9000622,2026-02-19 20:43:33,128.27,295.0
orphan_transaction,efb952f1d91544d0f27c3381b713bc09,M9000623,2025-06-16 20:15:14,21.62,43.0
orphan_transaction,f3d8ca2e512b6b452f378cf69a51564f,M9000624,2026-06-24 04:43:49,38.03,76.0
orphan_transaction,548463906924bd842c346db0469932b4,M9000625,2025-05-06 08:57:40,38.69,68.0
orphan_transaction,fbf1088cab434b57d44bddcd64352991,M9000626,2026-03-28 00:32:17,103.09,206.0
orphan_transaction,b371996fca32a422f1d246e2d0967d27,M9000627,2025-02-01 22:12:12,43.43,100.0
orphan_transaction,c944a8d94be8ae087dfe60089a6d5073,M9000628,2025-11-19 23:51:39,96.02,192.0
orphan_transaction,abefb2820e978e7a8ad2e97207997b29,M9000629,2026-01-18 03:00:36,45.05,79.0
orphan_transaction,18133c9268c98c0093991354696b595c,M9000630,2025-07-02 05:26:50,112.5,259.0
orphan_transaction,690e69254bb5fdada67fcce9fd10984e,M9000631,2025-08-28 11:52:00,115.42,202.0
orphan_transaction,333202bd2342f7a4a808ce10996f159c,M9000632,2025-01-13 20:26:04,27.13,62.0
orphan_transaction,a00165e9db54588a5ff012cd5256708d,M9000633,2025-03-29 04:35:12,57.45,132.0
orphan_transaction,4679c5464e85ac9b0d91d1c1a35ba275,M9000634,2026-02-14 19:26:57,71.57,125.0
orphan_transaction,52dfd3f1ef2a4feaccc01eed08bd5a98,M9000635,2025-07-31 08:14:03,13.87,24.0
orphan_transaction,38eafe747edcc2a52190f8585cd1f4cc,M9000636,2025-05-31 03:16:35,54.3,109.0
orphan_transaction,018cd59c2c2bc36aa67a9878ecb3e270,M9000637,2026-06-04 05:45:29,97.77,225.0
orphan_transaction,dce8cea3d0b21899a2930f66fe0ed6d0,M9000638,2025-11-22 18:51:10,42.99,99.0
orphan_transaction,2526f25371270bc254a468403984d80b,M9000639,2025-08-16 10:19:21,78.15,180.0
orphan_transaction,a1ec05faac79bfd4e4723faa311971dc,M9000640,2025-04-20 20:07:14,59.69,104.0
orphan_transaction,b6fa7fb3e0b01182951b49d3d138d77c,M9000641,2025-11-08 16:40:27,41.41,95.0
orphan_transaction,c7dd4b900f9a2fe503232f6cfe458684,M9000642,2025-03-26 16:31:55,75.02,173.0
orphan_transaction,54720be81164f8964842d1d5a9384613,M9000643,2025-08-05 00:39:54,27.14,54.0
orphan_transaction,6d476bc740ce8d47cf1de0b7c692acc5,M9000644,2026-02-06 05:55:29,44.51,78.0
orphan_transaction,ec24b039c1f77857907a76f08b3eeacf,M9000645,2026-04-16 17:00:04,93.19,186.0
orphan_transaction,fbad6fbcc7e6af373286acec00b51c9b,M9000646,2025-11-21 16:55:50,36.86,74.0
orphan_transaction,018f22856bf566e074391b37122971df,M9000647,2025-09-04 11:01:17,13.87,32.0
orphan_transaction,91be9d33aa3c6ae5d003b8531d613d78,M9000648,2025-06-29 16:04:56,154.27,309.0
orphan_transaction,29566f398c1da98a4bdcd219b019f0b4,M9000649,2025-01-16 11:31:17,54.62,126.0
orphan_transaction,d2bce051ed9472db1b298a11916c3f92,M9000650,2026-05-29 00:00:00,90.67,209.0
orphan_transaction,69c5548264668eff1695a76a263c86f8,M9000651,2025-04-02 08:52:00,103.46,238.0
orphan_transaction,0dd8915d0791593c825379eb289a6403,M9000652,2026-03-20 02:08:40,124.55,286.0
orphan_transaction,ead731f21f9505352020571e6430e562,M9000653,2025-07-15 12:42:41,23.18,41.0
orphan_transaction,9097400b374ba718052fa047da97446d,M9000654,2026-02-24 14:12:07,69.24,138.0
orphan_transaction,58a58dc9bc1c6a7e58528c068196c192,M9000655,2025-12-16 02:45:20,70.73,141.0
orphan_transaction,593fc91fd63610041d44196f7d02b4c2,M9000656,2025-02-27 10:08:00,17.84,31.0
orphan_transaction,6e5f3d465ca036fd3e3a31f91665a137,M9000657,2025-10-12 04:02:56,42.36,97.0
orphan_transaction,4f8b0e1794e11a1d08057d28151c90a6,M9000658,2025-09-21 14:12:47,15.12,35.0
orphan_transaction,d766808c68875b58f01effe688c83aca,M9000659,2025-11-11 10:31:09,106.33,213.0
orphan_transaction,87f0361e1c826cb5e07e516c5a231c27,M9000660,2025-02-09 13:33:21,22.28,51.0
orphan_transaction,30bb5e69c1bb55b24eb7c622dc732b3c,M9000661,2025-10-17 21:33:17,68.65,158.0
orphan_transaction,16d76be8080692b822f3db349133547d,M9000662,2026-06-04 05:51:15,62.17,109.0
orphan_transaction,0d3cf5896fb0a93c352b62b79ea89e6b,M9000663,2025-03-26 13:29:34,55.3,97.0
orphan_transaction,08a87ab05adae1c27eda002d4695e4ea,M9000664,2025-10-03 17:11:12,51.58,103.0
orphan_transaction,756dbe549e9c7ebb0ff1bf61f4ece978,M9000665,2025-05-04 07:21:51,45.42,91.0
orphan_transaction,b3c8ae15e1704b8eee58ea3b6f02815b,M9000666,2025-11-08 14:32:41,30.24,53.0
orphan_transaction,1e5ba14b77dfaefb3b5492ef6664cef3,M9000667,2025-05-04 21:47:10,28.04,64.0
orphan_transaction,ef59e7f41deb587c3c5414f449202ed0,M9000668,2026-04-30 00:43:01,58.25,102.0
orphan_transaction,6929539b46a1a3e982953233dc62ab50,M9000669,2026-01-14 00:08:44,72.53,145.0
orphan_transaction,067c1df816dd669116aacce3fc3dbe5b,M9000670,2025-10-28 10:11:12,36.81,85.0
orphan_transaction,c536ab46b239b8b46dbee9b093ab8fe2,M9000671,2025-11-13 20:47:26,40.89,82.0
orphan_transaction,a73a5c1ee332b87e6bdd90b3f99e4608,M9000672,2025-08-28 01:42:22,33.62,77.0
orphan_transaction,1ef75b4044cee1f2cd1e7659a7d9fd45,M9000673,2025-03-25 01:44:24,48.62,97.0
orphan_transaction,276775540b60eed6479128854d0407a5,M9000674,2025-07-11 16:12:04,41.08,72.0
orphan_transaction,3a7dc464e4e4925413586cdf3f6080af,M9000675,2025-02-07 09:47:41,36.6,64.0
orphan_transaction,e5b33089b9f3c394f38b7b2a8f14d972,M9000676,2025-01-28 09:03:05,97.06,223.0
orphan_transaction,c0e8a1dbe861b6965e184f63910692b9,M9000677,2025-02-21 15:55:40,30.06,60.0
orphan_transaction,61783867234e86a3a7a561016f08541b,M9000678,2025-02-26 04:28:29,125.59,251.0
orphan_transaction,c8e5158abb18125bf236fc85374a0ee3,M9000679,2025-09-20 05:19:26,86.59,152.0
orphan_transaction,1df2228d3a223bf34945b88d0c438548,M9000680,2026-06-14 13:43:23,32.39,74.0
orphan_transaction,ef3b8ff305140ba69f1e52949c784cf1,M9000681,2025-11-16 14:34:36,51.35,103.0
orphan_transaction,749ba5404cc4e07fedea0d08abb79235,M9000682,2026-03-09 01:46:45,132.58,232.0
orphan_transaction,9915ff9fc5006f9098f1e1e43b282564,M9000683,2025-04-26 12:56:26,69.31,121.0
orphan_transaction,1f09ecace30ddcc5b5f5d6d1f51cf80a,M9000684,2025-03-27 12:58:15,55.7,111.0
orphan_transaction,25b379cfb7bac1aa751cde4c789820b4,M9000685,2025-12-09 00:00:00,33.78,59.0
orphan_transaction,cd14538bdccdabb7526cbd7cfcadf1c1,M9000686,2025-03-06 12:04:05,43.96,101.0
orphan_transaction,24ae861ce79cff799c0979936212d5b9,M9000687,2025-12-30 13:36:52,41.72,73.0
orphan_transaction,aadf24924915621f91c37f46f3efbab8,M9000688,2026-05-26 22:39:24,48.69,97.0
orphan_transaction,b45a041f3467870794c3526af6c4a6ad,M9000689,2025-01-10 12:00:39,46.36,93.0
orphan_transaction,9da5324059f60047b3e49461fa48cc5f,M9000690,2025-05-16 12:32:21,65.56,115.0
orphan_transaction,37b71523b1b255ece18b1a771a3d5ef4,M9000691,2025-11-27 04:51:11,80.22,185.0
orphan_transaction,ea755e0761d2ac48b6d9c3a0796ce972,M9000692,2026-06-21 05:11:15,16.15,37.0
orphan_transaction,d6a5405da481c2d125dd8da2390d1de9,M9000693,2026-05-25 16:55:13,84.81,170.0
orphan_transaction,48f2dad5f35c31725685fc39032d4fa6,M9000694,2025-10-05 22:48:16,32.63,75.0
orphan_transaction,70ee625ffda4faa7870120f59d0cded9,M9000695,2026-06-19 06:23:52,217.37,500.0
orphan_transaction,d2a98c876c534015b8e7eda295eaf417,M9000696,2025-03-03 23:39:08,40.04,70.0
orphan_transaction,3ed149d6e8c61d1e2752c1048db2ceca,M9000697,2025-07-03 02:18:31,38.99,90.0
orphan_transaction,b501a7e5a6fcd4d376824a8563332fdb,M9000698,2025-03-10 08:41:43,29.92,69.0
orphan_transaction,96b99bda92fa3636cd299f921e1d9070,M9000699,2025-08-17 20:09:25,136.55,273.0
orphan_transaction,faa408c60ad6d4655ac77ca59c778de2,M9000700,2025-04-18 03:46:17,25.37,58.0
orphan_transaction,1c6505e87af34cf9143764beb85fd566,M9000701,2025-09-24 14:17:48,92.47,213.0
orphan_transaction,bef071c342b096a3c74eb8ac3dcfb9b7,M9000702,2025-06-03 18:46:39,62.01,109.0
orphan_transaction,3d2e5c6351e2a254c90fa7a420057083,M9000703,2026-03-25 23:15:47,11.46,23.0
orphan_transaction,38f969a5c85efb28f69a5d98b0816901,M9000704,2025-12-28 16:57:54,78.44,180.0
orphan_transaction,bcb5ae53ee55dcc04d94af23ffff7c72,M9000705,2026-05-31 11:52:48,15.36,31.0
orphan_transaction,dbf06b298a03c199948add09e1987c4e,M9000706,2025-04-19 01:15:56,43.13,75.0
orphan_transaction,af59f61b2de0a7ee102c9a5c7b8fa6d9,M9000707,2026-04-04 11:34:15,50.08,100.0
orphan_transaction,cb5092d838f3e82afe42de08d23784fd,M9000708,2026-01-04 02:38:19,41.93,96.0
orphan_transaction,554390f384e4c8e7dfd0a1834fdd956a,M9000709,2025-07-06 19:40:29,89.07,178.0
orphan_transaction,a1bea89b8d98c5118ade6d44accf6f83,M9000710,2025-03-31 07:36:53,74.99,150.0
orphan_transaction,8c9175b7d735e555f0b6f593da4509e4,M9000711,2025-05-16 03:41:50,18.98,33.0
orphan_transaction,d341d5f9d4d4a6edf27da7aa74aa6ac7,M9000712,2025-11-10 08:04:33,46.25,81.0
orphan_transaction,eb74767d565576a8771cc55374347df9,M9000713,2026-01-15 23:36:15,72.42,127.0
orphan_transaction,45d85d4dd111900e52a9a06be343a443,M9000714,2025-01-10 08:42:48,60.72,106.0
orphan_transaction,390490269067bbaddfb5e1163109f042,M9000715,2026-02-08 00:00:00,48.71,112.0
orphan_transaction,9ef092b0a7e50f4d75601800dfb02433,M9000716,2025-03-12 01:29:49,90.44,158.0
orphan_transaction,45ceea8d259fe007326add066d46dce7,M9000717,2026-02-26 20:16:20,92.19,212.0
orphan_transaction,f01357f5915a163c3a0097fd5bbd9aca,M9000718,2025-01-31 16:00:56,56.93,131.0
orphan_transaction,1d8eb3084eea4a5cfefdb08e613542e2,M9000719,2026-01-19 18:09:46,17.44,40.0
orphan_transaction,f01ac9be905a387a4430f1bc2151abb1,M9000720,2025-10-11 07:55:48,116.39,204.0
orphan_transaction,216894e468021bf4942b79b7aae7a5d6,M9000721,2026-05-09 00:43:46,38.49,89.0
orphan_transaction,e2a319c27dc35921406f32dfd3b933eb,M9000722,2025-07-19 04:53:53,79.86,160.0
orphan_transaction,7f412a82ddc4620daad128707169c650,M9000723,2025-05-28 03:32:49,13.48,31.0
orphan_transaction,31f85ec8482f73c7b38853cb9abdacc5,M9000724,2026-06-08 14:17:30,57.72,101.0
orphan_transaction,eb3f1eb3fee9008a130908f657e87d00,M9000725,2025-08-31 01:19:35,43.69,76.0
orphan_transaction,598f43b3b494e884c1a50d83848bf988,M9000726,2025-06-12 07:32:54,17.33,35.0
orphan_transaction,3777a4ef55debeb985be832d170d2a75,M9000727,2026-03-02 15:49:26,38.28,67.0
orphan_transaction,2967eca99289ff6960c6a39312ceda9f,M9000728,2026-02-22 08:11:34,69.09,121.0
orphan_transaction,e46f265fe30b9669ef4e41aaf291ba9c,M9000729,2025-05-08 20:24:25,23.51,41.0
orphan_transaction,a46c0bf6ce16bedfed03c5ee90b43d52,M9000730,2026-05-18 17:39:47,51.35,103.0
orphan_transaction,d11d5405975aeb0319bef36ba6b6cc39,M9000731,2025-01-24 21:32:56,25.66,51.0
orphan_transaction,74e64761971f84c195c9d94d0f029713,M9000732,2025-12-17 23:17:39,72.42,167.0
orphan_transaction,fb7000946efd62ef3946c0f4e1220822,M9000733,2026-02-15 21:48:42,28.7,57.0
orphan_transaction,bcc3fdd5167f9b0880d9f198cb5b2fb4,M9000734,2025-11-18 03:33:42,45.44,91.0
orphan_transaction,c556d57b6a03a1b40bfb3340795121f3,M9000735,2026-04-24 02:25:36,38.86,78.0
orphan_transaction,02ac9a1d329cf712115dea48414fa7fc,M9000736,2025-03-31 08:22:52,117.69,235.0
orphan_transaction,1a85b9c0d876f724644cf55295512d0c,M9000737,2025-08-23 08:08:44,33.8,68.0
orphan_transaction,5116c5c902f573589e1acca317d6378a,M9000738,2026-06-18 08:36:23,179.61,359.0
orphan_transaction,b5b100772e39affe46192b766180f0d3,M9000739,2025-09-15 22:26:39,38.18,88.0
orphan_transaction,1b3b734a02fa4d647fb02c0bd2a56593,M9000740,2025-01-24 00:57:54,40.66,94.0
orphan_transaction,894dfd97e3235e60cf99b37c9f758ef0,M9000741,2025-09-25 01:56:38,86.6,173.0
orphan_transaction,70f859d6a47378d856bab6e6a347823f,M9000742,2025-11-27 08:25:19,64.16,112.0
orphan_transaction,d036e616d1e9862ff738c5e4a9af9242,M9000743,2026-04-09 10:25:11,15.32,35.0
orphan_transaction,6952bbcd62f5f233ddd0a38855dda0b3,M9000744,2025-04-18 17:29:44,42.89,75.0
orphan_transaction,60ea852ea4bc4d2ace1f7f921755dd9e,M9000745,2025-07-26 00:36:16,139.0,278.0
orphan_transaction,677a0d90a3b6044b6ebf32feb462459b,M9000746,2025-02-25 14:11:12,24.18,48.0
orphan_transaction,0e9e833be928b2d7ce2be05e0f9a9f4a,M9000747,2025-08-07 03:43:27,66.93,117.0
orphan_transaction,86f9e638eccb0f8fa80eb66628f66f3f,M9000748,2025-02-20 15:59:39,36.03,63.0
orphan_transaction,c78d245f4e014a08f63d8bb501d587cd,M9000749,2025-01-25 15:54:08,61.69,108.0
orphan_transaction,f7f98205be57981d67c9c4bb9c7ac418,M9000750,2025-10-28 20:36:31,78.3,157.0
orphan_transaction,975713962dff155f937616ea28aed7c6,M9000751,2026-05-28 16:08:26,14.77,30.0
orphan_transaction,7f5ee0a1d4b4f40a6392939a1910da91,M9000752,2026-06-22 10:01:10,71.99,144.0
orphan_transaction,0a5d71429a3bd2dcc2902db8e003340d,M9000753,2026-02-16 07:52:44,39.67,91.0
orphan_transaction,6fcdf7b6977c2afe435958fae32ea43b,M9000754,2025-05-29 22:04:51,111.7,257.0
orphan_transaction,73e68eb92920436122d5a8939b42ffd7,M9000755,2025-12-04 07:24:20,85.86,197.0
orphan_transaction,76c57452c237074f94183b2bd39daa8d,M9000756,2025-07-06 04:33:32,60.82,140.0
orphan_transaction,dae6bfe87e5109ca8b6fcbd9f547dbc0,M9000757,2025-07-14 02:22:13,46.38,93.0
orphan_transaction,b61f01b3673197afb85b31d8ca925009,M9000758,2025-09-20 11:30:51,69.4,121.0
orphan_transaction,c6f5cd180d56309b9fe7b455e95727ad,M9000759,2025-03-10 18:55:12,48.25,96.0
orphan_transaction,d1e0fc2f03984bf2665d78f1f4d0389c,M9000760,2025-11-21 22:07:35,26.71,61.0
orphan_transaction,30a45424c6d0247dc81460d7aa5f1f25,M9000761,2025-02-28 09:55:09,51.07,117.0
orphan_transaction,74006864f33176008ed952a1d1ebe673,M9000762,2025-12-25 01:40:15,70.77,142.0
orphan_transaction,6f4882c91c78b2f45a09898080215b4c,M9000763,2025-04-28 08:50:00,71.64,143.0
orphan_transaction,242ee7a86011a110c0b237ea53f750a1,M9000764,2025-03-11 09:00:13,69.37,121.0
orphan_transaction,a8a303eeecf10d0bdd867837520bc723,M9000765,2026-05-03 19:01:47,43.82,101.0
orphan_transaction,b2833d64bb6835e90a53d042052cac60,M9000766,2025-02-03 19:15:08,28.45,57.0
orphan_transaction,9f34b756e80e0ef1b331df890f8ab85e,M9000767,2026-05-11 23:12:00,53.47,123.0
orphan_transaction,7aab66883be9e35953b3c176a865789e,M9000768,2026-05-24 23:04:54,51.22,118.0
orphan_transaction,0a969f0bfad8cb23a1d5618568aa1cbf,M9000769,2026-01-27 23:37:39,39.01,90.0
orphan_transaction,eda751530dc5163b6bdfd1e0d493869e,M9000770,2025-05-04 15:15:16,63.54,127.0
orphan_transaction,68cade51238e6b1c031b6c3752a8b9ad,M9000771,2026-05-10 17:44:13,108.38,249.0
orphan_transaction,8a0152a370adb4a6236bce5ed40f2d95,M9000772,2026-03-27 00:05:33,90.65,181.0
orphan_transaction,ee4215a43bda4c2e56a99fe89961fb97,M9000773,2025-03-23 11:03:33,80.97,162.0
orphan_transaction,5816c3b3628c4ee373bfd32b40b1a25f,M9000774,2025-08-02 08:57:07,115.57,202.0
orphan_transaction,ecfb0c8f2ba285feb9f37a08181c25ff,M9000775,2025-07-27 10:55:42,57.4,100.0
orphan_transaction,765f7d88defeff29c54ee1fc87d20b3b,M9000776,2025-02-13 18:23:22,33.34,77.0
orphan_transaction,ba5a865826a6937bdc61006e1f0e4b21,M9000777,2026-02-07 09:11:23,20.82,42.0
orphan_transaction,f7609763f0e62b7aa0e248bf5b65e799,M9000778,2025-03-27 10:23:41,50.01,100.0
orphan_transaction,f95234388a1d5ecf3a15e0d92a5a8174,M9000779,2026-01-02 17:07:13,42.35,97.0
orphan_transaction,2cf2b990db6f3c5b590a3023c3dff8d4,M9000780,2025-05-22 21:51:05,87.09,152.0
orphan_transaction,a727081f99832511009d256a3286bd37,M9000781,2026-04-09 15:14:51,46.45,81.0
orphan_transaction,0907ba3ae01d20d179921c6ce5e8a53c,M9000782,2025-12-07 20:14:05,81.12,187.0
orphan_transaction,7b01c59c9f9ecfcda328c0faf2594823,M9000783,2025-09-02 12:26:13,55.79,128.0
orphan_transaction,da592669938ed9e0b2ffbcf5b6c9eeca,M9000784,2025-04-30 15:01:12,59.69,104.0
orphan_transaction,19edb3d69fe6059eb1b6d3fb8ef8d8db,M9000785,2026-04-25 05:11:07,33.98,78.0
orphan_transaction,fc98cb2a22100b672e96f5b789aae059,M9000786,2026-02-09 00:29:37,119.08,274.0
orphan_transaction,f3da8e4d98f1cbf9da5b7e748ab6d5c2,M9000787,2025-11-28 15:42:41,36.76,85.0
orphan_transaction,94e182e83870b237aeb699aa3614df21,M9000788,2025-03-03 21:23:34,48.99,113.0
orphan_transaction,9b486bfeb786e03f30c595e2aa1e1871,M9000789,2026-06-08 18:19:33,40.57,81.0
orphan_transaction,67d0390bcda8a9a1e6cf0206c839872e,M9000790,2025-10-26 09:59:21,39.14,68.0
orphan_transaction,9f7f52e7aac03612b38795676147907f,M9000791,2025-04-29 16:36:24,22.37,39.0
orphan_transaction,b75d6a112ca1e174dbb7ab0dc381385d,M9000792,2026-01-20 13:52:29,38.68,89.0
orphan_transaction,bedb1eec6f03b3166c3082f3f6937b9a,M9000793,2025-08-24 06:26:12,109.08,191.0
orphan_transaction,08c3f1aa842ce680a42557c459ae8ee9,M9000794,2025-09-24 15:51:54,38.01,87.0
orphan_transaction,267a3dcbce372bc95b01b9ca4a97f93d,M9000795,2026-06-23 17:59:31,48.38,85.0
orphan_transaction,bbaecbba9041b9a7751c13af5dfffc66,M9000796,2025-11-11 01:59:29,66.25,152.0
orphan_transaction,b0c2dc60dcd35a38a3d60191751bdebd,M9000797,2025-05-26 12:54:59,60.99,140.0
orphan_transaction,a4b2ac631bd02d28a938e1326f7f4f0b,M9000798,2025-01-06 03:36:47,59.65,104.0
orphan_transaction,a467bc29736793e17c85e0593642ebee,M9000799,2026-03-04 09:18:33,32.93,66.0
orphan_transaction,e5e8c98cac6b2ac82154b223b424f3f8,M9000800,2026-04-11 05:42:19,36.82,74.0
orphan_transaction,791a003f95e6fbb072a1ecefea8944df,M9000801,2025-04-28 07:55:57,99.15,228.0
orphan_transaction,07f18f8b42988e02aa5b016b3274cd0c,M9000802,2026-02-26 10:04:04,51.3,103.0
orphan_transaction,e31ee06056bd41b87d14e62bf6a5046c,M9000803,2026-05-02 04:32:03,55.57,97.0
orphan_transaction,1696b57f3f3e93b42dcc439164e9f02e,M9000804,2025-09-30 01:34:42,119.19,209.0
orphan_transaction,379559e53f56237be1790e7d5212ac12,M9000805,2026-01-29 19:22:47,50.56,88.0
orphan_transaction,ef4a2a6475ae5eaeccf20bd53e7dc5dd,M9000806,2026-02-25 09:17:53,23.05,53.0
orphan_transaction,caec73e2b766574ca9a1b227bf43b853,M9000807,2026-01-15 16:23:56,45.17,104.0
orphan_transaction,2679a8ad4626b93fd445e1f51c411e80,M9000808,2026-06-04 08:07:53,35.98,63.0
orphan_transaction,c45c33817bc8b277700c645cb0a9842c,M9000809,2026-01-11 02:15:07,28.45,65.0
orphan_transaction,5dfd6ae0bbe1937fe685eca71e1848f5,M9000810,2026-04-25 04:49:45,63.74,112.0
orphan_transaction,f73d8d179cfd30c96991bd96bf7b6088,M9000811,2025-01-26 13:35:17,46.38,107.0
orphan_transaction,9aa6408e6ef9699fffd3bd3f61fa585c,M9000812,2025-08-18 00:01:24,107.39,247.0
orphan_transaction,fe349cf54b70cc426f101bd9e83960c8,M9000813,2026-01-30 05:53:49,87.55,201.0
orphan_transaction,afee5c9ade402f67b2e55b3a0a6cc92c,M9000814,2026-02-14 19:02:50,35.63,82.0
orphan_transaction,2264082afaf5df2eb090fd0a5a3740a5,M9000815,2025-12-16 06:37:41,56.76,99.0
orphan_transaction,1ee8d13a09d4157ef357e44fef14b3a9,M9000816,2025-01-15 21:21:22,46.79,82.0
orphan_transaction,358f16dccf993dfa137a657e62310eec,M9000817,2026-01-21 06:13:23,132.33,265.0
orphan_transaction,f2290a3c89f018ce7ff38614274fa202,M9000818,2025-05-06 00:00:00,40.53,93.0
orphan_transaction,9a05087dd41015ff4ab3246d52a701c5,M9000819,2025-02-09 06:12:32,93.47,187.0
orphan_transaction,f39f92ec98a0122a6709aefc75e51973,M9000820,2026-05-31 08:32:24,86.18,172.0
orphan_transaction,0e380312bb0ccb12391bb032e97eed39,M9000821,2025-08-07 05:40:50,33.53,67.0
orphan_transaction,6a1a25dc8c7862785c4a47110070ca04,M9000822,2025-06-20 09:44:43,36.62,64.0
orphan_transaction,5b27dbd0f2f785c520e5e221f2bc56df,M9000823,2025-08-22 13:56:43,19.05,33.0
orphan_transaction,6ce570d3ca05549f73eebf1b6ecb4c4a,M9000824,2026-05-30 18:30:35,67.73,135.0
orphan_transaction,289cb79a88eb592983603b7d6dd3abbd,M9000825,2025-08-12 09:40:37,80.82,186.0
orphan_transaction,7b559a4ea0be7f86356895bd0d905799,M9000826,2026-06-25 19:37:29,29.95,52.0
orphan_transaction,899cf92aa759d2ce36d79a347f65896d,M9000827,2025-05-19 17:13:59,195.91,451.0
orphan_transaction,bf3fdbe7de6cdf73a3cc61dd5b46d0d5,M9000828,2025-03-07 12:22:03,124.53,218.0
orphan_transaction,2791218ed1ef9a063116053e6ff4b8dc,M9000829,2025-02-27 10:17:50,69.02,121.0
orphan_transaction,e5898527cc07dc66ba88ca82d5d75d96,M9000830,2026-01-04 11:36:53,38.16,76.0
orphan_transaction,27ae344b14e05489c90b5e7e8f1e2a2d,M9000831,2025-06-29 03:13:08,48.64,85.0
orphan_transaction,d6ec78f3141e2837c8bac6071d359d53,M9000832,2025-03-13 07:25:11,61.26,123.0
orphan_transaction,2e25948d226046d1d23c47b1c6ab3208,M9000833,2026-01-13 06:10:15,30.22,53.0
orphan_transaction,e9f0f5b7703ee96f5a7458b76f04147f,M9000834,2025-02-17 04:01:35,6.14,14.0
orphan_transaction,778413fffeeb50df035af1484b1ef802,M9000835,2025-07-13 11:23:28,41.29,72.0
orphan_transaction,cdb54b76ffb7811d97f4350a236b3d02,M9000836,2025-09-27 20:01:52,123.73,247.0
orphan_transaction,9dfe850c73692bd39a46688495a47f01,M9000837,2025-06-23 06:44:05,195.03,449.0
orphan_transaction,355e46dbd0c87df0899bce9dc8402646,M9000838,2025-11-13 09:45:47,62.62,125.0
orphan_transaction,e99ce368a732e96050c07d6085155b57,M9000839,2025-04-14 21:52:42,77.31,135.0
orphan_transaction,83a5e9782586e0aa7ba29f5308634070,M9000840,2025-09-25 19:42:09,41.53,96.0
orphan_transaction,49ef53be373e4720dc5ae9ec30191aac,M9000841,2026-03-09 17:08:03,76.45,153.0
orphan_transaction,3968fa8e7ea96fc411918901b19222c5,M9000842,2026-02-15 23:36:34,40.71,71.0
orphan_transaction,e6ab0f11ed44e41a0ac26644578b5207,M9000843,2025-06-23 01:08:12,75.82,133.0
orphan_transaction,193a4dc9003148fa976a3ed2ac38d273,M9000844,2025-10-02 14:03:40,83.61,146.0
orphan_transaction,9bb98ae6eb4caf1f4546719ad6500997,M9000845,2025-08-03 09:00:25,127.58,223.0
orphan_transaction,e0f440855c8fe1c60699cda64cf9b76d,M9000846,2025-07-04 07:13:32,81.59,143.0
orphan_transaction,3f25bdaae5602fe9214e69852ea932ac,M9000847,2025-12-07 02:06:30,51.46,90.0
orphan_transaction,c936b8a4c7cab9a8645db61f096f05ba,M9000848,2025-03-07 21:54:02,35.18,81.0
orphan_transaction,b7a4d19b8191e441221fc0801713f4f6,M9000849,2026-05-03 18:38:46,88.82,155.0
orphan_transaction,28b5f644466d49dea6c89a786d8761a8,M9000850,2026-01-05 22:49:56,58.19,134.0
orphan_transaction,ec26c4bd9ec771b7d93ca2c5218ac5ae,M9000851,2025-02-04 18:36:12,62.88,126.0
orphan_transaction,0001d241e293fc460fca0e0db980571d,M9000852,2025-12-15 09:35:53,21.93,38.0
orphan_transaction,f06e9ba62f819a65b47b233df5888544,M9000853,2025-08-26 06:57:34,84.42,169.0
orphan_transaction,d88982f56a0ea786aa29d3c2a041a22c,M9000854,2025-08-09 18:46:12,31.18,55.0
orphan_transaction,6bb8892c88e2a5d5d38cca3f4e5456bd,M9000855,2025-01-11 05:06:51,39.39,79.0
orphan_transaction,229bf0d47f5fd4e371fccc03cf70b36d,M9000856,2025-12-09 12:21:34,51.01,102.0
orphan_transaction,7e373fc2b197ef45b9a074b2fa1ed04a,M9000857,2026-04-28 05:02:58,59.07,118.0
orphan_transaction,66904e4fb7064719db31e480373060e0,M9000858,2025-07-03 05:04:31,121.54,280.0
orphan_transaction,6c55e7cdbb44782284412f5a9197ab69,M9000859,2025-08-09 19:37:52,72.58,145.0
orphan_transaction,18f6aa77f7add86090e9a65b7574214e,M9000860,2025-03-18 09:39:59,40.04,92.0
orphan_transaction,21dd51bd16608167fac7787ab905035b,M9000861,2025-06-03 23:21:37,40.87,94.0
orphan_transaction,b2c1c69f5ca870ad76b9f802b873025d,M9000862,2026-01-16 02:50:48,47.44,83.0
orphan_transaction,f1a2b04f347e5ca044fb1eeeb3fc39a9,M9000863,2025-11-11 00:40:37,308.78,618.0
orphan_transaction,f5992f17a7101afc3b26e92b915719fa,M9000864,2025-05-12 10:43:11,67.59,118.0
orphan_transaction,631abec2e1da06d6f785ea1a951e67c4,M9000865,2025-03-05 01:58:49,13.03,23.0
orphan_transaction,51c67a8e1d60fc95d7176d9fdb1d2dbf,M9000866,2025-06-03 21:03:08,64.01,128.0
orphan_transaction,144710f08c79033864ccea923587b9e1,M9000867,2026-03-19 23:58:35,22.78,40.0
orphan_transaction,d998a998ae81bc4d7e5a0f11675b8dbe,M9000868,2025-08-01 05:02:58,74.16,148.0
orphan_transaction,a082a9048043cd55903a14f3e3fa750b,M9000869,2025-10-28 02:54:50,82.22,144.0
orphan_transaction,120debfd15ae045f84778c65794f8990,M9000870,2025-09-22 11:51:34,32.99,58.0
orphan_transaction,721195f9dffd17fd199356b7f541563b,M9000871,2026-06-18 23:14:06,61.8,124.0
orphan_transaction,3110cd245ccd41a89fab5fd990b94347,M9000872,2026-01-15 07:20:56,94.35,165.0
orphan_transaction,df2024f88e1e6e9fd8ea68501b61876c,M9000873,2025-01-04 05:17:21,76.27,175.0
orphan_transaction,e126e83b799fa537606cd27077f702a0,M9000874,2025-01-24 20:04:43,77.81,179.0
orphan_transaction,6af601bfa204fe5c434d223aa4d4e8be,M9000875,2026-02-05 00:54:11,116.89,205.0
orphan_transaction,60eaf6afa0ec7de887e2a27fdbb1733e,M9000876,2025-09-18 14:21:11,67.56,135.0
orphan_transaction,97425fb4559cf28ac4edbcef85ca3124,M9000877,2025-08-06 13:05:52,44.76,90.0
orphan_transaction,b605a72e3790d47186ddc36aa694fd1d,M9000878,2025-11-10 07:10:30,108.81,190.0
orphan_transaction,551f815c881eb0c710c9bd5793625a71,M9000879,2026-06-15 20:21:45,152.09,304.0
orphan_transaction,4d0ee0bba7e5486584c6d4c796e32f58,M9000880,2025-03-26 22:16:12,27.97,64.0
orphan_transaction,eb054a2e76412ff7459b15a55d904545,M9000881,2026-03-05 08:13:49,77.95,156.0
orphan_transaction,1a9d37f85990ad06f8cfc9188b963808,M9000882,2025-07-12 02:23:12,114.46,229.0
orphan_transaction,ec057d81dd520c13b0ff35704c6f0eab,M9000883,2025-07-06 00:30:19,26.7,61.0
orphan_transaction,789d9f1d78e98914dd18a5643d14739f,M9000884,2025-08-19 15:30:51,50.38,101.0
orphan_transaction,2213f1c188e3d01406798dd39b51cbdb,M9000885,2025-04-18 22:39:22,41.36,95.0
orphan_transaction,0674067b82f12e7da7cd6895f95fff3f,M9000886,2025-12-10 18:25:12,58.85,135.0
orphan_transaction,d098d3fe4ebbc994ce0e373c7760c01e,M9000887,2025-04-06 00:38:35,123.42,247.0
orphan_transaction,269e564e746aeca4fdd402da59d5f2e4,M9000888,2025-04-16 11:16:47,67.16,134.0
orphan_transaction,7178176a0e9f3678bc76fa50bbf578f8,M9000889,2026-02-23 18:53:28,44.17,102.0
orphan_transaction,52db7382a90e1615587e19f7ae54e3e3,M9000890,2026-04-15 05:54:26,12.84,26.0
orphan_transaction,d74f18725455f163b9ba4304741aed1a,M9000891,2025-05-12 00:41:44,28.54,50.0
orphan_transaction,cc5ac291825a017dd6246969ed8a40ed,M9000892,2025-11-08 06:57:20,12.45,22.0
orphan_transaction,c6bbf1745e26e5a85267bfe99d11531c,M9000893,2026-06-21 23:26:16,126.01,221.0
orphan_transaction,b437b53fc2f35449ef3cc54384156791,M9000894,2025-03-01 01:40:57,29.12,58.0
orphan_transaction,6b01db6fb67e92826024c5756e3a3058,M9000895,2025-12-19 16:14:06,81.07,162.0
orphan_transaction,8613b4a1a2a8a69e5fde24ad3f474b7a,M9000896,2026-06-01 07:08:19,82.66,165.0
orphan_transaction,a193d610201ab2921dc787df7466d7b1,M9000897,2025-08-11 04:17:03,58.99,118.0
orphan_transaction,17cfc04c6d9c9da46792c9e87b0855a3,M9000898,2026-04-21 02:25:39,38.84,89.0
orphan_transaction,43edf12014e30af025cd461ad0ed511c,M9000899,2025-10-16 17:49:05,59.58,137.0
orphan_transaction,93613ad741896bfccc288305f4a374e4,M9000900,2025-08-31 07:52:53,38.02,87.0
orphan_transaction,3aee7fc443360cbbe7c4ea26970f29a7,M9000901,2025-07-28 09:04:07,48.17,96.0
orphan_transaction,f1ba168ca257f6565a5d52b1cd1f3459,M9000902,2025-04-17 07:07:34,99.18,228.0
orphan_transaction,951d89b2207c93ce8eade738f49d8b99,M9000903,2025-07-23 22:23:10,105.29,242.0
orphan_transaction,adf09fc2bb103c437a1d43a1ba257805,M9000904,2025-01-02 03:37:21,62.89,145.0
orphan_transaction,7811cce0673577392b61055adaaa4e75,M9000905,2025-02-08 19:33:21,96.45,193.0
orphan_transaction,218a2849f3ac43a123604a41bea19b7a,M9000906,2026-04-20 21:08:36,62.35,109.0
orphan_transaction,056e8b7e0b30706ca2bbf99cc021c37e,M9000907,2025-07-25 03:11:55,39.01,68.0
orphan_transaction,269d09097c4f45e39632d880ec0d87fe,M9000908,2025-06-12 01:24:28,29.63,52.0
orphan_transaction,a27f60cb74697411e33e16c89ec88ca0,M9000909,2025-05-23 03:18:19,60.17,105.0
orphan_transaction,711f048b828134ee7bdfb90c68c48a17,M9000910,2025-04-27 08:37:52,54.83,126.0
orphan_transaction,2fc34a9cdf625055811e65494958e5a4,M9000911,2026-06-06 01:26:34,46.85,108.0
orphan_transaction,f2cc3e1eb289c4ec6db132d87c62d5c9,M9000912,2026-06-13 18:39:24,129.17,297.0
orphan_transaction,0ea17d35a858c258a3b9f39548970ad4,M9000913,2026-06-13 05:00:33,157.15,361.0
orphan_transaction,57d017a211eb2dbced8083faf42f714f,M9000914,2025-05-04 00:00:00,35.03,81.0
orphan_transaction,a972ad1f31f09e5dc3b7d106cddb48eb,M9000915,2025-11-16 01:38:37,141.73,283.0
orphan_transaction,2ef81fc028db6bf69c289f14f73fe0e9,M9000916,2025-06-17 12:00:40,57.51,101.0
orphan_transaction,6c3a8284f6989ef9fc87f83f484831f8,M9000917,2026-04-01 10:24:44,27.01,47.0
orphan_transaction,c60f1a4fde9f915def398e22a068ed75,M9000918,2025-03-24 02:48:33,81.75,188.0
orphan_transaction,c6df7b21923de2645353895b0a8a1c2f,M9000919,2026-05-19 18:44:19,28.92,58.0
orphan_transaction,9966680009b75d16c2f51de4a06910b9,M9000920,2025-08-31 22:26:02,108.42,249.0
orphan_transaction,75f1145946a3e160d4e7e0f206006d75,M9000921,2026-01-21 20:41:08,20.5,47.0
orphan_transaction,ad1401b2c2a6ce7c1f5498125b93c426,M9000922,2025-04-02 12:11:14,57.55,132.0
orphan_transaction,058240b69919a1b1d0a4731a8764ae67,M9000923,2025-06-21 06:42:43,55.45,128.0
orphan_transaction,674f889cb2262ec914ed7dfaccfaf8b0,M9000924,2025-08-06 05:02:41,76.04,152.0
orphan_transaction,7cc52786515aeb350bd6904505814a99,M9000925,2025-02-21 17:51:46,34.82,80.0
orphan_transaction,072c867536a713ef1a4a63f7869cf6af,M9000926,2026-04-21 18:42:09,94.24,165.0
orphan_transaction,a488988739522d3be31623acf0f2d8e4,M9000927,2026-02-13 11:04:50,32.59,75.0
orphan_transaction,92dd2c174069fe0d85202dc0a4d3672e,M9000928,2026-01-13 17:04:44,98.46,226.0
orphan_transaction,fa01257f168c25050f81ce98d21bf268,M9000929,2025-01-04 22:45:17,28.72,57.0
orphan_transaction,ab13ca1602e32f577c2d50294e293a64,M9000930,2026-05-31 18:19:38,47.66,83.0
orphan_transaction,35cb3f61945f38d79f5f16d9c740ac8e,M9000931,2026-02-08 07:56:52,30.84,71.0
orphan_transaction,ed14f3b27279e41904ad0cf5a7807824,M9000932,2025-11-14 11:55:46,24.83,57.0
orphan_transaction,6b0dfb2ce3818a5c1910dcb8e9211c1c,M9000933,2026-05-17 07:21:48,49.62,99.0
orphan_transaction,43234af26217f7d6529be918fe139452,M9000934,2025-03-05 09:15:23,97.72,195.0
orphan_transaction,0262a88c1e76838145c98b8960ac9a5f,M9000935,2025-02-22 04:44:56,93.45,215.0
orphan_transaction,454c36bcce9b5a4de2a104d04484f675,M9000936,2026-06-05 00:04:52,22.65,40.0
orphan_transaction,1227da30be790033b66a140981573a57,M9000937,2026-03-01 10:19:30,39.41,79.0
orphan_transaction,484a83ff3bba6118a66d94c02b037d3d,M9000938,2025-04-18 17:29:11,65.54,115.0
orphan_transaction,44e1e3c0f9ce42c3ad09174ea337748d,M9000939,2025-09-24 06:00:31,41.97,97.0
orphan_transaction,7f3d2db2921a5aee7367e908d3347950,M9000940,2025-12-13 12:59:37,76.56,134.0
orphan_transaction,dc38c2e20d0d4b00913bc4113db395f6,M9000941,2026-02-24 20:07:54,74.28,130.0
orphan_transaction,09e1fb6c450dd6f25aef0a5ddfa6dfef,M9000942,2026-05-05 04:02:43,15.51,27.0
orphan_transaction,ab154ae46cdf3cbe5661f45bccd1298a,M9000943,2025-01-14 06:25:15,61.97,143.0
orphan_transaction,b1f5962af1d1876ab176eba6acf1846c,M9000944,2025-10-01 12:56:43,33.64,77.0
orphan_transaction,96a5e9080ab3ac587a4a9e7e725e6765,M9000945,2025-07-27 14:37:50,43.76,88.0
orphan_transaction,cfcd6f8abc8a735890e408683288baef,M9000946,2025-09-21 05:36:08,74.21,148.0
orphan_transaction,b98f837b1b28c8b267532aacda9cbc65,M9000947,2026-04-05 21:51:01,37.6,66.0
orphan_transaction,25227e1c358401407205e0c14936bda6,M9000948,2025-06-24 05:18:05,102.55,179.0
orphan_transaction,1745c131a714af3afe6ac2e483435462,M9000949,2025-11-10 11:53:00,71.67,125.0
orphan_transaction,006ac16242a546afaf9ccc992a631802,M9000950,2026-01-02 01:53:17,15.75,28.0
orphan_transaction,58e52eaa187a42e0e440f624e8b4418a,M9000951,2025-04-30 01:35:44,59.88,105.0
orphan_transaction,05ef334fd9d4dfde04202b7994b943d7,M9000952,2025-09-25 19:29:59,28.89,51.0
orphan_transaction,b2a7df2f94dfda65a667ba24909e4fcb,M9000953,2025-04-16 15:11:30,27.58,55.0
orphan_transaction,e740e48ee709899f972b5a8553adc550,M9000954,2025-03-20 20:39:27,72.87,168.0
orphan_transaction,9958d96d88290015256315af54e85877,M9000955,2025-11-01 08:39:10,32.87,58.0
orphan_transaction,9c739e951d9439d533c55263fd67099c,M9000956,2025-09-28 05:19:36,23.45,47.0
orphan_transaction,c6e31218734ca52a9867e2d665afce82,M9000957,2026-02-05 00:52:40,91.01,209.0
orphan_transaction,96ba525d6cef65121015cc01c278a492,M9000958,2026-05-27 04:41:26,52.17,120.0
orphan_transaction,6089bcee6d39b4f6b944c02223aed11f,M9000959,2026-04-15 22:27:14,73.92,148.0
orphan_transaction,ec3827021d4377a0348276a453003569,M9000960,2025-03-12 07:26:53,17.11,34.0
orphan_transaction,7921e1117fdbb639ac39f8336455ead1,M9000961,2025-11-19 23:54:40,120.55,211.0
orphan_transaction,abf273c1419420607f342247eda5f612,M9000962,2025-07-27 20:53:20,87.87,154.0
orphan_transaction,1e3974c5d9af2bd235d421bff02d2431,M9000963,2025-08-19 11:04:22,35.59,62.0
orphan_transaction,00b22e90abfcb99a4708da3df9efd849,M9000964,2025-11-23 18:32:30,54.71,126.0
orphan_transaction,3891f54703ea4ac1e8a6ca4384769118,M9000965,2025-03-26 06:54:13,92.56,162.0
orphan_transaction,c7ad62a1f047e06784257af5866e8031,M9000966,2025-05-05 02:33:38,19.65,45.0
orphan_transaction,8b53ceca361ad27eb5f6530e037708d6,M9000967,2025-07-09 16:54:11,93.3,187.0
orphan_transaction,33510a31b36b2b9126f5cd66a799acac,M9000968,2026-03-05 09:11:54,69.91,140.0
orphan_transaction,40f39be6229e30a452c1ad96f71b216b,M9000969,2026-03-23 08:40:55,30.01,69.0
orphan_transaction,3249995b7efffb52df48d96fadd715a0,M9000970,2026-03-27 07:37:51,43.98,77.0
orphan_transaction,a624e051e4868ff5ce239926de4c4184,M9000971,2025-10-15 22:49:35,51.72,119.0
orphan_transaction,65d0858e879676277bf5a1fa1d9fa3f7,M9000972,2025-07-19 16:18:45,57.61,101.0
orphan_transaction,58933c0ed900a8cb0644b27b37ad0231,M9000973,2026-06-18 23:25:34,36.65,64.0
orphan_transaction,268b573c1c2a3e0e251076c2014f039f,M9000974,2026-02-02 15:25:19,217.46,381.0
orphan_transaction,55a5f1f12f5aedfb981d2b43877b38a2,M9000975,2025-05-22 08:42:57,156.96,314.0
orphan_transaction,2153ccfeff871bc7814d644f88c9f5ca,M9000976,2026-05-03 11:37:00,36.58,64.0
orphan_transaction,d9c76aa551033695c250dbd4dbc6049f,M9000977,2025-11-27 21:23:40,105.95,185.0
orphan_transaction,de92817bf48ba75b29bdebc80f2a59e7,M9000978,2025-12-24 05:20:43,35.68,62.0
orphan_transaction,f3c845bb836e1f8b0a0eb5abe7fba082,M9000979,2026-01-31 03:11:37,18.17,42.0
orphan_transaction,bad73757a56e302209d38414c3e466bc,M9000980,2025-10-08 23:44:12,21.92,50.0
orphan_transaction,354e011a7a8e27572992d91d8ec5b807,M9000981,2025-07-08 04:39:46,64.76,130.0
orphan_transaction,7a5dfc993ac3aac49f06d1a8de5b448d,M9000982,2025-07-31 14:43:21,46.75,94.0
orphan_transaction,03a1b6b15733f9ef3b1f7d47dbc9137e,M9000983,2025-07-06 23:50:55,17.29,40.0
orphan_transaction,b17279b3e778a82ffe6337d5e730b9e4,M9000984,2025-08-23 02:21:42,45.72,80.0
orphan_transaction,7754375d62dca8b482aa540775bdf10a,M9000985,2025-03-31 09:40:59,127.67,255.0
orphan_transaction,b98e8d2d1365cf2c28dd63506669b2d3,M9000986,2025-12-02 18:55:50,73.05,168.0
orphan_transaction,9d061c7ff0ac336f9b88d8b6c3220e9d,M9000987,2026-06-05 11:07:29,30.26,70.0
orphan_transaction,79fcc42f70466a5d3a838fced4454b2a,M9000988,2025-06-15 12:35:10,47.24,109.0
orphan_transaction,c83da7907da046491f519b3bfad3acc1,M9000989,2025-11-01 07:53:51,31.66,63.0
orphan_transaction,4ad8b995485dabcb843be7e1ff7fdec1,M9000990,2025-10-01 21:31:23,68.99,138.0
orphan_transaction,e7e7b1f91123bbe43142a4485453b8f6,M9000991,2026-01-05 19:45:23,67.92,156.0
orphan_transaction,7f33a66a08198f0f29d1f41208a6387d,M9000992,2026-05-11 00:23:18,32.14,74.0
orphan_transaction,d605cf0a4fcdb02dbd981d3fefe37a6f,M9000993,2026-02-17 04:45:41,58.03,102.0
orphan_transaction,ea7e1b3b129c3e41337cf9fa76e9bd40,M9000994,2025-01-28 09:46:52,50.53,101.0
orphan_transaction,46b27ca5125712dd981f9d83e2d1025c,M9000995,2025-08-03 00:32:55,77.1,135.0
orphan_transaction,7a6c32363e74b25e32d22232984b07ff,M9000996,2025-06-27 18:36:40,81.79,164.0
orphan_transaction,0aad4614b970d87f004edcc712aa1fa6,M9000997,2025-07-19 06:55:19,51.32,103.0
orphan_transaction,5fce00e619245acacc01af42616cbd1a,M9000998,2026-01-27 21:03:40,57.86,133.0
orphan_transaction,9fcf6a1ed33e79607f69009aab17c10d,M9000999,2026-02-06 00:27:28,91.73,211.0
orphan_transaction,29d54a53dc17c59fa4c6a68fa01d6a6f,M9001000,2025-03-26 16:35:13,44.23,77.0
orphan_transaction,930342c33ae25b739e52446da2863a83,M9001001,2026-04-27 07:53:22,56.76,99.0
orphan_transaction,8bf7d23520df986cc91f5e0dc737a2c3,M9001002,2025-07-25 17:05:27,90.45,208.0
orphan_transaction,0a27a7246e503a135ceb96df6f1809d5,M9001003,2025-08-25 02:25:42,28.15,49.0
orphan_transaction,b7947a3f5784acc156b712edc4285b6e,M9001004,2025-03-06 04:04:32,55.05,127.0
orphan_transaction,9a2f964204e6939e23afc631a8d0cc8d,M9001005,2025-10-17 02:28:37,59.1,118.0
orphan_transaction,2029a49dd729200e97d3262c100c67c3,M9001006,2025-03-25 12:59:47,61.65,123.0
orphan_transaction,0bad9c9658d3679b16d9b0bdd96bc654,M9001007,2026-03-27 17:26:46,64.32,129.0
orphan_transaction,39d6b1858b6f5e27bc668fac7afffb9d,M9001008,2025-12-21 06:59:04,72.91,146.0
orphan_transaction,c578ecedf089697969263f9443417ff9,M9001009,2026-02-11 04:34:48,125.24,219.0
orphan_transaction,31c469d79776ab7a110e62b3350092d3,M9001010,2026-06-22 04:52:54,35.75,63.0
orphan_transaction,e8d3b9382d544aa3f2919127f055b6d7,M9001011,2025-11-24 06:14:51,73.37,147.0
orphan_transaction,542a6b3d1ea519248912d0e123042aba,M9001012,2025-01-25 15:38:49,318.92,558.0
orphan_transaction,a6d61ec4ee51e5ee43e0f10c3ea12354,M9001013,2025-07-27 07:24:50,21.63,38.0
orphan_transaction,92be98c17b1881d98b6bfba10e9f7041,M9001014,2026-02-26 02:42:08,61.36,123.0
orphan_transaction,9b778ca7b4d23c9e02b899816f7102bf,M9001015,2026-06-07 06:18:31,119.26,239.0
orphan_transaction,76c5a367bfc4db012e7f55406205782b,M9001016,2026-05-20 13:05:04,70.46,141.0
orphan_transaction,f888399d287f70fafe110d277c5548ee,M9001017,2026-02-22 00:17:22,98.1,172.0
orphan_transaction,57fcae76fc6a83f2f8b6305691ef8a37,M9001018,2026-05-05 04:54:10,48.37,85.0
orphan_transaction,1c5a2bf7ddecc3419a96d8c6765312c1,M9001019,2025-01-06 02:24:19,20.84,48.0
orphan_transaction,ccaadebd512a98a4ac9b597fc40275ea,M9001020,2026-05-08 16:11:47,40.35,71.0
orphan_transaction,60093fd72c23d6699b283bab45f19e17,M9001021,2026-02-13 17:28:24,38.94,78.0
orphan_transaction,22ae084538217431c2038458cd6619c6,M9001022,2025-11-04 13:26:09,49.02,86.0
orphan_transaction,461bccb917e5d12a041fc147694dede7,M9001023,2026-04-23 11:35:32,95.5,167.0
orphan_transaction,02dff2a5269ff2eed221d2b5dc6d0368,M9001024,2025-02-25 22:15:07,62.37,143.0
orphan_transaction,cebf65d98854bf04b10a335c109f561b,M9001025,2026-01-20 17:07:22,40.95,82.0
orphan_transaction,709bd5a4000e4a460e3b9953380b4fca,M9001026,2025-09-08 12:57:28,117.61,235.0
orphan_transaction,19d5b2454c4737a579bc38615933a1bc,M9001027,2025-07-12 13:01:22,58.8,103.0
orphan_transaction,771c387960c646d3cc3438ecd91384b1,M9001028,2026-03-16 08:30:44,42.57,74.0
orphan_transaction,4899fcb17afb07c36ff443bb35f5fbae,M9001029,2026-03-19 15:07:10,174.65,402.0
orphan_transaction,f29112338ec59bd6e81eb5fd992e2b02,M9001030,2025-02-09 07:32:19,58.32,117.0
orphan_transaction,e128f61ac9091c4d5dd856b19501624e,M9001031,2025-12-27 16:06:12,63.52,111.0
orphan_transaction,83521d199f3b06a437ba090634ac8f68,M9001032,2026-06-15 17:01:36,60.38,121.0
orphan_transaction,32422fb49b2d3d0c5fbf496f39ac7d0d,M9001033,2025-11-14 14:24:29,28.47,50.0
orphan_transaction,5d35983ca2690aee4afbf87f505ca513,M9001034,2025-06-07 15:50:36,33.47,67.0
orphan_transaction,8522efefbf7e9e734ebfebecf043b8ac,M9001035,2025-03-13 06:19:43,121.41,279.0
orphan_transaction,38024e8c868c2a6361ca489a95179e50,M9001036,2025-09-18 10:01:16,64.08,147.0
orphan_transaction,29600c971146972b714490f6b72ddcd7,M9001037,2026-03-26 02:48:22,37.33,65.0
orphan_transaction,5adb881224976125991ea9dc727d2c74,M9001038,2025-02-14 10:36:29,102.22,235.0
orphan_transaction,ce100de2dd4f6f68c41e048354ccb622,M9001039,2026-06-27 13:55:21,27.49,48.0
orphan_transaction,fda450d300a8480e041f3a3e6fcb82b1,M9001040,2025-12-15 12:53:30,18.19,36.0
orphan_transaction,73ff31659b5d8d1dd5443220a2979678,M9001041,2025-06-30 16:38:18,94.66,189.0
orphan_transaction,0c7a66d9a7361e963defd892f5b2390b,M9001042,2026-06-22 20:21:56,76.82,134.0
orphan_transaction,c23399459655d6764783d145116c51ec,M9001043,2025-05-26 11:04:18,148.31,260.0
orphan_transaction,39dbc545d650b2fd2d0d87a856a13556,M9001044,2025-01-26 16:40:16,166.88,334.0
orphan_transaction,cb8b7f5586b8a30735f65441074b07e5,M9001045,2026-04-13 05:46:42,69.44,160.0
orphan_transaction,fd433f0a284bbdf4fb6c998414cda7ab,M9001046,2025-07-20 11:36:24,96.19,221.0
orphan_transaction,b5632468e644baa5243bf9e9d65988a3,M9001047,2026-01-30 15:55:27,81.44,187.0
orphan_transaction,cc505777b1da71bae98f0a5c30391397,M9001048,2025-11-08 13:55:18,75.24,173.0
orphan_transaction,b476153677baf2f5276969b533f11a01,M9001049,2025-08-19 10:38:45,46.11,92.0
orphan_transaction,868c4de5d37967f30ed08656e16d911a,M9001050,2025-02-12 10:02:57,41.14,95.0
orphan_transaction,e52b82aa3cf1764d0f52ace69c2cb407,M9001051,2025-03-19 04:54:13,19.7,45.0
orphan_transaction,6fb5b8ae6a1fe167ebe7ae29151606bc,M9001052,2025-08-11 21:23:01,67.64,118.0
orphan_transaction,40ef098c341b5acc0c0ce4acf271dc82,M9001053,2025-03-07 17:20:37,36.24,83.0
orphan_transaction,14b671ff643daec22a4b32ac523769ff,M9001054,2026-05-13 21:56:58,140.39,246.0
orphan_transaction,9e7669b1d2de6783004f5b641db10639,M9001055,2025-07-03 11:02:45,23.0,53.0
orphan_transaction,752703d8c2c7317145f86edc83add811,M9001056,2026-04-04 11:18:30,120.38,277.0
orphan_transaction,96320e2b124c7129a70f4943d09fb5dd,M9001057,2025-10-23 02:29:57,30.27,53.0
orphan_transaction,9941184f08ffb938c4a7cecb44ad90f9,M9001058,2025-03-07 04:55:09,95.01,219.0
orphan_transaction,2815d2e488a5a11eb2216b5d0e973d54,M9001059,2025-05-17 21:41:22,68.34,157.0
orphan_transaction,b0019151cf94cbc7d8aea299ffe15143,M9001060,2025-09-16 07:32:45,40.6,71.0
orphan_transaction,5d11c25eb8db5021369e8e2bce1ad78a,M9001061,2025-10-12 02:28:50,69.07,159.0
orphan_transaction,aca3d15b5a5bc3ad10009d16b6cb364b,M9001062,2025-02-07 02:56:22,41.48,95.0
orphan_transaction,8b05c33ff0fa2d6137db996095a2d4ae,M9001063,2025-10-13 09:56:28,119.15,274.0
orphan_transaction,6f6cf8c11612a1a842f9da67045ee143,M9001064,2025-03-29 11:48:39,41.7,96.0
orphan_transaction,8937dd80b21b7b394ebb23d0e2a81a95,M9001065,2026-05-27 19:06:00,215.21,377.0
orphan_transaction,548d4477dfd5e29ab0a7454df685c538,M9001066,2026-03-30 05:09:07,16.81,34.0
orphan_transaction,57c134a8870f8cedcf8f1ba9a673fea0,M9001067,2026-03-07 08:58:27,46.03,92.0
orphan_transaction,219f6c256d8cd028fc52d67a1283376f,M9001068,2025-05-24 00:00:00,48.58,85.0
orphan_transaction,a60ba32533dee99e08b8056829ad3010,M9001069,2025-10-24 05:36:01,53.46,107.0
orphan_transaction,27d9410ad36b2ec1de5e823c6e0fd941,M9001070,2026-05-12 08:54:05,51.51,103.0
orphan_transaction,553108f8e179e3c29b9522595f155d87,M9001071,2026-04-29 06:34:41,66.71,153.0
orphan_transaction,4b52a4142841e687dfbf4791bedaf30c,M9001072,2026-03-25 01:03:57,26.53,61.0
orphan_transaction,b9024a8591630dd5f41ac494d37a14e5,M9001073,2025-05-04 05:22:02,43.27,76.0
orphan_transaction,b6111b1c6a510b0194fd746f8a7fa7e6,M9001074,2025-08-08 00:53:44,44.0,88.0
orphan_transaction,e5d729d3626362e3dd4ce373acee1e23,M9001075,2026-02-22 23:54:19,59.43,119.0
orphan_transaction,d78a3d32ea70dd37193ac8b1d43033f8,M9001076,2026-05-14 08:54:31,53.01,122.0
orphan_transaction,2fade0c6ce2d9d9158692a61f6576274,M9001077,2025-08-30 13:11:54,98.9,198.0
orphan_transaction,a68abe9953e7aff2a17c0f249cdf29a3,M9001078,2025-05-29 18:20:34,87.63,153.0
orphan_transaction,c0925f239f87163d5bc7625bd4f135f6,M9001079,2025-06-27 14:16:53,48.43,97.0
orphan_transaction,d897465448a5ade76bb9852be15d7b19,M9001080,2025-08-25 06:12:24,63.15,126.0
orphan_transaction,71533ef0e45c677d5bec66b6f95b0280,M9001081,2025-02-22 16:30:20,23.73,47.0
orphan_transaction,d397aaf6aaf5c8131c5cee73dc79edfb,M9001082,2025-10-19 01:47:14,104.33,183.0
orphan_transaction,0e11ff1a972ba3f51623bc5cc0f38e53,M9001083,2025-01-31 07:50:30,70.33,141.0
orphan_transaction,591c5408c5aefcbaa59f6f8c72dd5a50,M9001084,2025-08-22 12:03:35,18.02,36.0
orphan_transaction,3bfdf559f35e8ea7e2d9877e4a7aba23,M9001085,2025-03-04 18:34:00,36.23,63.0
orphan_transaction,8281b52c00b5fa30a8d55a7dfe1b79a8,M9001086,2026-03-13 00:00:19,73.7,170.0
orphan_transaction,f9bfa5b32ad43f09ed6621579eac3823,M9001087,2026-01-25 19:43:17,176.59,353.0
orphan_transaction,94bc4f58b44ea869e9255ee09417981a,M9001088,2026-05-08 01:11:42,62.59,125.0
orphan_transaction,ecce6efed75cf2107e9db664ea2d60c6,M9001089,2025-10-15 12:30:23,60.26,139.0
orphan_transaction,8201528ce8cad55cebdcf5733c1d7f6f,M9001090,2025-03-31 10:43:19,24.82,50.0
orphan_transaction,3cef83637272505034fe5ef34d65ba6f,M9001091,2025-07-09 00:00:00,47.2,109.0
orphan_transaction,c1d017690aae80499355224b83963bb4,M9001092,2025-12-28 12:19:20,72.77,146.0
orphan_transaction,4ff30c72ab90af55baf9c333b77b4f6f,M9001093,2025-08-01 12:50:47,85.37,171.0
orphan_transaction,26e51a93c5e0e932d0a1ec7599d0eb7d,M9001094,2025-09-11 00:15:28,74.68,131.0
orphan_transaction,6182424ad9d9ce7e77b4b08ef5550602,M9001095,2026-01-20 08:02:34,66.32,133.0
orphan_transaction,06d0a417f3cc67887b13fc315337fc32,M9001096,2025-10-14 10:53:05,70.76,124.0
orphan_transaction,90351ba4a6b4192d5b5e0f0c0b7de305,M9001097,2025-02-21 14:52:52,93.88,216.0
orphan_transaction,dcaaafdc460dbf9fb0401d2ae4073a4d,M9001098,2025-04-01 16:54:19,82.07,164.0
orphan_transaction,9ab49a9f6cc77c5bdc01619a1f1eb431,M9001099,2025-04-09 12:49:23,75.95,175.0
orphan_transaction,485efedde44465af858ea2cfd6220387,M9001100,2025-03-15 00:00:00,131.64,263.0
orphan_transaction,1f66950b1b62d1cc7e7cda83f24872e3,M9001101,2025-12-04 21:58:13,53.23,93.0
orphan_transaction,f8ef9231bc182de96719339ecc2190bd,M9001102,2025-06-03 07:29:55,45.82,92.0
orphan_transaction,906c2200fadfa766375f5263f6620e5e,M9001103,2026-03-31 06:25:03,46.6,107.0
orphan_transaction,082766f1813967616cf7e7a4a7ec1833,M9001104,2025-03-01 05:49:13,33.3,67.0
orphan_transaction,2f06ef800a2765c87244037a599ff4bb,M9001105,2025-02-16 10:31:25,60.79,140.0
orphan_transaction,3bed8e7774f57e243b820233ecde5e7a,M9001106,2025-01-27 21:25:45,84.74,195.0
orphan_transaction,de2d45922746d4a6e256b1c692f58a19,M9001107,2026-01-03 17:10:55,44.45,78.0
orphan_transaction,da469ebf2f7afc957ad2bf8c38be54c0,M9001108,2025-08-20 02:14:32,40.69,81.0
orphan_transaction,212bed965ec9b94c315bf495b9366930,M9001109,2025-03-09 00:24:37,44.31,78.0
orphan_transaction,b1cf57407e5c6b476e29cb7de0659831,M9001110,2026-02-21 00:28:53,41.64,96.0
orphan_transaction,3d75b0c4f0cbf81f79cbc47a685e6a07,M9001111,2025-01-07 11:33:00,62.69,125.0
orphan_transaction,ebeabf22c620aa4740c0a03598ebc2cc,M9001112,2025-07-15 20:26:15,32.84,76.0
orphan_transaction,7d2ba8d79794f61ec0565a902666e62c,M9001113,2025-10-12 11:38:18,69.84,161.0
orphan_transaction,394b1e7913d348df3e9e9aad99ba26fa,M9001114,2026-02-11 05:04:07,63.22,126.0
orphan_transaction,2d9d3f7455fa6107613ffc655388bace,M9001115,2026-01-06 00:41:44,47.96,110.0
orphan_transaction,f9e17428f6c8a6e78190f3d0819b0d96,M9001116,2025-10-14 03:46:06,205.74,411.0
orphan_transaction,81927833dd7801413294c333e230e5ba,M9001117,2025-05-25 06:59:37,44.44,89.0
orphan_transaction,ca7afc7718d9f346746c433be11a2d90,M9001118,2025-12-02 17:18:55,53.46,123.0
orphan_transaction,3094f639950b46298f3b0024ea6cae1a,M9001119,2026-05-10 01:39:22,80.47,161.0
orphan_transaction,55862667b2eeafeaebd99c9e988a4e9d,M9001120,2025-12-22 11:41:36,50.29,101.0
orphan_transaction,77d9358383a1c530cf3d1663de19ec44,M9001121,2025-04-04 04:30:36,29.23,67.0
orphan_transaction,b2e36e01e28aebc357009bbf1df7e627,M9001122,2025-03-24 16:48:03,182.72,420.0
orphan_transaction,24412d43d1050a320479c90936b876c2,M9001123,2026-01-10 11:59:59,28.84,66.0
orphan_transaction,899263078e24fe5873000c772b4fc315,M9001124,2025-05-29 02:18:48,50.12,100.0
orphan_transaction,1d18b58b228fe1c344eeef4262b3588c,M9001125,2025-05-06 23:18:28,14.6,34.0
orphan_transaction,be0edbdcf2f445dd37c6f2238758a352,M9001126,2026-02-10 07:52:05,54.66,109.0
orphan_transaction,9c124c815b62b5b84332b0029893ed7b,M9001127,2025-07-28 19:43:34,33.64,77.0
orphan_transaction,eac979e6ad540f9ee24ad24f4a150dbf,M9001128,2025-01-24 04:19:33,24.33,49.0
orphan_transaction,d07cacc1edc22a9275262e58a0707d25,M9001129,2025-03-13 23:20:36,270.03,540.0
orphan_transaction,bac9258d0e96840ec4280133e317347e,M9001130,2026-05-06 03:47:04,46.81,82.0
orphan_transaction,4dc27c1373be3c5b9580e5dcbe0d06c0,M9001131,2025-04-05 20:51:58,28.45,57.0
orphan_transaction,a50a7fec694bb40cd68f9074f2af5931,M9001132,2025-06-23 12:03:46,23.98,55.0
orphan_transaction,261a6c1798a42039aaae9d02c99ed03d,M9001133,2025-03-22 05:25:00,19.23,34.0
orphan_transaction,9c894947ddc7bdffb72d93e626ae0873,M9001134,2025-01-30 12:13:59,51.29,118.0
orphan_transaction,eef07ef37050cabc2d0ee056ff36048b,M9001135,2025-03-26 13:09:22,73.14,146.0
orphan_transaction,3a98d6657344cdc6f76b06e95c6e5b0d,M9001136,2025-03-07 15:08:15,46.7,93.0
orphan_transaction,1c0c801c6aaca0416258249a067fe03a,M9001137,2026-02-15 04:55:41,115.13,265.0
orphan_transaction,18df71401f0daf9ce68acacded378b2c,M9001138,2025-12-07 08:13:59,81.18,187.0
orphan_transaction,54095eb023d925b4234b99b043858342,M9001139,2026-01-20 03:49:03,88.65,155.0
orphan_transaction,f175a41db767e93fc539208c49bd183a,M9001140,2026-01-06 04:35:07,49.66,99.0
orphan_transaction,84e867b45fe382d5c96e5401929b2137,M9001141,2025-01-04 07:36:17,82.66,190.0
orphan_transaction,1d0b7fe739457ab75860b579b2e65fce,M9001142,2025-03-28 22:02:25,52.48,105.0
orphan_transaction,bfbb7df1d285405ce17b7cd27d90802c,M9001143,2026-03-18 10:36:20,68.82,158.0
orphan_transaction,23faae38a7a034b02660428abf423136,M9001144,2025-08-23 16:16:32,103.17,181.0
orphan_transaction,aedb74386e70ed620ac597788fec04b5,M9001145,2025-10-09 00:00:00,45.4,104.0
orphan_transaction,4e34d5b9edbc7465964217bfeb87dc6e,M9001146,2025-12-28 19:34:25,74.06,130.0
orphan_transaction,6daa7251077f00ecf001ba7a4b78f0db,M9001147,2025-05-09 01:11:12,27.44,63.0
orphan_transaction,376c1d3f948289b37fec8b42266e1b9b,M9001148,2026-01-27 12:21:40,78.62,181.0
orphan_transaction,231ff8efb2a99c569eeadda4ed36888e,M9001149,2026-05-22 10:58:33,39.47,79.0
orphan_transaction,6ea3da7c4875c0fcbdf6e2b6b8f356b6,M9001150,2025-11-26 10:26:43,29.63,52.0
orphan_transaction,afacf2867a327d7cdfeb0bbcae387721,M9001151,2025-06-26 22:16:54,14.45,29.0
orphan_transaction,889f30fd38497f0eebca41cacf24e8c3,M9001152,2026-04-26 11:51:07,37.1,65.0
orphan_transaction,b4dde45c926c9210538698dfdaa938ee,M9001153,2025-08-28 18:05:59,68.32,137.0
orphan_transaction,c1591d680c80d38262c68f4ab8ea8d42,M9001154,2025-06-10 16:29:55,59.18,136.0
orphan_transaction,718c5e50c7487babda028be8dd64ee70,M9001155,2025-06-20 07:24:17,55.91,98.0
orphan_transaction,d0709420b1833f85920dc03adf118d79,M9001156,2026-05-18 20:55:59,52.85,106.0
orphan_transaction,4306318177c0b3aca063e43157f712ef,M9001157,2025-01-13 04:58:10,22.61,52.0
orphan_transaction,196db3c2a49a29b57cf6c28f018ffd76,M9001158,2026-02-04 15:40:35,60.25,139.0
orphan_transaction,f588cdc44c6114a4819fd8655a266a98,M9001159,2025-11-06 02:51:25,29.78,68.0
orphan_transaction,084f4a20e90d12953ca0a7c182fa85c0,M9001160,2025-03-18 17:53:03,91.19,182.0
orphan_transaction,46f1c9414a274ef7b77e494ec48e679a,M9001161,2025-08-18 04:49:32,106.48,213.0
orphan_transaction,4cc5b7ef262e5d90741652c72d822f63,M9001162,2026-04-02 14:55:49,43.34,100.0
orphan_transaction,0ee589df801b53506202e67760f4898e,M9001163,2025-08-19 11:38:08,52.9,122.0
orphan_transaction,31f797f16e4e0746db0fe75fe95befc5,M9001164,2025-08-15 06:56:09,75.3,173.0
orphan_transaction,3420472418d8a9498e32767e25c283a4,M9001165,2025-12-04 05:22:45,109.93,220.0
orphan_transaction,0719d2ca969b2899f7950f4ff760ec53,M9001166,2026-05-20 17:22:13,45.84,80.0
orphan_transaction,c0a189f9047d46a84a5933aa38356a65,M9001167,2025-04-14 19:25:37,16.54,38.0
orphan_transaction,90230c33949871b1006925473c89eb0a,M9001168,2025-01-29 19:22:54,25.33,44.0
orphan_transaction,d0785d29b7bbda348e2fcdf3bfab67f5,M9001169,2025-08-30 09:09:49,33.17,66.0
orphan_transaction,b783a204ae4f75e2fa8278531a474af7,M9001170,2025-03-20 18:09:59,95.96,192.0
orphan_transaction,7f09f7a6e9095fd4b5e83f55db168508,M9001171,2025-07-20 00:04:20,23.21,41.0
orphan_transaction,e10d3efe2ee8482f42c8b515285d03de,M9001172,2025-09-12 10:01:00,57.94,101.0
orphan_transaction,5b962e0a0f541230bdd34005c07bfe4d,M9001173,2025-06-05 08:24:10,52.13,91.0
orphan_transaction,7878fed2ebd61371b025d1a147be46d3,M9001174,2026-01-16 14:46:15,38.05,88.0
orphan_transaction,01c2feaec4546304bbf5d53500c4c2d1,M9001175,2025-10-30 19:45:13,32.08,64.0
orphan_transaction,45021c12b391fbaf359efff146825e32,M9001176,2026-02-12 20:50:27,52.44,121.0
orphan_transaction,3153f63ef56d15b2b564b0a084b177a7,M9001177,2025-04-28 16:12:31,79.21,158.0
orphan_transaction,c66fc4514f5b3868f5e553672f59ceaa,M9001178,2025-05-06 03:34:53,44.36,89.0
orphan_transaction,61ddd75afa73c854d06ee6c1976e55ab,M9001179,2025-07-06 17:24:32,46.47,93.0
orphan_transaction,64642331b5f1d1fb4f951d315f0a7b27,M9001180,2025-11-21 14:01:06,152.34,350.0
orphan_transaction,a83a70865af18209a38eeb8bf385e898,M9001181,2025-01-13 22:38:47,37.6,75.0
orphan_transaction,abd35c1a3d9c7a84d6a49e500701586e,M9001182,2025-03-26 22:37:07,74.63,149.0
orphan_transaction,df0e6dcc40f208eec37fbb01c5ed754a,M9001183,2026-04-09 15:16:02,47.59,109.0
orphan_transaction,9eec841c35d6ce56db71396829328c0c,M9001184,2025-08-16 14:33:37,23.42,41.0
orphan_transaction,65be510127a137644a59aeadc973f25f,M9001185,2025-07-25 23:06:50,28.9,58.0
orphan_transaction,22655afe414eb9db60c2d538e8876668,M9001186,2025-11-14 06:15:02,57.39,132.0
orphan_transaction,c59ec7ee61ff25cc6fa8be085c87896e,M9001187,2025-07-06 10:05:47,36.11,72.0
orphan_transaction,0a6157cb2e7b3160e9c5fe1086a4b8de,M9001188,2026-06-16 02:55:01,64.41,129.0
orphan_transaction,513048daa9ca8c9275aca1b367b5fed3,M9001189,2025-02-12 08:26:19,40.06,92.0
orphan_transaction,ae1c2d6fba16e7ba22d5c24aed614772,M9001190,2025-01-22 15:56:04,54.28,95.0
orphan_transaction,a2b426afced69137e20e587a61a449a0,M9001191,2025-06-08 23:47:14,100.98,177.0
orphan_transaction,662fd570b509e8ed904940795b9670bf,M9001192,2025-01-12 19:11:05,110.57,193.0
orphan_transaction,f93f7c5a2b8e810774ef76ead0d645b1,M9001193,2025-07-17 01:56:36,22.73,45.0
orphan_transaction,01bf1e7778b7954c5a22f22cce1379bf,M9001194,2025-07-22 22:44:40,30.77,71.0
orphan_transaction,f7dd46ac0174dd21b0ae9bdd872a2837,M9001195,2026-05-06 09:28:46,88.38,155.0
orphan_transaction,c205d670d060fe794a6957c4d0792a7f,M9001196,2025-08-17 22:39:56,46.6,93.0
orphan_transaction,5d14bbda01d52fd66c52ddaa3af2ddbc,M9001197,2025-07-27 23:51:28,105.86,185.0
orphan_transaction,748ef7e393d412c7e8846cafc537c824,M9001198,2025-05-21 13:58:19,43.82,88.0
orphan_transaction,0ccd6ed2f391b3ca09dc169fe7f5eb18,M9001199,2026-01-03 10:20:20,29.97,52.0
orphan_transaction,3152dfd1463513b574446914467dc3b5,M9001200,2025-04-27 20:15:35,46.11,106.0
orphan_transaction,6e4d1af65ad9cdb513d189bd8fbc991b,M9001201,2025-09-08 03:55:13,35.06,81.0
orphan_transaction,ea018b0fa3bb2549f0a9937accdb7dba,M9001202,2025-10-18 12:36:35,37.17,85.0
orphan_transaction,2c6682e6d46b142eb6324e1c51a7ef49,M9001203,2025-11-09 03:13:28,97.66,195.0
orphan_transaction,defe03f69b9ebbab3e6d16c9bff85e92,M9001204,2025-05-11 11:12:57,16.14,32.0
orphan_transaction,8101c4193dd8e3f7b71d216794bb573b,M9001205,2025-07-20 14:27:33,73.93,170.0
orphan_transaction,1c2aa4db87cdad34f423295abd9a2208,M9001206,2025-03-03 06:50:06,36.71,73.0
orphan_transaction,19b05adcbfcf4dc96fb881648facc803,M9001207,2025-10-09 00:00:00,63.5,127.0
orphan_transaction,df97476391b3060cef015923a11b130b,M9001208,2026-02-14 07:17:30,74.72,149.0
orphan_transaction,b88d9a9e47fb394a2b03b505d5107fec,M9001209,2026-02-10 14:31:20,81.43,143.0
orphan_transaction,a164ff11e838104c5e93da528e56834a,M9001210,2025-09-09 20:03:34,73.21,128.0
orphan_transaction,90a511aa056d4941e86e65b716569e4b,M9001211,2025-05-04 04:39:22,80.17,184.0
orphan_transaction,fd09f43140edb9c052c650c0d2a92c5b,M9001212,2025-09-29 10:34:17,36.8,64.0
orphan_transaction,78505bfc5a940c3d88a695678525e8f4,M9001213,2025-05-11 10:31:11,58.7,103.0
orphan_transaction,aa259b5d475047c164184b7f191fa2a4,M9001214,2025-12-27 16:38:47,60.06,105.0
orphan_transaction,abd74625bf95835e44271621ca5a63c3,M9001215,2026-03-14 12:46:53,30.02,69.0
orphan_transaction,67d65b556441d0ebdba2dda22f51f3d9,M9001216,2026-05-02 14:12:40,50.12,88.0
orphan_transaction,4c5884014e15102bef0c4dd4adf72c66,M9001217,2026-03-29 00:22:06,192.76,443.0
orphan_transaction,cae1c28388a0b1508807a28f9434fce9,M9001218,2026-03-29 01:38:04,40.17,92.0
orphan_transaction,30eba60d1ad02aeb14983e35d27a198f,M9001219,2025-12-31 04:47:03,36.83,74.0
orphan_transaction,9214c5707459b7511cfefbc81f5acf63,M9001220,2025-04-15 08:52:13,62.64,144.0
orphan_transaction,25dabea4b7e3b31ff18ce27cf79db99d,M9001221,2025-10-18 12:44:24,35.1,61.0
orphan_transaction,bfc6026338728daa755c57cb3eb1e8e5,M9001222,2025-04-27 08:34:55,104.29,240.0
orphan_transaction,13ce5f4619b68297c40d28303d226c1e,M9001223,2025-09-30 18:28:27,77.74,136.0
orphan_transaction,33ff690419e96576359f11f53ea53082,M9001224,2026-02-22 23:48:48,53.63,123.0
orphan_transaction,23e1a6ed296f0229d527e5042f076f00,M9001225,2026-02-27 15:07:02,32.64,57.0
orphan_transaction,4db8347036ab9bac5163757e928165b2,M9001226,2025-02-08 03:56:21,37.34,86.0
orphan_transaction,cefb79c371d4c7bf37891f5fcedac7b7,M9001227,2025-08-30 08:57:09,44.75,103.0
orphan_transaction,52a90befebdda398651bce476b050d29,M9001228,2025-10-27 05:48:41,120.52,211.0
orphan_transaction,1d161798d3a3552499f220dee405874b,M9001229,2025-06-06 17:16:08,24.99,57.0
orphan_transaction,0d4be16f5a3772b9b269e3d1036d5dff,M9001230,2025-07-11 20:50:27,154.1,354.0
orphan_transaction,cfa375563d0a9e04f38f96f93e29af4d,M9001231,2025-06-24 11:43:21,64.86,149.0
orphan_transaction,aa2830a5ae75de0052bdfcf368ae7df0,M9001232,2025-09-21 18:37:11,87.62,175.0
orphan_transaction,89523828d8b29570e1d21a609fa87de6,M9001233,2025-06-28 22:19:34,88.67,204.0
orphan_transaction,1693c55a1465ce175aa8dc76f2c831f6,M9001234,2025-12-11 11:28:36,21.38,37.0
orphan_transaction,f3566d802fd0229d5c688b0742420a1c,M9001235,2025-03-30 11:05:47,70.39,123.0
orphan_transaction,a3fec03bd1dfaed75f04b92f9976be63,M9001236,2026-01-14 16:47:07,23.6,47.0
orphan_transaction,5b76c1a7931c96703f01260a26002570,M9001237,2025-10-05 08:34:06,108.82,218.0
orphan_transaction,d5f0be80a2853358c05793254f98d6b4,M9001238,2025-01-14 02:12:04,17.37,35.0
orphan_transaction,3816e738a070eea19a4193b96d6d0c53,M9001239,2026-01-27 22:58:43,79.23,139.0
orphan_transaction,25e54a3c9a809f14f68b42a356162423,M9001240,2026-02-18 19:25:38,77.29,178.0
orphan_transaction,dba2d2dba3c94715c0e5c9446aad1b07,M9001241,2025-03-03 19:25:41,117.46,206.0
orphan_transaction,a9ffae414af2e717ee8b1b3597d50a9f,M9001242,2025-07-14 19:27:22,84.24,168.0
orphan_transaction,748721fe25038eee0ad9c9eb0739a635,M9001243,2025-09-03 06:00:30,68.71,137.0
orphan_transaction,3f54816809762fd7d0916371861c5fbf,M9001244,2025-11-05 09:35:10,47.66,95.0
orphan_transaction,b6a9d5b4fa9a35cb77200800b7fa4cc4,M9001245,2025-05-12 00:00:00,61.62,108.0
orphan_transaction,c4693c0dd5c88493f18c08ec72ce6924,M9001246,2025-01-03 00:28:12,79.66,183.0
orphan_transaction,11feb566746b178365c8316438a25d03,M9001247,2025-04-05 05:35:26,72.31,145.0
orphan_transaction,81b5529559f2288ca1549310a1cdfc30,M9001248,2025-12-31 13:26:01,59.3,136.0
orphan_transaction,c3f07247475f6a2f9fee011efc359061,M9001249,2025-01-29 09:36:10,72.83,127.0
orphan_transaction,a0cc27be316177f5647e67b2e94b32f8,M9001250,2026-03-24 23:39:14,65.42,131.0
orphan_transaction,96c06ed2ee166bbecefc0f55d8bd7064,M9001251,2025-01-20 22:52:37,22.29,39.0
orphan_transaction,8648a7a58518c492309db410b6136f01,M9001252,2025-07-03 02:25:25,53.75,124.0
orphan_transaction,55de6157c01eac42542fef75249854df,M9001253,2026-03-26 07:18:52,26.23,52.0
orphan_transaction,5d04991e8f2637b5f0dff73e55ce47f5,M9001254,2025-04-13 19:56:47,65.77,151.0
orphan_transaction,8975531a10e309017de2cd8700619f30,M9001255,2026-05-11 21:04:16,95.41,167.0
orphan_transaction,0fc27bf92ae6d0b1c4d3219c9d8ba357,M9001256,2026-03-08 04:24:22,94.96,190.0
orphan_transaction,d37e9a56e4f912f629c9d4bebf41c5d5,M9001257,2026-03-02 07:14:16,31.01,62.0
orphan_transaction,6190627451cfd5ba2dd33b6fafb6dc3b,M9001258,2025-06-08 13:49:46,34.94,70.0
orphan_transaction,2551f86330898c18a013bd6a0b7c804f,M9001259,2026-01-02 11:39:38,28.17,56.0
orphan_transaction,1b4abbe7c357b16ba4a9368ce911d635,M9001260,2025-11-09 01:37:06,43.43,100.0
orphan_transaction,441531bbff911ea80be209a11afbb1f9,M9001261,2025-05-26 23:17:25,54.39,95.0
orphan_transaction,ec92ac9b81464395b2453a18ba2b3ebf,M9001262,2026-05-10 17:55:34,128.92,297.0
orphan_transaction,8770ae531364144f5241143a25cb3e27,M9001263,2025-07-14 10:33:52,81.68,143.0
orphan_transaction,2c957c71db667087ea26171357771a5e,M9001264,2026-02-27 03:28:16,34.08,78.0
orphan_transaction,4030a491bcf09057c0970a43c0276554,M9001265,2026-03-13 19:29:03,52.71,121.0
orphan_transaction,f95efc82311d8dc066157a1ee0378f48,M9001266,2025-02-15 01:03:43,99.09,228.0
orphan_transaction,7aee7c2213f52d5c74334b25b9b82fe9,M9001267,2025-07-06 13:05:01,37.73,87.0
orphan_transaction,907123324902993e8deb701b0dc7ceea,M9001268,2025-08-12 21:02:14,29.03,67.0
orphan_transaction,1dc42db40ceaa71490e9a7bb6fd81e10,M9001269,2025-04-29 08:35:00,53.75,124.0
orphan_transaction,0f490abeda213c504b7d8829df8d1f08,M9001270,2026-05-23 13:42:55,99.31,228.0
orphan_transaction,a04e781a1da80b606fe0adc837246cff,M9001271,2025-05-03 23:56:23,87.87,202.0
orphan_transaction,afb49c48408cf553ff6106d5a95352af,M9001272,2026-01-05 04:21:12,25.21,50.0
orphan_transaction,7d0c2c7342a538fa799a6af713d33022,M9001273,2025-11-05 16:54:37,58.64,103.0
orphan_transaction,0c9108eb781ed09972469afead10a269,M9001274,2026-03-19 22:52:11,30.4,53.0
orphan_transaction,76be12e405ead6d5f7732b522bb5f72e,M9001275,2026-04-20 21:28:00,83.58,192.0
orphan_transaction,5cdcb4a1ec788bdf82705c521d8addd5,M9001276,2025-05-31 13:57:14,123.6,284.0
orphan_transaction,5bb471a1312bb1f586e2b298e1d01ef4,M9001277,2026-04-01 07:46:56,147.66,340.0
orphan_transaction,8b746b13d93bdbd7e4a2bb50cb03c2d8,M9001278,2025-07-31 08:18:45,81.25,187.0
orphan_transaction,9a8987483e9cc89297b2130d3d2df5b6,M9001279,2025-07-17 15:04:04,190.12,333.0
orphan_transaction,943ed7450047ae33376ae830209f2e36,M9001280,2026-05-11 15:19:16,96.02,192.0
orphan_transaction,65abc3028efaccf72c76324a5ee64cfd,M9001281,2025-08-06 09:25:23,46.98,94.0
orphan_transaction,dd6f4a66d832ab2738621e66ef30ebda,M9001282,2026-04-22 02:41:20,145.61,291.0
orphan_transaction,41b9ddfa2903d9b8485981dfa04ddbe5,M9001283,2025-06-29 09:54:41,95.26,167.0
orphan_transaction,15deceddaff39a28bbabecab92798e9c,M9001284,2026-06-09 22:38:33,16.57,29.0
orphan_transaction,6cb180b078fc0d4cdfcff5577ef540e7,M9001285,2025-05-22 19:44:39,19.12,38.0
orphan_transaction,2bb986ef67898e12a04ff458aa7eae2a,M9001286,2026-06-08 23:36:47,56.88,131.0
orphan_transaction,edeca54c010d6c88c404ea1803551852,M9001287,2025-09-06 12:24:18,86.82,200.0
orphan_transaction,65c0d34e4d6aa636bec8079c348b8e1b,M9001288,2026-06-22 17:04:45,31.22,72.0
orphan_transaction,e896451a5b27b64543b83a44842b7ae4,M9001289,2026-06-26 22:49:14,15.55,36.0
orphan_transaction,599ae0a9c4fef0cf8e030554d37857a7,M9001290,2025-05-06 08:31:41,80.69,186.0
orphan_transaction,0a8541edcd3171fdd8dff7214ca3f339,M9001291,2025-05-13 06:28:33,30.12,53.0
orphan_transaction,c666ad8c6cc98e018b711d464f36f29a,M9001292,2026-05-02 12:48:19,65.39,150.0
orphan_transaction,aea249c765fe0d39c25ba2168ce1bd3c,M9001293,2025-11-30 20:50:50,80.91,142.0
orphan_transaction,4034e262d906ea44eb43525c9ac668d5,M9001294,2025-07-05 02:00:03,127.11,292.0
orphan_transaction,cd95b65073e8c5274e0528e2b6c5561f,M9001295,2025-01-30 18:45:43,81.5,143.0
orphan_transaction,75a31796b36d16fec6f4bb04532d7ee7,M9001296,2025-10-15 01:03:07,19.65,34.0
orphan_transaction,934e5af8bc768fd67310ba35cb41ea59,M9001297,2025-10-26 06:46:32,144.4,253.0
orphan_transaction,52c7c38e5f16740ba66161874ea872dc,M9001298,2025-09-23 02:49:26,64.81,149.0
orphan_transaction,8f72dba417775139ffdd43a09509eb2c,M9001299,2026-06-01 11:12:10,81.12,142.0
orphan_transaction,e21c210a445f5bdc60c2028fa399302f,M9001300,2025-01-20 10:52:10,31.7,55.0
orphan_transaction,6eccdae45f2993e9de7d9fd0ca0ab12c,M9001301,2026-01-02 12:00:30,36.35,84.0
orphan_transaction,96fa86aca597bbebfb532bd42e2ec07c,M9001302,2026-01-19 13:23:36,91.54,211.0
orphan_transaction,d1c026fb5b688a7be3f0f658cd13f95f,M9001303,2026-05-09 20:11:51,44.95,103.0
orphan_transaction,07da087fb7e1e8ea71ec7d40e140a984,M9001304,2025-12-08 21:33:39,28.71,50.0
orphan_transaction,0d9a52037cf9a45778ba94bb17dbccb3,M9001305,2025-08-22 12:14:13,24.82,43.0
orphan_transaction,5416d4a00a8ebf7f1bf63a6227ab6071,M9001306,2025-12-20 11:50:02,138.69,243.0
orphan_transaction,9f0af5d02537504107916f9461249198,M9001307,2025-01-02 03:10:07,27.7,48.0
orphan_transaction,4660c9a66d48c7d85d93b4d94c841a16,M9001308,2025-01-30 09:09:45,26.77,62.0
orphan_transaction,1452fdb4b53a234589c1e289f41e8e3e,M9001309,2026-04-07 02:59:02,33.28,58.0
orphan_transaction,337eeff333f10eafd69e5de4791a16d2,M9001310,2025-05-21 08:49:18,146.06,336.0
orphan_transaction,c857e019cd31f4d036c652b33246b08e,M9001311,2026-02-06 03:51:16,13.71,24.0
orphan_transaction,ad7ce4a3a6d4cce4aa83ee812740e220,M9001312,2026-02-07 14:26:43,39.01,68.0
orphan_transaction,ce9eaa0f73404b11eadcbfaeb941056c,M9001313,2025-04-03 01:14:15,38.61,89.0
orphan_transaction,97fefa7449ecb168eec52261061cebcd,M9001314,2025-06-23 14:46:24,66.22,132.0
orphan_transaction,57a81e16a08e7efe895a2aa1b8f90ef2,M9001315,2025-09-22 03:24:23,107.88,216.0
orphan_transaction,f7c7c50dff03cd586ec824103bda00d3,M9001316,2026-02-26 12:12:17,58.81,135.0
orphan_transaction,1e7312e9ce8bc087cd21d54503870428,M9001317,2026-05-02 22:09:19,49.74,114.0
orphan_transaction,98d1ff0b001f4ccf0a5b947a1d9a198e,M9001318,2026-03-01 23:58:52,111.78,224.0
orphan_transaction,4e7d4fb55edfed51db17d75adac6c8b4,M9001319,2025-11-22 03:31:09,83.0,166.0
orphan_transaction,5b33f3db2a272cbb45b32b74ae67fde4,M9001320,2025-12-04 04:45:09,75.8,152.0
orphan_transaction,b2fd12192fc68f30a908952e6085015f,M9001321,2025-12-22 03:09:21,28.46,50.0
orphan_transaction,8d915592777957ccf1bebcfc91048ef5,M9001322,2025-07-27 02:14:46,47.85,110.0
orphan_transaction,6dd2d9e1b990ba271171f3475e49d375,M9001323,2025-03-02 05:08:08,44.69,78.0
orphan_transaction,018cdff49b6dca95f3408c148145327e,M9001324,2026-01-19 14:11:57,216.23,497.0
orphan_transaction,d094518e0085bbfef751f870ae2a121e,M9001325,2026-03-28 20:05:18,140.82,246.0
orphan_transaction,58b5f51cf4be04e5f6433de41fbb0104,M9001326,2025-10-12 16:54:08,157.13,275.0
orphan_transaction,1a3ad478c257070baa61b351ca29c3fa,M9001327,2026-01-20 11:53:34,75.23,150.0
orphan_transaction,f85f498c724ecb15ca6fc28f67cbe532,M9001328,2025-06-14 07:14:05,32.25,74.0
orphan_transaction,6eb8ad6f3ed0a158807fba233e37dd85,M9001329,2026-03-03 01:18:31,121.64,243.0
orphan_transaction,7b594da8547ca41ca885fe43d9af7d1f,M9001330,2025-09-23 07:10:05,52.97,93.0
orphan_transaction,fe1a4d4ce12324e8196b0b3ce2c00a42,M9001331,2026-06-27 14:03:34,42.27,97.0
orphan_transaction,af7564c32dc7e114317280693d5f62a8,M9001332,2025-10-03 14:55:45,22.14,51.0
orphan_transaction,637b2f880cc7b98fd529456bdba9c691,M9001333,2026-03-09 08:43:18,57.47,115.0
orphan_transaction,6b176ad302a0917b9552e8a74d30ed30,M9001334,2025-02-17 07:15:04,46.35,93.0
orphan_transaction,513fe210da04fdc3d81ab949f7c404ab,M9001335,2025-12-02 19:55:43,100.75,232.0
orphan_transaction,2f063b5abc8a7680b4559ad5c43fe82a,M9001336,2025-06-16 08:36:01,130.09,260.0
orphan_transaction,09feca53cfcef61efc0ea63c0c652a8a,M9001337,2026-06-25 09:13:34,60.67,106.0
orphan_transaction,c10331ef534fadd28d5a70a24fcbd928,M9001338,2026-05-13 17:54:39,58.34,117.0
orphan_transaction,7a07021f27711fe7fbf81d631356bed4,M9001339,2025-07-01 10:51:04,142.49,249.0
orphan_transaction,442a6277f35a22e61315335b04b9e466,M9001340,2025-08-21 10:57:49,59.09,103.0
orphan_transaction,2de44dd0780cf147c4ebcdee1b8c8cfc,M9001341,2025-09-05 13:50:49,119.95,276.0
orphan_transaction,10973ff58e0562f8a59a6969e3ec1bce,M9001342,2025-07-01 06:38:04,34.6,61.0
orphan_transaction,46df801bb5bb6c9447e08356a22fd4cf,M9001343,2025-12-26 08:55:25,56.33,113.0
orphan_transaction,445cde51453fbb27cbcf1f7f978ba32e,M9001344,2025-03-21 02:17:15,63.33,111.0
orphan_transaction,54c75e46b12b82f576fad1c361e193bc,M9001345,2025-08-07 15:35:14,17.79,41.0
orphan_transaction,0675773a8fcdd1c850509699a3885973,M9001346,2025-06-20 13:08:56,39.04,68.0
orphan_transaction,cb4e9af5aedfcc98f0c7a23605b9fdb9,M9001347,2026-06-15 01:15:04,147.72,295.0
orphan_transaction,caea344d2a2c3b2b901db479b424637d,M9001348,2025-12-08 05:54:54,27.74,49.0
orphan_transaction,f0023be8994b24ed8e5ee3ce4563e511,M9001349,2026-01-24 05:25:10,29.1,51.0
orphan_transaction,9daed24cc38214cc5e72ff30c3d63e63,M9001350,2025-05-28 07:19:29,34.7,69.0
orphan_transaction,37c67fcd4faee8442f7994afe4d17edd,M9001351,2026-05-30 17:09:04,91.77,211.0
orphan_transaction,e0c3d9f0c88fae120b22d0ff7ae4d8d2,M9001352,2025-08-24 16:44:38,82.18,189.0
orphan_transaction,288e0e0f11b201317f301ee2660cb2d5,M9001353,2025-02-06 01:28:50,57.79,116.0
orphan_transaction,a05660052812b1a2ad87fe5665853ade,M9001354,2025-08-22 22:39:33,58.79,135.0
orphan_transaction,f213e04d36214a21c45a66a066107979,M9001355,2025-11-28 11:19:00,81.37,187.0
orphan_transaction,56d68425fdcfee7b345b288ecae6a713,M9001356,2026-02-03 11:01:37,128.68,296.0
orphan_transaction,d4d491bb79e5eda30074b6be7374e6c0,M9001357,2025-06-09 21:35:46,27.56,63.0
orphan_transaction,20e5a5d4a001194d78399a099f3476bd,M9001358,2025-04-19 00:17:40,30.31,61.0
orphan_transaction,e3a5dd55a4dcb25a014604ac5b300be5,M9001359,2026-01-16 18:35:30,59.07,103.0
orphan_transaction,5fdfb079960046f207657763ca7dcab9,M9001360,2025-10-12 00:06:36,89.72,157.0
orphan_transaction,5a9bca8eec3ea90a4336dd5031f01ce6,M9001361,2025-03-28 15:13:21,40.78,94.0
orphan_transaction,fc44beb497c7372cd0d506da9407a355,M9001362,2025-04-10 07:53:09,41.61,73.0
orphan_transaction,28f0c421957872053b428f010b78787b,M9001363,2026-03-18 16:59:04,33.03,58.0
orphan_transaction,03f80caabfd6197ce073dea39c29eda2,M9001364,2025-01-05 00:21:33,54.97,110.0
orphan_transaction,f929c7e37d1d342a9866794c2b5faa11,M9001365,2025-03-09 03:50:26,61.39,107.0
orphan_transaction,f348cdd56580fa0da38499cfd5c2b2b4,M9001366,2025-07-23 02:43:41,41.82,84.0
orphan_transaction,90fbdfb42c2756a7d231f24d5a127770,M9001367,2025-07-13 01:37:37,107.06,187.0
orphan_transaction,584441e52720776828af68581ae0914b,M9001368,2025-09-05 15:15:55,35.51,82.0
orphan_transaction,39713af2fde33030ad78fa5d6730c6f8,M9001369,2025-12-05 20:15:27,116.88,269.0
orphan_transaction,b7283c4e3fe8adb438fa56d8ad9fb5c2,M9001370,2025-01-18 22:16:48,68.39,137.0
orphan_transaction,e13e62d3a5b8a36f3735e239432a25ab,M9001371,2025-08-01 22:20:37,150.75,264.0
orphan_transaction,b911779c63a5a71a3f82530e6108f8bb,M9001372,2026-05-19 03:30:19,31.75,73.0
orphan_transaction,c5c56163f85747d185b4728222025490,M9001373,2025-05-29 01:06:24,52.04,104.0
orphan_transaction,5c00a3e19ca98db902c6c917b0ed5514,M9001374,2026-02-27 19:52:59,32.64,65.0
orphan_transaction,5f80a6908cfaa26a6a2865b2a044e1da,M9001375,2026-06-22 11:01:01,38.06,76.0
orphan_transaction,d53855bf3fddf286ba38ebdbe320b3b6,M9001376,2026-01-13 05:26:39,44.6,103.0
orphan_transaction,e3f42d1bf803715412de69c4f053ca5b,M9001377,2025-01-19 06:06:53,75.07,150.0
orphan_transaction,4e2ca9e6ace3f89b2f2b64ef880a9ae7,M9001378,2026-05-30 07:48:05,70.86,163.0
orphan_transaction,d2582228b6707b18723771fd38d0c3da,M9001379,2025-09-28 00:27:43,27.09,62.0
orphan_transaction,b200cd20cb870f4d482bd103ed5f8eee,M9001380,2026-02-20 05:14:40,44.74,78.0
orphan_transaction,29cbd93682f35886a83e5a9acc5a68de,M9001381,2026-06-15 16:07:49,202.35,405.0
orphan_transaction,6fe0cc970cb1910ded2a57f2330253c1,M9001382,2025-04-05 04:06:39,59.53,119.0
orphan_transaction,c7567ae9e3e0d37ebd903f575dc74551,M9001383,2026-06-01 09:04:55,63.51,127.0
orphan_transaction,9a0f38529912f8e3711dab4d8a0e0af3,M9001384,2026-02-28 23:47:12,130.44,261.0
orphan_transaction,9648957fbf2d0e68c4efd60051b31f96,M9001385,2025-08-29 23:03:15,260.23,599.0
orphan_transaction,a293c56a7951b9c03896b0c3fa989719,M9001386,2025-06-22 13:37:58,68.11,136.0
orphan_transaction,dbfda1c8e395ab3d5748cdf08bde37dc,M9001387,2025-10-09 10:28:14,51.92,91.0
orphan_transaction,68e14affd06da67ea6506103104a81ae,M9001388,2025-10-28 18:37:34,62.19,124.0
orphan_transaction,d1d50d9aa1e25f6aa72459919e59956e,M9001389,2025-01-26 18:27:33,58.11,116.0
orphan_transaction,29c35376743be4bc1d302b62bc7cea36,M9001390,2026-05-31 22:22:22,43.28,100.0
orphan_transaction,8f7c317155a0fadc64c52f5d0743c828,M9001391,2025-01-19 04:00:18,81.66,188.0
orphan_transaction,9373d6f5b8d33421adc05e11461f5cee,M9001392,2025-11-04 06:38:05,14.26,29.0
orphan_transaction,a1082b07344c232945cfbcef4ce0a9ce,M9001393,2026-03-30 14:33:10,36.47,64.0
orphan_transaction,f72b77a63724fbdd1f974fa38a223717,M9001394,2025-03-12 07:56:59,73.95,170.0
orphan_transaction,fac425673fab8267ca49ff804a5b8e45,M9001395,2026-06-29 06:39:30,97.39,170.0
orphan_transaction,261c91ff4fcae19acafa505795a2c194,M9001396,2026-05-01 05:31:31,64.63,129.0
orphan_transaction,84bacf5740a02a492d893245436357a4,M9001397,2025-07-01 05:56:47,199.4,399.0
orphan_transaction,d5766b40e86e05f2f037a7cca54fbf41,M9001398,2025-11-28 18:37:19,137.55,275.0
orphan_transaction,2eb0ff92a3f2f05129eac08862e3aa70,M9001399,2025-05-10 04:53:50,44.39,78.0
orphan_transaction,09cda0ea5af250741e650dd87b73538b,M9001400,2025-12-22 11:19:23,146.92,294.0
orphan_transaction,67b363c8b969b31655bb3f9d51073826,M9001401,2025-01-02 17:25:17,140.68,281.0
orphan_transaction,70e919480b3902df992b9c8d31c132df,M9001402,2026-06-21 09:31:46,87.78,202.0
orphan_transaction,f7c41da415d7716bd28024360477468c,M9001403,2025-06-04 11:04:46,107.17,188.0
orphan_transaction,bde2e9a9a17a05bd8e5167ab0533690a,M9001404,2026-03-25 23:49:40,22.89,53.0
orphan_transaction,6565fe592c85b6b69a4bc6554b262ae8,M9001405,2025-07-16 07:58:56,78.07,137.0
orphan_transaction,f96c016d30507b98eb703d408f2ce634,M9001406,2026-01-14 14:05:32,21.38,37.0
orphan_transaction,ab605bc0097d9d8b953084cc949831c5,M9001407,2026-01-13 15:40:04,59.08,118.0
orphan_transaction,cf6534e1797f07c3fa054851e77691af,M9001408,2025-08-29 19:31:38,56.35,130.0
orphan_transaction,c8ebf707664e89a0137c9d9475e638b2,M9001409,2025-12-19 22:10:14,44.43,102.0
orphan_transaction,51316e4216ee599e1f24d8dd65d2315e,M9001410,2025-01-20 14:24:48,44.28,89.0
orphan_transaction,117cd8303975452ebcc9256450baa428,M9001411,2025-01-24 05:49:28,60.68,140.0
orphan_transaction,794397e305b65c9b6a90a3092bacbd18,M9001412,2026-06-12 10:09:56,134.02,308.0
orphan_transaction,b4d40dba1727ecfa85a25287792520f6,M9001413,2025-10-12 12:51:04,52.3,92.0
orphan_transaction,eb3eceedba63c616dcd242d6ce630f20,M9001414,2025-09-27 08:57:20,29.53,52.0
orphan_transaction,e90a5abc8373426982fef20e197cc3d1,M9001415,2026-04-24 01:42:08,64.01,112.0
orphan_transaction,fed3c3ee811335b59ecf2e02aeec2a6d,M9001416,2026-05-14 23:35:33,13.2,26.0
orphan_transaction,5003fde5f2bc8b36dcbc62aa02fc77ae,M9001417,2026-06-16 07:56:57,46.52,93.0
orphan_transaction,1ef2a5793bb1c6a966f5a80528a7b0f2,M9001418,2025-05-05 22:27:16,45.7,91.0
orphan_transaction,6cc78a39e279091eeed581477e92f812,M9001419,2026-02-27 02:12:39,48.99,86.0
orphan_transaction,a81b5a968302ace87d38eaba0644da2c,M9001420,2025-09-09 09:05:47,79.28,139.0
orphan_transaction,c1ad9776c60faca2a186309e7405a6ea,M9001421,2025-07-18 00:52:25,55.61,111.0
orphan_transaction,83ecbdaf061fc8538588d3bf290c3c63,M9001422,2025-03-10 16:36:55,20.25,47.0
orphan_transaction,a1f4caed9dc47539cb72d0bb95cad35c,M9001423,2025-03-31 01:11:45,57.79,116.0
orphan_transaction,8602ca117664cba53ec532c584f9f03e,M9001424,2025-11-10 07:21:46,55.37,127.0
orphan_transaction,42200f3baf384e487409de86f76cb0d5,M9001425,2026-01-08 02:02:58,14.22,25.0
orphan_transaction,ccefed211b7c18918c183f68cf44eeb5,M9001426,2026-04-10 16:02:52,69.26,121.0
orphan_transaction,cbe0c80cb00da3a0918cfff2eda152dc,M9001428,2025-03-21 20:33:29,15.39,27.0
orphan_transaction,45a39b8927461098de8cf39baafdaf83,M9001429,2026-06-09 22:29:03,54.97,126.0
orphan_transaction,e280970195243206e74fceb12f90fc8e,M9001430,2026-01-01 12:26:43,15.87,37.0
orphan_transaction,4f459f2f8dc872fbeadf0b18e494c871,M9001431,2025-04-29 07:03:07,83.31,167.0
orphan_transaction,9a8614e79b35bac7470885944420f1ed,M9001432,2025-06-24 20:45:01,66.15,116.0
orphan_transaction,a9a0d9f879134f47edf33ee9c804480e,M9001433,2026-01-08 20:35:15,74.02,170.0
orphan_transaction,43fa34673f2d901db47d80489a568716,M9001434,2025-04-27 23:00:38,110.05,193.0
orphan_transaction,861104c3b0166a7d235bf822c9cc2c52,M9001435,2026-05-10 15:35:32,66.29,152.0
orphan_transaction,762098df2450568e8a0e2ea28a346f1b,M9001436,2025-05-11 06:15:52,26.96,54.0
orphan_transaction,7df58fc94c31633835a0db7bd7ae7d2c,M9001437,2025-08-06 06:00:20,40.28,70.0
orphan_transaction,d4ec84425b79fd24b5f3ad417b9ed266,M9001438,2025-02-19 00:00:00,76.81,154.0
orphan_transaction,5745b97f6c0e1a2c3ff8742bdf7c2dca,M9001439,2025-11-08 18:23:18,93.07,186.0
orphan_transaction,fccba956f0c2a6181f3e9f13ad7d8f52,M9001440,2026-05-28 14:11:33,43.93,88.0
orphan_transaction,ace2404af5ae994d7ac69bedb510688e,M9001441,2026-02-07 04:21:40,105.88,244.0
orphan_transaction,433bdfdd603124d7d4a4e6f110f60b6e,M9001442,2025-10-20 02:55:20,69.33,159.0
orphan_transaction,da2ac75e85caac0fc96e032e9a872122,M9001443,2025-03-29 00:10:03,63.36,111.0
orphan_transaction,a3a119dc8ee48566ac3613ce3ee4affc,M9001444,2026-04-21 17:20:25,76.13,133.0
orphan_transaction,47ef5364bb7faa383003e86bb445ee22,M9001445,2025-12-05 18:28:04,26.54,46.0
orphan_transaction,bbc988ef952c59b94af8a57f6b9629a9,M9001446,2025-03-08 18:07:18,82.23,144.0
orphan_transaction,cfa827fea180565aea2dff5b5f32455f,M9001447,2025-07-30 09:55:16,29.37,51.0
orphan_transaction,527c9a45ec118a5e94a874b5eed0c38c,M9001448,2026-02-09 22:24:10,36.36,84.0
orphan_transaction,6c3e9e8a0155e1b1eebaf80f74ff63e7,M9001449,2025-06-06 22:30:44,49.63,114.0
orphan_transaction,c48ce2ad90a5e2f3c7baf5a8e8a93ddf,M9001450,2026-02-19 01:25:13,46.69,82.0
orphan_transaction,10b9b1e7f3a502b018d147172fc59fd3,M9001451,2026-03-16 16:35:24,39.44,79.0
orphan_transaction,8bd8f43ac016be8e126c9bc282cd5699,M9001452,2025-09-03 00:43:17,109.0,191.0
orphan_transaction,5a96212694d0edd5607cf8b3a6e5ccdd,M9001453,2025-08-11 09:01:59,197.78,455.0
orphan_transaction,24903091f3ecef935636022c4ba00ed7,M9001454,2025-07-28 09:46:48,97.57,171.0
orphan_transaction,bc6b4f7c74934b6321452c27d0af62f2,M9001455,2025-06-06 02:37:06,56.85,114.0
orphan_transaction,7976c7aa9381ddc0632190bbaf71cb67,M9001456,2025-08-16 14:47:00,39.6,69.0
orphan_transaction,361ddf89ed674dd7aa1cb7b12ba39e03,M9001457,2026-01-07 05:13:45,56.09,98.0
orphan_transaction,5ae1ff6d406e217aaa617db40b145287,M9001458,2025-10-01 03:31:24,40.52,71.0
orphan_transaction,e99bca16dcd36fcfc5b8b06d4cd42dfb,M9001459,2026-02-01 09:51:38,36.94,65.0
orphan_transaction,ef36f82bd8a73d623884725e07edd5f6,M9001460,2025-09-01 17:50:37,57.69,101.0
orphan_transaction,9824b1305d42044c80cbf4d81a0750f2,M9001461,2026-04-03 03:34:15,91.24,160.0
orphan_transaction,338d4734170a3accd09b64f9a289f62e,M9001462,2026-04-05 17:03:38,65.72,151.0
orphan_transaction,745bf811bac16334b292a97973262075,M9001463,2025-03-08 14:07:45,34.4,60.0
orphan_transaction,8ed773d10d50c7fc2a029cd602be1c2a,M9001464,2025-02-13 10:32:58,20.76,48.0
orphan_transaction,fb53801227bfe60c35ca5da7255920a6,M9001465,2025-01-11 00:45:32,49.63,114.0
orphan_transaction,a835c63ccade655710af24b94a83ef61,M9001466,2025-04-07 15:35:49,110.28,221.0
orphan_transaction,e236d96ff474195c10bfc7ed286055fb,M9001467,2026-03-23 13:14:51,15.97,28.0
orphan_transaction,e23f0439e125166e57014b6596b7cbf3,M9001468,2025-09-14 07:57:58,118.6,273.0
orphan_transaction,16decd6de3f519846b7804fb8ef14988,M9001469,2026-05-18 06:17:45,180.03,414.0
orphan_transaction,21dbfaca009b994521c3b28b2b6045ee,M9001470,2025-09-20 15:15:22,89.79,157.0
orphan_transaction,e623de3a7de432e94b0f236f3ddcda5a,M9001471,2026-06-11 11:53:25,122.92,215.0
orphan_transaction,8a335c086f06dae11143fde57fc5d5fe,M9001472,2025-12-21 03:44:27,79.0,182.0
orphan_transaction,0d12b116f69e70643f700ecaa6a8a09d,M9001473,2026-05-03 12:14:16,41.6,83.0
orphan_transaction,0aa17978fc4e17ff15bcc0b29b90fd66,M9001474,2025-01-12 23:51:26,21.35,43.0
orphan_transaction,1430aeb900d5ece913f5373d04116765,M9001475,2025-06-22 08:41:21,12.7,22.0
orphan_transaction,049393ce87e754baa601ea4afd30f265,M9001476,2025-05-25 10:07:59,64.82,130.0
orphan_transaction,e8cb853f82b59d7407509bed4f9e3b5b,M9001477,2025-08-06 02:19:07,36.77,85.0
orphan_transaction,901fd779d0bbb3ddca4fbd65e6141680,M9001478,2025-09-09 05:17:42,20.3,41.0
orphan_transaction,597d0e474c31cf9cbcfc67540d9817c8,M9001479,2026-01-25 13:56:23,169.98,297.0
orphan_transaction,4896ce3049e8f5794f151565f32761a9,M9001480,2025-01-14 01:48:32,22.59,52.0
orphan_transaction,560d0da49b6f8d36cf578d4715f5fd34,M9001481,2025-10-13 06:56:17,19.79,40.0
orphan_transaction,a74b8430390720dd10a3118feab7aad9,M9001482,2026-04-28 00:32:00,88.89,156.0
orphan_transaction,e23011503a7ee0d3e55a3ebd5d00a13a,M9001483,2025-06-28 03:34:14,37.09,65.0
orphan_transaction,c185e3b7e46aa9e6c5dbd9051d1ef14a,M9001484,2025-08-07 11:44:24,51.1,118.0
orphan_transaction,ce0d51501669142058050a62d7ac1098,M9001485,2025-09-01 20:21:55,64.31,129.0
orphan_transaction,d8e9ab09eb61d11e599beeee5eae4bfa,M9001486,2025-10-09 21:54:33,179.2,412.0
orphan_transaction,2b07fbfdbaaa4689fb4e365d4b7a9750,M9001487,2025-04-29 20:16:43,48.42,97.0
orphan_transaction,bc5f9dc13581ce938bbc6e583e3c5239,M9001488,2026-01-18 16:55:57,61.57,123.0
orphan_transaction,d5c491d4ede748f0491cd9bdb064d9a0,M9001489,2026-01-15 20:26:56,19.38,45.0
orphan_transaction,5332bdc9e8d867fcb40a7862025f304b,M9001490,2025-04-25 11:50:37,83.12,166.0
orphan_transaction,50e775a6a6e4b99f1eb6fb8e03f65f19,M9001491,2025-06-28 01:45:56,85.84,172.0
orphan_transaction,c81bf7990838378f99d6e24fe7c6c525,M9001492,2025-03-17 19:30:05,40.25,70.0
orphan_transaction,c293c6cd10fbcac26c72a0196d69af88,M9001493,2025-02-22 22:16:24,48.83,112.0
orphan_transaction,7dce31cf989be05065d6b24ebddbf961,M9001494,2026-03-17 16:07:54,76.42,134.0
orphan_transaction,edfecca4c2cadbacdff0267e323de017,M9001495,2025-01-31 02:04:14,25.93,45.0
orphan_transaction,b954a501ddce99dbcf498cdfb28af5da,M9001496,2025-04-26 12:43:58,169.71,297.0
orphan_transaction,8bfbf12391efcdf6ef8b219846d8d146,M9001497,2026-04-17 13:43:15,61.19,122.0
orphan_transaction,8025d415154bf1fdd0059c50734baca9,M9001498,2025-12-12 00:00:00,44.57,103.0
orphan_transaction,37146a1fb225e5423839dfab13b4a585,M9001499,2026-05-17 06:21:15,63.54,146.0
orphan_transaction,9bfb6a66645a39210a4e47bb4929f333,M9001500,2025-08-11 21:04:38,30.93,54.0
orphan_transaction,1a6db6c3738e2c2fc325f377edaf6c67,M9001501,2025-10-11 02:50:27,20.76,48.0
orphan_transaction,a5b20e49730394ec139d6867a0e8a66b,M9001502,2025-08-23 12:40:23,41.08,94.0
orphan_transaction,6b41dfd1eeb5f867baa45c3134725895,M9001503,2025-06-25 02:08:21,54.53,95.0
orphan_transaction,b6d0d616b9cc28d0f64bd4e3d8afda75,M9001504,2025-11-13 12:14:58,21.01,42.0
orphan_transaction,df819c854a92bcbdce18a135422c0c3c,M9001505,2026-03-04 05:05:56,111.24,256.0
orphan_transaction,a80efdfde2dac9b3d6f53c62f2007ed7,M9001506,2025-01-25 04:54:11,10.9,19.0
orphan_transaction,5c3c8322d11338cec23161837eb46b6a,M9001507,2025-09-19 04:13:11,36.83,74.0
orphan_transaction,23d8f2ad4429184f4ba1a2b41334ebe8,M9001508,2026-04-18 18:54:38,110.29,254.0
orphan_transaction,5fb6b39a48727b344d49385dd508b1e8,M9001509,2026-03-22 01:45:47,61.61,123.0
orphan_transaction,b92d2f81d892748004b184ddf609204f,M9001510,2025-11-08 13:37:56,91.86,184.0
orphan_transaction,c1103dd2630914bd87530b86c0caf6fc,M9001511,2026-06-10 07:05:27,190.0,332.0
orphan_transaction,44d31bbab0def488bb04dff29f812a3e,M9001512,2026-01-26 05:38:40,33.23,58.0
orphan_transaction,a8bac1b9961ac1c00602dea20272f335,M9001513,2025-11-09 22:24:30,45.69,80.0
orphan_transaction,1a7ba2dd78e59f394191dca7e7f17d79,M9001514,2025-10-25 22:53:07,51.29,103.0
orphan_transaction,594f2c889434615105f15c42f80e11b7,M9001515,2026-03-04 16:00:36,33.96,68.0
orphan_transaction,47958aba5e3a414b549f4446b8788a46,M9001516,2025-12-30 14:11:14,57.45,101.0
orphan_transaction,908c8aff1eec4c3180de38eb55bbd787,M9001517,2025-03-27 12:04:04,52.38,120.0
orphan_transaction,c80df16624cf7e4b4f6424a214ecb000,M9001518,2025-02-15 23:23:01,33.76,78.0
orphan_transaction,fcf82d17fc12e7eafb7f7d719c9a8ce9,M9001519,2025-07-12 17:54:10,105.68,243.0
orphan_transaction,e2645a84720206ded27050e84ced11f5,M9001520,2026-03-10 16:35:58,28.21,65.0
orphan_transaction,6c160c44ff7e9cc52e5ab39441fedd96,M9001521,2026-04-29 23:31:50,54.36,109.0
orphan_transaction,fbb35d7ce0b03b844db1fb32e0e6aafb,M9001522,2025-04-19 15:47:29,114.74,201.0
orphan_transaction,3264bb617424648f424ebb2e3516ec2e,M9001523,2026-06-06 21:04:49,42.45,74.0
orphan_transaction,736daa05342ac9989092e869d369092f,M9001524,2026-03-06 07:35:25,47.06,82.0
orphan_transaction,d00cbd8bf60544bc0adf6aa35436af36,M9001525,2025-12-11 05:09:40,73.19,168.0
orphan_transaction,48d2d128a835a44e5d15f55a1ee5788c,M9001526,2026-06-10 20:36:44,16.5,29.0
orphan_transaction,67215048df800b85f41ace8016d5ce8c,M9001527,2025-06-08 02:34:51,28.87,66.0
orphan_transaction,50369a592e1cd9c86c69db0ac3fb6330,M9001528,2026-06-01 01:29:11,212.97,373.0
orphan_transaction,d789d3d8b1be0eab3ecd632386443e28,M9001529,2025-11-30 00:53:37,35.66,62.0
orphan_transaction,c39233a389173804d2738067112327c5,M9001530,2025-10-02 09:25:02,148.1,259.0
orphan_transaction,c68a6acf20fb7e2e274a2825f5b2288d,M9001531,2026-06-21 11:49:47,69.52,122.0
orphan_transaction,38665113f1bcc7c97347150f5023f64f,M9001532,2026-01-05 22:19:17,57.04,131.0
orphan_transaction,c92acc0e71a4618bbdf16226b08b26ce,M9001533,2025-10-07 20:54:26,111.26,256.0
orphan_transaction,5fa828293c8464f0ccf4bcbf49d22b24,M9001534,2025-02-16 17:05:38,60.45,139.0
orphan_transaction,8784d3841c47b3481f37c55b7a39c8b6,M9001535,2025-10-16 00:55:46,29.03,51.0
orphan_transaction,be9ef83459e11215fe258a45102c85ce,M9001536,2026-03-04 04:35:03,48.07,111.0
orphan_transaction,b0aa75bfda91e645399770d1838aaed5,M9001537,2025-07-07 16:29:56,32.2,64.0
orphan_transaction,b3a72f224176fec058f8d76badc682e3,M9001538,2025-02-14 21:49:12,75.71,174.0
orphan_transaction,351de52febf8f1831f638cb3d62c4003,M9001539,2025-03-17 15:08:24,48.38,97.0
orphan_transaction,66f8789cfe31b2318348698ad38c86da,M9001540,2025-06-04 11:32:01,71.93,165.0
orphan_transaction,41f4bc48e21fb7bb4879a18305e992a2,M9001541,2026-05-28 01:24:46,45.05,104.0
orphan_transaction,cdc0273accb166c9d22b76fd028a7e3b,M9001542,2025-03-15 23:14:52,13.68,24.0
orphan_transaction,92f97ca0e822002fbc8635b9231aae50,M9001543,2026-04-25 00:32:27,40.13,92.0
orphan_transaction,12841385968181470a4a460b7e789c14,M9001544,2025-12-01 04:42:11,160.3,369.0
orphan_transaction,81456ec5778efc5f44dcd2885a564eab,M9001545,2026-06-25 12:13:46,19.86,40.0
orphan_transaction,746c7c4f4a0a3ccc5b54ef9f77513ea0,M9001546,2026-02-15 00:07:04,58.51,102.0
orphan_transaction,3828a88e38961b059ec21b3748a8b1a7,M9001547,2026-03-10 05:26:06,65.82,151.0
orphan_transaction,f3b54ae485a4381c1da479b42ad30d02,M9001548,2025-09-10 07:00:42,82.04,189.0
orphan_transaction,cf407de5ad9ae003b909a79b39d5faa1,M9001549,2026-01-04 06:31:34,129.29,297.0
orphan_transaction,c011ce49f24bfcfcf58f0eb683db0a80,M9001550,2026-01-22 18:08:36,104.86,184.0
orphan_transaction,b8d03290226326a0c049fa7d5aae61c1,M9001551,2025-05-17 07:32:15,42.83,99.0
orphan_transaction,c85239a71a2db59cc87e56d3e4bb20a9,M9001552,2026-04-19 18:59:06,136.95,315.0
orphan_transaction,ae2c845e11c6c2a5e149ed3079058f44,M9001553,2025-10-23 01:01:13,28.45,65.0
orphan_transaction,7b5c9683cfd691a1b5ee99057fcd586a,M9001554,2025-05-25 00:47:43,23.7,47.0
orphan_transaction,ea30f9ac86c66182f46f397912f7b48a,M9001555,2026-04-06 18:28:44,61.34,141.0
orphan_transaction,9a68cd921198108a8a2809526b6bb12b,M9001556,2025-10-29 13:10:03,75.37,173.0
orphan_transaction,ea8c93451d72f2b8bf6aa2ec486560c6,M9001557,2025-07-01 17:04:36,59.05,103.0
orphan_transaction,ceba383de4c08e18fe3623cf1805665a,M9001558,2025-01-13 10:19:42,166.13,291.0
orphan_transaction,6e6d1c02c53ce324b2921fb70e62a337,M9001559,2025-04-20 21:07:15,33.36,67.0
orphan_transaction,89a9daf9a4d8575d9650525a0a57ed5d,M9001560,2025-03-03 00:27:58,130.04,299.0
orphan_transaction,32fc8f82f47bca8e6503147137ec3de6,M9001561,2026-04-23 00:44:35,51.44,103.0
orphan_transaction,cf7547b00698045deb06a492a43e4fe4,M9001562,2025-12-09 03:53:52,48.5,85.0
orphan_transaction,3fcce705d328bcb6c6cec32925d2ad0b,M9001563,2025-05-13 10:39:04,52.39,92.0
orphan_transaction,3b6bf9a1faece358524c1496123ba904,M9001564,2025-03-08 11:38:11,39.67,69.0
orphan_transaction,f2729848c6b702af5002465d485a4c2f,M9001565,2025-03-18 01:43:27,60.45,121.0
orphan_transaction,7f2d952683c9d4bddb3210264eb30122,M9001566,2025-04-04 08:30:59,50.1,115.0
orphan_transaction,7e82e6a3174be3ed5f59b83ec8a477cd,M9001567,2026-01-25 06:21:24,53.16,93.0
orphan_transaction,c901c10501176dc5001f8eb0f2d1ad09,M9001568,2025-12-10 08:33:23,33.68,59.0
orphan_transaction,b95bfbfa0c8ef8422a15cba79aa51585,M9001569,2025-01-11 14:52:27,60.27,139.0
orphan_transaction,143665e01df3ebec67679460bbd62e4f,M9001570,2026-02-20 12:49:30,55.99,112.0
orphan_transaction,7ef9f2262100da2f73409f99ece316e0,M9001571,2025-06-12 21:37:17,158.66,365.0
orphan_transaction,a33234a16dbb35c4ba1cd9fb32c27230,M9001572,2025-07-08 11:56:53,79.16,182.0
orphan_transaction,1d1013bf1c19b3dc1edcd26ba75b7dda,M9001573,2025-11-23 21:02:13,11.54,23.0
orphan_transaction,5dfae0bb3cd0f88f6d3bbdf9692e7dee,M9001574,2026-05-22 00:00:17,47.09,108.0
orphan_transaction,9bf3f42430030c97a20c29e4346b32c5,M9001575,2025-02-10 10:58:00,28.47,65.0
orphan_transaction,f037abec88b431527e1341573cb4e0d2,M9001576,2026-01-30 20:44:11,21.83,38.0
orphan_transaction,8d9627c7f74b570b22c4bab116808138,M9001577,2025-02-22 05:50:52,62.88,110.0
orphan_transaction,491f47b555e92abfe409a241164c4bcc,M9001578,2026-05-11 13:28:21,96.88,194.0
orphan_transaction,2613c898bc2b6f20b5f4296560b19e83,M9001579,2025-05-11 16:19:49,119.93,210.0
orphan_transaction,bb9a65f5be6ca82928ebcbbc98a21ae1,M9001580,2025-04-19 07:39:19,69.97,122.0
orphan_transaction,4e962168c770d2f0dbe75cd9a4aa8bf9,M9001581,2025-09-25 09:17:45,19.19,38.0
orphan_transaction,98d144cc906c3355103f447445c42323,M9001582,2025-10-09 13:56:19,49.82,87.0
orphan_transaction,19699744c93e64a618158cc920436edc,M9001583,2025-05-22 11:43:46,45.32,104.0
orphan_transaction,bc9821559996d4065531d4648b409d15,M9001584,2025-07-02 21:00:58,76.09,133.0
orphan_transaction,d4df12d625e57b83c4e19a484d741db3,M9001585,2025-10-27 09:18:14,33.1,58.0
orphan_transaction,7a5765a7402fc1790d93fd6a9fe3e03d,M9001586,2026-03-26 07:29:10,38.27,77.0
orphan_transaction,4941b0ad313000d51e99926b06190923,M9001587,2025-01-04 21:08:43,55.68,111.0
orphan_transaction,0a8c65414b7c4fab44c43344d52fe381,M9001588,2025-05-31 03:22:09,72.75,146.0
orphan_transaction,299e4bd5a84a7d703ce759a133e57b03,M9001589,2025-08-09 23:25:58,28.2,65.0
orphan_transaction,af4e9cd2a342633a5f70a2036b262438,M9001590,2025-10-20 23:18:35,34.06,68.0
orphan_transaction,e8111154a3f21182f56745671fb36702,M9001591,2026-01-19 18:55:03,90.1,207.0
orphan_transaction,4c6de5e02ce74917a95957a0bb90aaca,M9001592,2025-09-24 22:20:24,22.47,45.0
orphan_transaction,1605c575c58bdf54f66c5e32470c864d,M9001593,2025-08-21 21:44:44,33.77,78.0
orphan_transaction,4deee1f55e0d37b3f6b32203b98dd633,M9001594,2025-06-04 00:20:57,27.34,55.0
orphan_transaction,56e46b5fce804670ae03eb5a57e21f78,M9001595,2025-12-08 17:27:09,35.13,61.0
orphan_transaction,69694e0d2fad028ab695f879fa3f5ef8,M9001596,2025-09-13 08:44:33,41.6,83.0
orphan_transaction,47b9544d306cf27c98311964268cca7c,M9001597,2026-05-04 07:40:46,45.84,80.0
orphan_transaction,40a82792b0280bc62990f54b199cd99e,M9001598,2025-05-10 08:07:08,38.24,88.0
orphan_transaction,966b8bed4f6d304ae964e91eac11576e,M9001599,2025-05-12 18:24:00,25.56,45.0
orphan_transaction,54c6c92560bfc805475c4116eecb91b5,M9001600,2025-08-09 16:44:48,25.12,44.0
orphan_transaction,d0b2b4bfccc91c581d85e7aa324b0a32,M9001601,2025-01-07 02:13:12,47.15,83.0
orphan_transaction,86a892a8a9a7456d0d60fd790f81070b,M9001602,2025-06-08 17:53:36,36.26,63.0
orphan_transaction,1f0ea449a02c9a51a8621a07a171fa1a,M9001603,2026-02-21 10:33:50,30.41,61.0
orphan_transaction,ea654e35bfc1c491e14be7dda207fe5b,M9001604,2025-07-06 04:28:29,36.02,72.0
orphan_transaction,a09d03b9a75dfaec8a6f729a6de1e56f,M9001605,2025-10-01 21:20:02,105.03,184.0
orphan_transaction,89e3a0ad939cd358b4c5e028253bdf09,M9001606,2025-02-21 16:27:59,52.16,120.0
orphan_transaction,ecc77d78923da1ab5ae953866e954bd9,M9001607,2025-10-24 03:26:36,29.85,60.0
orphan_transaction,05d191397ec8c6bda4f4cd5f195cbedc,M9001608,2025-11-15 19:37:41,33.5,77.0
orphan_transaction,40686ba94e63a9b4180da103f63f3a5e,M9001609,2025-08-28 03:37:09,32.63,75.0
orphan_transaction,4f32d143cd0433e62bb0c10d76688747,M9001610,2025-03-30 04:18:05,63.67,111.0
orphan_transaction,0cb7a0ec83aa038bd0879d45f3f9a502,M9001611,2026-05-25 00:00:00,43.68,76.0
orphan_transaction,63396b834ab59b42afd74c354dfdd8e3,M9001612,2026-02-15 10:20:18,55.48,97.0
orphan_transaction,d138b1a6fa64bd6b9486ece4cd6ce846,M9001613,2025-10-15 06:35:30,28.52,50.0
orphan_transaction,ddf4ab1c1c1c92ddae1b22d6edd3038c,M9001614,2026-04-06 00:17:47,74.26,149.0
orphan_transaction,dcc0d25eaf52ad2cf90bd8fdd7a27be4,M9001615,2026-03-09 04:06:11,75.5,174.0
orphan_transaction,a86a93de7aa3843101343cce351006d0,M9001616,2025-07-29 04:42:52,59.02,136.0
orphan_transaction,6e310f02a51b2b65bd5e8638a1be8612,M9001617,2025-04-24 14:14:02,33.44,77.0
orphan_transaction,085702acf19b203419c95ea2c44debe6,M9001618,2025-02-02 03:41:10,257.54,592.0
orphan_transaction,f52994e88db2325e68bde314d284a1b6,M9001619,2025-01-16 01:26:24,38.83,89.0
orphan_transaction,7b565c1af1ff64ee1f03469cb68478a9,M9001620,2025-01-28 23:43:53,73.9,129.0
orphan_transaction,cde56f21c02540396fc8e1cd943a1998,M9001621,2025-02-05 12:34:06,35.98,72.0
orphan_transaction,80fceef18a540e004d5aabeb86f5096c,M9001622,2025-12-15 22:22:04,65.42,131.0
orphan_transaction,6ce037117cba5c1cfb17c9cbfa24797d,M9001623,2026-03-24 05:39:35,41.51,73.0
orphan_transaction,7709459b501e1e1350002d18167d7087,M9001624,2025-05-22 05:19:27,17.62,35.0
orphan_transaction,7347472be86ec9a3c7be41a53aee69f3,M9001625,2025-03-20 18:34:54,40.18,80.0
orphan_transaction,8a2c87f0bb08b6a4c968d4b1fc4246b9,M9001626,2025-12-26 05:36:31,90.57,158.0
orphan_transaction,4228187d49cfdd3b2822a24df55537b6,M9001627,2025-10-16 05:21:40,33.38,77.0
orphan_transaction,e03e8351b4e52a1837fd90a2bfea14d5,M9001628,2025-06-27 10:23:36,76.03,175.0
orphan_transaction,a528ced5505e59f6c4c65a95b013ceaa,M9001629,2025-05-21 14:41:44,149.76,262.0
orphan_transaction,e84503947df1128d6c80a98663b900e3,M9001630,2025-03-28 15:26:20,16.32,38.0
orphan_transaction,5737157e5b4acb46fe9104a0b24e16ca,M9001631,2025-11-30 02:17:55,162.02,324.0
orphan_transaction,e5a0f4a87c352a8a860dc80566893b7e,M9001632,2026-05-30 16:11:55,36.03,72.0
orphan_transaction,7b36279e03453af6c9126a40c7779f42,M9001633,2025-04-19 01:47:05,77.46,178.0
orphan_transaction,430281ef365c5a590d9d927c5a81714e,M9001634,2025-08-05 08:30:33,92.73,213.0
orphan_transaction,21b339424760a286fcf38ebbe5daffe8,M9001635,2025-04-20 16:56:21,135.94,272.0
orphan_transaction,4afd132cb9c2591d0eadf1de2bdabeac,M9001636,2026-06-18 01:20:47,19.91,46.0
orphan_transaction,4bc86ca92d48691fd0b6e2ac78c99bac,M9001637,2025-06-24 07:05:12,117.98,236.0
orphan_transaction,80fa7d52ce1736213373c03ef80cac0d,M9001638,2025-02-11 13:22:04,57.38,132.0
orphan_transaction,635858ba3bc53aba9330d425ed93c812,M9001639,2026-06-22 05:28:23,38.61,77.0
orphan_transaction,eed8521394506bb343c758cdc04351fb,M9001640,2025-06-07 07:06:39,38.31,88.0
orphan_transaction,5c11b539e68a720ab2b0a333a04bd1e3,M9001641,2026-05-12 15:31:40,71.89,165.0
orphan_transaction,63771658a98533ad60bba39e71fa70a9,M9001642,2025-03-02 01:17:47,45.08,90.0
orphan_transaction,95141e5b4bac5a5c7e5fd341154b621e,M9001643,2026-06-11 03:29:44,64.69,149.0
orphan_transaction,c075f80e70621092f5d8d8b6afaa1145,M9001644,2025-09-26 08:43:41,29.87,60.0
orphan_transaction,989c8b1f260b7f808e47014f71b74a85,M9001645,2026-05-16 13:45:55,22.54,45.0
orphan_transaction,c3072f5deb4edc61a91d4973809adf61,M9001646,2025-06-01 00:00:00,134.26,235.0
orphan_transaction,8a256d61df45af9c4a68ce67d674d2bd,M9001647,2026-04-18 23:56:18,144.64,333.0
orphan_transaction,29e3df03d0218933fc875f12491021ed,M9001648,2026-04-27 00:00:00,84.96,149.0
orphan_transaction,10d2b68fe704fff3ccdb3ef7601bf649,M9001649,2025-06-22 08:20:45,153.38,307.0
orphan_transaction,8742e7ab96a2ffb37dafba602954d5bb,M9001650,2025-03-13 01:06:01,39.5,79.0
orphan_transaction,38633f602d99c1d2ff0c01e715e51581,M9001651,2026-04-22 15:11:49,124.98,250.0
orphan_transaction,fd23e4031d689c29d53dc4c8bfd0448e,M9001652,2025-07-08 07:37:14,76.17,152.0
orphan_transaction,9a62d27fed97c338aad3d27b15bfcff1,M9001653,2026-01-03 11:52:26,33.34,58.0
orphan_transaction,71c4ee7301b7a60891a778c4dac33330,M9001654,2025-07-13 07:34:37,54.41,109.0
orphan_transaction,0a07e196fcc33d93f8c514ba9c2c89ad,M9001655,2025-02-04 06:34:58,29.58,68.0
orphan_transaction,2ed98f70d8d889d67987a22e342a50bb,M9001656,2026-05-30 15:42:07,81.9,164.0
orphan_transaction,b8c01e0bd34c40d298d3849e95a6cc2e,M9001657,2026-03-18 00:00:46,47.35,83.0
orphan_transaction,5d8e3513011a74ae3c519a88b9751524,M9001658,2025-10-16 00:23:12,56.38,99.0
orphan_transaction,79586e3003117e16ce1e027f6491ceec,M9001659,2026-03-15 04:35:43,84.19,168.0
orphan_transaction,5b5c07925446fe5c2536a0522ab0d0a6,M9001660,2025-08-01 10:01:56,102.92,180.0
orphan_transaction,e9132c2f7abd5c725ceda379885d1e14,M9001661,2025-09-03 10:11:04,23.45,47.0
orphan_transaction,d870d0750e2405b5285d6e8f84811934,M9001662,2025-03-23 20:59:17,32.9,58.0
orphan_transaction,3ab690171ce6fdb52285434951fcf75c,M9001663,2025-03-07 08:24:20,94.47,217.0
orphan_transaction,0771da2761d01e5b8c60e6f2d5243ace,M9001664,2025-09-29 02:39:46,74.77,150.0
orphan_transaction,8fcc7e93f683ec1604c304e17e5bacd1,M9001665,2026-03-05 11:41:13,62.11,143.0
orphan_transaction,2ab6d35ed18631dabfb6bda6339dc137,M9001667,2025-04-16 05:24:09,38.53,77.0
orphan_transaction,2bb3a3348b62f31b3214c05bd8835380,M9001668,2025-12-02 12:17:48,37.79,66.0
orphan_transaction,9a00baf5808b5e2226b0de093a137485,M9001669,2025-12-03 06:59:55,90.53,158.0
orphan_transaction,80559b0eb255db02d3aef379de2218e1,M9001670,2026-05-20 00:00:00,32.6,75.0
orphan_transaction,92f67a5c0d13b1eedb351ca78d72f89c,M9001671,2025-11-03 01:14:07,22.26,51.0
orphan_transaction,6ecf9289ea3222aca49773b4752969e3,M9001672,2025-04-06 21:10:13,93.93,188.0
orphan_transaction,3eaad824ef10e52302683aa849476f1a,M9001673,2026-04-11 07:21:21,253.0,443.0
orphan_transaction,8cba8db6f2b041192973a411385d8210,M9001674,2025-01-02 04:06:51,34.73,80.0
orphan_transaction,ebf92fe36bf96e06553a5a577a4390ca,M9001675,2025-11-11 12:06:22,38.35,88.0
orphan_transaction,d770a3f6360982af83ca98cfc6933803,M9001676,2026-01-06 10:26:16,54.47,125.0
orphan_transaction,e5ec035bae200af380a2420ac7238344,M9001677,2025-05-31 02:11:45,89.29,179.0
orphan_transaction,57cb94983df7dbf56951cced359ce859,M9001678,2025-03-23 08:32:38,71.51,143.0
orphan_transaction,7b2f43e347f9609b0a13facf617407fe,M9001679,2026-02-04 20:41:57,50.05,100.0
orphan_transaction,d53bb5ab7164d903ad3ae44d6fbff69b,M9001680,2025-11-24 22:28:46,51.67,119.0
orphan_transaction,49ecd95ebf2e234986d239ac8919b478,M9001681,2025-10-23 09:48:16,67.21,155.0
orphan_transaction,2ac6b23f163590d5f3bb99a4f5e0b8cf,M9001682,2025-02-07 21:43:04,23.63,54.0
orphan_transaction,f6cb648d76e5adf251b3f38a7da0b45c,M9001683,2026-03-26 18:21:55,23.78,55.0
orphan_transaction,720375419f4deb81207bf13ee14afa17,M9001684,2026-04-21 15:20:08,69.65,139.0
orphan_transaction,f235a1e66eafe32b55934b248f33cf78,M9001685,2025-03-06 12:09:34,59.54,104.0
orphan_transaction,ac75f3892e7ae28081598ee2b5f0256e,M9001686,2025-02-26 08:10:25,47.45,109.0
orphan_transaction,e9ec18d62b1f51dd240bf642b44c2799,M9001687,2026-03-13 19:36:56,46.13,106.0
orphan_transaction,76c95894266ed8b307993e85155273a0,M9001688,2025-04-19 12:36:13,18.54,32.0
orphan_transaction,f595d73cf9b2c7b1a705405e2460aa02,M9001689,2025-03-11 16:21:43,28.95,58.0
orphan_transaction,c8a69cf89929a84c9a7991272446c5db,M9001690,2026-03-31 12:12:10,128.71,257.0
orphan_transaction,defd7bf44c9775afbd7b5a742bb03b34,M9001691,2025-01-04 02:14:49,39.52,69.0
orphan_transaction,8a8a4638071c255539d82c1277770a44,M9001692,2025-03-05 12:32:05,49.61,87.0
orphan_transaction,cfba673b2fd26b13ffc64467a1861545,M9001693,2025-03-18 10:18:03,113.04,226.0
orphan_transaction,9027e7bcc9511924a3aea564a0029326,M9001694,2026-05-11 09:15:48,80.76,141.0
orphan_transaction,e5ed14a58f82bcf25cfab8af74d9b86b,M9001695,2025-03-18 15:58:24,38.77,68.0
orphan_transaction,5bfd8c68ee7168dc3270bbbe88818a30,M9001696,2026-02-14 23:34:13,40.05,70.0
orphan_transaction,f2ca9ecace6dd026083dcb6da28dc5a8,M9001697,2025-07-28 20:38:14,100.81,176.0
orphan_transaction,6b97542b97be8094636a65c6c682c57f,M9001698,2025-01-24 01:23:03,71.43,164.0
orphan_transaction,ce04d83d1318efe4f94edc568ff8ed57,M9001699,2026-02-17 03:47:50,68.07,157.0
orphan_transaction,5a769f2550cfabcbf705ffe1334b8fcc,M9001700,2025-04-06 07:51:10,89.43,157.0
orphan_transaction,ea7805304e6961a8c184f0611fda45e6,M9001701,2026-03-15 07:49:52,146.89,294.0
orphan_transaction,db9f3223ab8f5736457b331fb30aab9b,M9001702,2026-05-06 08:38:42,32.12,74.0
orphan_transaction,b8b9897fb78758ce391625301ce8502b,M9001703,2026-02-11 07:06:20,26.97,47.0
orphan_transaction,92267f05f35b7e4d9a022865ea1c0733,M9001704,2026-05-08 12:56:31,48.86,86.0
orphan_transaction,5f3ef5dcb9817a133f6cffc7212747af,M9001705,2026-05-08 05:30:38,28.46,57.0
orphan_transaction,4baa77009ea5e05789d87b7393998b14,M9001706,2026-04-24 22:20:41,68.05,136.0
orphan_transaction,f52e9427291ef5d225a47e268b25ce3e,M9001707,2025-07-26 03:44:38,43.98,101.0
orphan_transaction,cda872e053ec3d7bd077f53019fbaf57,M9001708,2026-05-10 07:25:29,79.75,140.0
orphan_transaction,06c056aa6963acaa9ae5c871494561ed,M9001709,2025-10-27 13:56:38,75.09,173.0
orphan_transaction,6cdf28496bfee5ce460dbeacc4d3e2c4,M9001710,2026-01-03 05:03:57,41.99,97.0
orphan_transaction,4c1e369caedf2bb6068e0029f5aefb98,M9001711,2025-10-30 14:58:46,80.93,186.0
orphan_transaction,aca89588bd35d790d97bb899ef18a974,M9001712,2025-11-19 23:53:54,31.4,55.0
orphan_transaction,ca363d5d217d9ff2603416acc13bf251,M9001713,2026-01-06 00:47:35,41.56,96.0
orphan_transaction,cde5b6a30d7b9e063640aae39154b71d,M9001714,2025-09-17 17:47:42,55.79,128.0
orphan_transaction,9145b120a9329b8fdfdfb973be327093,M9001715,2026-01-26 22:06:59,108.13,249.0
orphan_transaction,7c141fc1692eafac8ee2ca64566b2e8e,M9001716,2025-11-01 12:33:13,60.62,139.0
orphan_transaction,c0720810d690f37803895658e7d6f665,M9001717,2025-12-10 23:46:43,41.3,95.0
orphan_transaction,5f7c706b43f38c357a54caece2a33360,M9001718,2026-05-04 17:21:41,66.14,152.0
orphan_transaction,9d4464a568cca9136fbe3140dc18b61f,M9001719,2025-03-29 12:11:38,31.56,63.0
orphan_transaction,fb06473f2129af5acd8119c2f02d7309,M9001720,2025-12-06 21:55:31,48.73,85.0
orphan_transaction,b3af6ee1d1120483f53f5f4dbac2ae09,M9001721,2025-04-30 14:10:12,14.54,29.0
orphan_transaction,7a67a3213682594dc3e99be75d6f6fd2,M9001722,2025-04-17 18:43:22,52.26,120.0
orphan_transaction,14ff52761ca193818770be4ecba5b5f6,M9001723,2025-09-08 18:09:45,36.51,64.0
orphan_transaction,b4646b93bef5a1842a3e413c9dbb79ad,M9001724,2026-02-09 11:51:09,68.77,138.0
orphan_transaction,844d517292dc3c73e85bac427394f9eb,M9001725,2026-06-07 00:00:00,38.97,90.0
orphan_transaction,0992b1fd2d35a33f8e0998f667b4b7df,M9001726,2025-06-07 19:15:35,23.73,55.0
orphan_transaction,a3d5b87ae577f7a70a579f07448b12c2,M9001727,2026-05-11 17:43:51,50.93,102.0
orphan_transaction,82234c8d4eee80396c08c680ebd29706,M9001728,2025-11-10 11:25:45,203.84,357.0
orphan_transaction,3f88423e8ddd967ac7ed82f8406e6f33,M9001729,2025-01-05 09:46:45,62.23,124.0
orphan_transaction,856ee3d2ce73bae4357778594a4fa7b5,M9001730,2025-08-17 15:08:35,147.95,259.0
orphan_transaction,f060c8cba89b82d6f50b892e7e1fed1b,M9001731,2025-08-08 09:02:40,75.92,175.0
orphan_transaction,eb2b7fe73753102e4751724d2c40007e,M9001732,2025-10-17 10:05:14,173.32,303.0
orphan_transaction,9e1d7f5e33dabcd12cd94071692adf47,M9001733,2026-06-24 09:32:49,94.03,216.0
orphan_transaction,228c8a1d757216d2b0991802616c299b,M9001734,2025-05-23 20:05:06,43.97,101.0
orphan_transaction,e7627cc959b3bfff759dca9a9c9664c6,M9001735,2025-08-01 22:24:32,24.19,42.0
orphan_transaction,37c651af6a4481b94d738fadd003d4bb,M9001736,2025-06-28 04:49:34,69.4,160.0
orphan_transaction,2e1c4de8c4850cbd6f94e76c04dcd1e5,M9001737,2025-06-08 03:07:13,17.39,30.0
orphan_transaction,fdca16b028b9bacc0e424a7477ebad44,M9001738,2025-12-08 03:50:19,29.95,69.0
orphan_transaction,43cd0282aa98de818656c76227d13e57,M9001739,2025-04-11 21:48:10,49.11,113.0
orphan_transaction,0105b72bb9bfd44c74286872fb1808a9,M9001740,2025-05-18 23:06:28,138.73,277.0
orphan_transaction,00ef2769601d07ea3191c91d2b66fb60,M9001741,2025-04-15 21:49:47,18.59,37.0
orphan_transaction,cf404589dfad29ea39eb927741adedb4,M9001742,2025-03-23 16:01:39,59.0,136.0
orphan_transaction,a5f4170cf69c99e63393a13b5aa15abd,M9001743,2025-08-12 20:27:21,26.64,47.0
orphan_transaction,dce1e20f4450999bd6db6a5c7994c7dc,M9001744,2025-01-23 05:30:07,31.56,63.0
orphan_transaction,e6283755144661713ebf7cb812f1f0b2,M9001745,2025-08-04 04:29:04,91.61,160.0
orphan_transaction,958ce06c041a4f1a713a5a093333e2e2,M9001746,2025-07-16 12:35:31,70.37,162.0
orphan_transaction,4295990aa04680bb690b7fdf3869609d,M9001747,2025-12-03 05:51:29,46.77,82.0
orphan_transaction,e83888cf0941581321c98986f227b5fd,M9001748,2025-08-11 00:48:36,162.77,374.0
orphan_transaction,774384f776ec99a17ec8a717da62d023,M9001749,2025-11-17 05:49:47,39.5,79.0
orphan_transaction,099aec8aeb3ccdb93c10abcdcef9dba2,M9001750,2025-10-25 03:50:38,66.96,117.0
orphan_transaction,31e0094c80344b58d54f75e8729e33d4,M9001751,2026-04-15 12:51:22,45.46,80.0
orphan_transaction,a1df8392205f9d62d688990938a825ae,M9001752,2025-02-07 00:16:58,68.37,137.0
orphan_transaction,8cb0b7b515f5d5df63b12c5a9042619b,M9001753,2025-12-18 14:29:53,268.51,537.0
orphan_transaction,61123f2a7a05d3613893d96ac28445b4,M9001754,2025-10-30 00:02:47,64.16,112.0
orphan_transaction,924ba057c751f49804f64bcac9eb290f,M9001755,2025-11-11 00:36:23,41.29,83.0
orphan_transaction,012bb849883ab0cbec47b5c242e7594f,M9001756,2026-01-09 02:54:53,69.55,160.0
orphan_transaction,5efc467de3d568426ea8847ac436a61f,M9001757,2026-03-30 10:54:51,45.75,105.0
orphan_transaction,71f4c9f61e97343b6ce00d99e1704e03,M9001758,2026-02-02 06:21:51,71.52,164.0
orphan_transaction,4f59f9073ae48d3d5e70918b0729ea87,M9001759,2026-03-25 06:53:12,121.2,279.0
orphan_transaction,fb9b9ece292a6c5dcc0149a9107cdded,M9001760,2026-02-17 07:56:18,244.68,428.0
orphan_transaction,62e8e624ab2aa8557c182eb5bd1a0444,M9001761,2025-04-28 09:37:48,29.01,51.0
orphan_transaction,201c2228eb4c322d9d7cb3f97ff88e4c,M9001762,2025-03-27 09:33:32,25.12,44.0
orphan_transaction,52b076388cbd83e27c81aa7ac424c3f9,M9001763,2025-08-16 20:56:52,47.0,94.0
orphan_transaction,54d25cd4805539dc6fafd4dc22272ae2,M9001764,2026-06-16 03:00:04,65.94,115.0
orphan_transaction,40668106a3f3fcbfc71e811f69de5c35,M9001765,2025-05-14 09:28:41,63.29,146.0
orphan_transaction,998920b56d3b189b5ea94d3cefa6234b,M9001766,2025-03-24 00:28:14,58.07,116.0
orphan_transaction,c290c75814b504b62a810dedb48033a4,M9001767,2025-11-20 03:28:35,42.55,98.0
orphan_transaction,3cff3a38de23507f49150aea4e18b81a,M9001768,2026-06-28 19:27:42,61.84,142.0
orphan_transaction,608d28dbb329fda8033a044d766604dd,M9001769,2026-05-14 05:12:33,38.85,78.0
orphan_transaction,61beaf5a354db1994cb28636d2ebff4f,M9001770,2025-09-18 01:31:13,44.28,89.0
orphan_transaction,3cc6d2e869f66ea5335cdc82a8e161d5,M9001771,2025-11-09 10:24:39,79.58,139.0
orphan_transaction,aa8b3ad430641ece2e5504f5ec7bcfac,M9001772,2025-05-21 04:17:08,42.74,98.0
orphan_transaction,193b23e576bde2ec03ea3a33e154092a,M9001773,2026-03-03 10:52:25,73.52,169.0
orphan_transaction,e90f2dc2dfe30fa8a651b628a8410769,M9001774,2025-12-23 07:10:52,35.23,62.0
orphan_transaction,97106712e877814227b504cf5c142c7f,M9001775,2025-06-29 00:51:13,95.25,190.0
orphan_transaction,899f91f0ed535ebf2b1a6482c67950e5,M9001776,2025-12-03 22:13:19,88.87,204.0
orphan_transaction,f25fd5c539f2bad50a233a8c993cb031,M9001777,2025-06-27 14:03:20,31.69,55.0
orphan_transaction,9a052c37b89d92ad6b1b2d321e927e41,M9001778,2025-01-23 14:47:00,38.57,77.0
orphan_transaction,e74f18bee96c4782c725961b51a28b3a,M9001779,2025-06-23 17:11:07,77.27,178.0
orphan_transaction,29df337c06017f0e84db7a9ba6d5ed00,M9001780,2026-06-08 20:50:10,24.91,57.0
orphan_transaction,930bf11dfbd43b79e0568ff47dbb5a5f,M9001781,2025-05-20 21:28:57,94.7,189.0
orphan_transaction,b782ca78c0fe1017e664eae1712a2cf7,M9001782,2025-11-12 09:47:04,57.0,100.0
orphan_transaction,fefc048a805cd923d50ef144e7526a8e,M9001783,2025-03-10 09:51:17,69.29,121.0
orphan_transaction,d39d3d38cc1cff0404714ac5985873d1,M9001784,2025-01-11 08:37:57,176.41,406.0
orphan_transaction,9a44e26adf3f7fc248d3d114a89d01c2,M9001785,2026-05-24 12:46:50,18.15,36.0
orphan_transaction,1beb81db745b25e19ac2dc45d6fab2fe,M9001786,2025-06-09 13:32:36,52.56,105.0
orphan_transaction,5d94000a5e04056d61ef9eacba78bbeb,M9001787,2025-01-14 03:28:16,79.74,159.0
orphan_transaction,18ec2770a52fd649172e4e47ffb95fbd,M9001788,2026-02-03 15:47:37,137.4,240.0
orphan_transaction,460938a11121201813ea37da4c3ff2ec,M9001789,2025-08-08 12:22:31,72.06,166.0
orphan_transaction,ce543349608aca9124ecf39d21d36636,M9001790,2026-01-21 03:49:45,35.17,81.0
orphan_transaction,82e7a96c5e72ca6a5bfbc7f065f6fb38,M9001791,2025-01-28 12:56:48,64.02,147.0
orphan_transaction,b4974d415da23956aa4255469998b92b,M9001792,2025-01-27 12:39:34,95.91,192.0
orphan_transaction,d9be046062cc5219b5a86ee191a74933,M9001793,2026-05-09 19:52:14,78.15,156.0
orphan_transaction,5b09fb8c61b74da56b7b78673c25d16e,M9001794,2026-01-30 00:12:04,34.82,70.0
orphan_transaction,62508370613a6f5ada67508d3e089090,M9001795,2026-03-02 10:01:47,58.72,117.0
orphan_transaction,c291d3fd5e645dd74777742f8e5b8ddf,M9001796,2026-06-07 17:18:08,105.85,185.0
orphan_transaction,0a53a74538d8759937c8c5e6dcf9fa23,M9001797,2026-06-11 01:51:43,91.52,210.0
orphan_transaction,ff8e9242956e3d0347be2a7da5e90abf,M9001798,2026-06-07 05:46:33,87.9,176.0
orphan_transaction,13576cbc46ca96bf1e2f23864b979626,M9001799,2025-01-29 09:30:14,66.22,132.0
orphan_transaction,c031f852f8d91dc8152696d2932bfc3b,M9001800,2025-10-15 15:53:56,24.92,44.0
orphan_transaction,6bbc19766800c834c2e12f4b62a5ef23,M9001801,2025-11-13 21:57:02,66.51,153.0
orphan_transaction,b84ae0426263ff336703df75647d8c30,M9001802,2026-01-06 16:40:28,30.58,54.0
orphan_transaction,1fbafd83c2643d575a7e5c09fe1b6f1d,M9001803,2025-12-16 00:00:00,32.22,56.0
orphan_transaction,f922320ded5e5fa53bd45bf5cfd0d36e,M9001804,2026-03-10 11:25:39,59.11,118.0
orphan_transaction,db560ed78e3045df9d181d41b26c3474,M9001805,2025-06-16 07:38:43,38.7,89.0
orphan_transaction,cecd2a7ae1f12b76c5b2f3fdbff6cbbc,M9001806,2025-05-30 17:45:17,45.25,90.0
orphan_transaction,098ab3c96f652e8999654e1d91b92f0c,M9001807,2025-05-13 20:03:08,84.56,169.0
orphan_transaction,889310c5a4bafc4332aeafab4974fca9,M9001808,2025-02-28 08:28:00,46.38,107.0
orphan_transaction,c7975a6ca42b4e7f4fa3f57cad10f920,M9001809,2025-01-16 11:48:46,18.45,32.0
orphan_transaction,b305569062e902e0526a09c221f4fce2,M9001810,2025-12-06 18:15:37,106.11,244.0
orphan_transaction,39c38ce12487ce58f5dce95012ac6ec8,M9001811,2026-01-06 01:51:54,48.94,98.0
orphan_transaction,90df26f6b0ea4053f16f94833b267052,M9001812,2026-03-24 16:02:47,40.16,92.0
orphan_transaction,22ec92ac788dee4d9f389575bc364dbf,M9001813,2026-05-12 17:02:34,95.53,191.0
orphan_transaction,544f4d6ed84d2e55c449954bb337b9a0,M9001814,2026-05-21 04:47:03,179.16,358.0
orphan_transaction,dc2beeea237931301dc0feb882a5107d,M9001815,2025-08-17 19:22:46,44.78,103.0
orphan_transaction,02cd23d419c98d95ebef4a6b8eea7d8e,M9001816,2025-04-02 01:48:11,164.8,288.0
orphan_transaction,b25d4ff6631f902043f12023ec2c2c53,M9001817,2025-08-06 03:18:47,129.1,258.0
orphan_transaction,f21ceca641c8c9152338a73d71a56b95,M9001818,2026-03-07 00:36:47,73.33,147.0
orphan_transaction,32bdd5352a91646b90f86fed6a390407,M9001819,2025-07-07 09:27:06,108.59,217.0
orphan_transaction,262190f69dc95315a8a5115e025348a9,M9001820,2026-06-23 01:21:00,23.39,54.0
orphan_transaction,09034df186a96a82b771c585f758be41,M9001821,2025-06-14 16:53:05,88.47,177.0
orphan_transaction,7c30a14b7f0c542d75c97646e636357b,M9001822,2025-03-24 16:34:48,31.25,55.0
orphan_transaction,e00053d94d8fac91ef99431ee6b306b6,M9001823,2025-09-04 05:58:21,118.9,238.0
orphan_transaction,b6e1df680443b97e0d78505c194475e0,M9001824,2026-05-21 00:40:15,39.0,68.0
orphan_transaction,ebb1ac99f8b57cb2807cd152527801ee,M9001825,2025-06-10 07:57:32,65.45,115.0
orphan_transaction,2473bd92e38e4f7b1e1a830f26c6f4fb,M9001826,2026-02-18 21:01:30,44.98,103.0
orphan_transaction,b2d240819b9647ff5760058ffe5466bb,M9001827,2025-05-19 00:52:48,30.45,53.0
orphan_transaction,9e581ef4ea6625bee80685b68168b58b,M9001828,2026-03-21 20:06:44,9.99,17.0
orphan_transaction,bdac3f6297cc24403f41ca2c8182427a,M9001829,2026-01-04 11:09:25,16.46,29.0
orphan_transaction,7565bfc37b845df83af94c25a07b1056,M9001830,2025-04-22 22:55:20,30.38,61.0
orphan_transaction,d506ee5f8b726ef8c57321eaa409224e,M9001831,2025-07-16 03:48:25,58.02,102.0
orphan_transaction,4052d433471164d8436e165d1535de9e,M9001832,2026-04-12 00:00:00,47.16,94.0
orphan_transaction,46d6b4de34802788be12228cb8d3311c,M9001833,2025-11-26 14:30:23,61.78,108.0
orphan_transaction,830b07fdd30d8cf1c695914dd1891650,M9001834,2025-04-04 11:28:25,37.95,66.0
orphan_transaction,5f22d83af00e0b749e38fc964cacec54,M9001835,2026-05-23 20:32:06,68.04,136.0
orphan_transaction,9ee50cf01da7ce84f930f18530ae221d,M9001836,2025-11-01 22:26:01,54.77,126.0
orphan_transaction,a0dfd17e540275bbf6457ce950f75ec2,M9001837,2025-05-20 01:27:27,67.66,135.0
orphan_transaction,58e4c224139cad641ab5e90afe21f787,M9001838,2026-01-08 20:00:51,41.91,84.0
orphan_transaction,028ece193a4bb5804890920f25e89d4d,M9001839,2026-04-02 08:44:03,87.93,202.0
orphan_transaction,990bd12f651967821f6456c1debb65fb,M9001840,2025-11-18 05:52:12,65.72,151.0
orphan_transaction,e29449b2625fc0d8e5d1fe5231b129d4,M9001841,2025-05-04 13:18:58,43.95,77.0
orphan_transaction,4b2caada6bf8e1de21d1c121ea388301,M9001842,2025-05-09 09:26:43,40.23,70.0
orphan_transaction,5f1fa17604bb9755131992fba742ee0e,M9001843,2026-06-17 11:02:53,60.19,120.0
orphan_transaction,a1e530734bac892bb995b131379b1b3e,M9001844,2026-04-23 10:30:37,35.4,81.0
orphan_transaction,d2b83d150eef3451c70ab09d55e57015,M9001845,2025-05-21 19:32:43,536.4,1234.0
orphan_transaction,cb892d1aa99f395c24b38558e63a0615,M9001846,2025-08-03 11:33:20,43.11,75.0
orphan_transaction,3fa0be167d58e290e8b52afdbb51b5ba,M9001847,2025-01-05 05:07:51,61.06,107.0
orphan_transaction,52b6edfbf9dbfe300d0c2f1505b66edb,M9001848,2025-07-18 05:38:52,56.04,98.0
orphan_transaction,504908b6884f98e595b437d0b8cf37be,M9001849,2025-12-05 17:16:18,70.58,124.0
orphan_transaction,042b09b2b2ebf92d79f8264c62216713,M9001850,2026-02-07 00:49:48,126.98,254.0
orphan_transaction,e281fef83aa7ecaf5d6e40a38e340189,M9001851,2025-10-07 00:18:10,41.77,96.0
orphan_transaction,b88271483d0cb4077f1c2ec1eef1818b,M9001852,2026-05-19 00:00:00,142.41,285.0
orphan_transaction,c99bfd3d924c6ce689687362ec2a3df0,M9001853,2025-06-08 10:01:44,44.56,102.0
orphan_transaction,a7bf10474a43219c203aebeb1594670c,M9001854,2025-09-28 09:06:57,22.15,39.0
orphan_transaction,174604e424e7b965280b564c6fd41106,M9001855,2026-05-19 05:14:43,41.22,72.0
orphan_transaction,8a41076fa1bbde23cc354e7ee2e06eec,M9001856,2025-12-31 08:42:28,82.64,165.0
orphan_transaction,629a67aa6ee82be756e6b603b557bb3b,M9001857,2025-08-06 00:43:11,84.87,195.0
orphan_transaction,ac80ac39976f90e9833d5af82e3c6db4,M9001858,2025-11-05 15:16:18,81.16,142.0
orphan_transaction,a0984e36e5402c9bded1e3d357f95b14,M9001859,2025-12-14 02:32:56,47.94,96.0
orphan_transaction,c2e0d25de70e792bfe71302de597cfcf,M9001860,2025-08-02 06:31:05,92.94,214.0
orphan_transaction,b9b6c87a25e7cd56fb179cd6028a92b2,M9001861,2025-08-01 07:30:12,18.4,37.0
orphan_transaction,9487f041225b264d867a64f715116fc2,M9001862,2025-05-31 01:23:17,139.13,278.0
orphan_transaction,a9f4971f7994cb1454c193f5629b575e,M9001863,2025-08-03 13:23:09,36.04,63.0
orphan_transaction,6b46391ad098202f84ffb45e49512042,M9001864,2026-04-08 12:25:16,94.3,189.0
orphan_transaction,05b454f8dabfcaccfebd00aa4628b355,M9001865,2026-05-01 18:14:35,25.96,52.0
orphan_transaction,95eb064ef06f9df98e0412be21aed3bc,M9001866,2025-04-14 00:00:00,35.08,81.0
orphan_transaction,1725823238cbadcafeb073157c130893,M9001867,2025-10-12 22:46:25,48.31,111.0
orphan_transaction,610cbc4fa4c4379e65ff6c73248fc48b,M9001868,2025-12-31 04:37:27,43.03,75.0
orphan_transaction,22d57ddadd373a45cb5f74b5022c901e,M9001869,2025-06-21 02:03:47,35.31,62.0
orphan_transaction,66646e6ba5af989835cd5b1f6ddc7b05,M9001870,2025-07-24 09:26:39,83.6,192.0
orphan_transaction,6a3ffcec9f34652406ac6953459ede6c,M9001871,2025-10-01 21:01:01,9.04,18.0
orphan_transaction,3b1478342cd2e6b8fd7ae279a2bdf53b,M9001872,2025-08-09 06:49:43,60.94,140.0
orphan_transaction,aacb4edf0050e0aad308479e68bd4ecb,M9001873,2025-10-17 00:00:00,33.82,59.0
orphan_transaction,9ac54613b4713ff9f6588eae8ebc6124,M9001874,2026-01-30 02:48:33,54.03,108.0
orphan_transaction,2bd9673420d055ceb83e095da0664874,M9001875,2025-07-04 13:23:39,83.4,192.0
orphan_transaction,b571c68cb7c0d3abba8c3d2623aec4ec,M9001876,2026-04-01 17:00:06,105.51,211.0
orphan_transaction,1ee5eb9de3744ba6fce5be8bd30a0aba,M9001877,2025-12-25 00:00:00,12.53,25.0
orphan_transaction,b700b2cbf41a4ddddbf8509569971822,M9001878,2026-01-03 06:25:51,35.27,62.0
orphan_transaction,efa24fbe9d26ac2e0eb60399bfce88b6,M9001879,2025-05-25 01:44:47,30.1,53.0
orphan_transaction,e4eb20cbc5bd8a1e502eaa5355b2406d,M9001880,2026-01-10 19:07:31,43.17,76.0
orphan_transaction,3c9a8ced872adb4f2391da8326dd3097,M9001881,2025-09-11 14:10:53,38.54,89.0
orphan_transaction,ce68b872664b43c3a95e084755c5c0f1,M9001882,2026-04-11 14:38:06,104.0,182.0
orphan_transaction,8dbd58443236c6850a054463d40d972a,M9001883,2025-01-11 08:17:46,59.1,118.0
orphan_transaction,f1aa682c3da87910c54cf72a9007204e,M9001884,2025-06-01 22:50:46,46.1,106.0
orphan_transaction,7ab16bc2d3090511fa2d4021e7cd0948,M9001885,2025-11-23 10:57:33,68.68,137.0
orphan_transaction,995c3aabcef8c478bd29f9671024c770,M9001886,2025-08-08 09:43:43,113.36,261.0
orphan_transaction,e465fc4ad011a03231acee8fd29c3037,M9001887,2025-08-20 02:37:02,58.09,102.0
orphan_transaction,85b2dfab542fb519360fe0a94a1b036e,M9001888,2025-04-12 15:03:50,23.01,53.0
orphan_transaction,775fff837265576bf7797001cfdf8728,M9001889,2025-02-09 17:35:41,40.44,81.0
orphan_transaction,6ef7a4ea6d408141f29c32b74c146594,M9001890,2025-08-22 13:21:56,37.51,86.0
orphan_transaction,7fd2acee4d39491a0f99ed74bd1f3dbe,M9001891,2025-10-27 10:58:29,22.47,45.0
orphan_transaction,a431135b4d18953a975993bfd4bbd6d4,M9001892,2026-03-02 10:48:41,33.47,77.0
orphan_transaction,ef68280e79f3ca885a6c0f329775d44f,M9001893,2025-05-12 14:22:05,39.88,92.0
orphan_transaction,737e28f7f4dce0b57ae19279f549c62b,M9001894,2025-02-27 07:39:57,33.02,58.0
orphan_transaction,855967dc8523c0240255f9603c12484f,M9001895,2026-01-01 18:47:06,37.31,65.0
orphan_transaction,02ba63580e36e0d068ad3b7ed5ac3fce,M9001896,2025-06-23 05:04:13,30.12,69.0
orphan_transaction,963c52aa496bae59f9bb0bc18b990984,M9001897,2025-09-26 13:54:11,56.5,99.0
orphan_transaction,a2f124f47529b2e0ffa7b2919fc276c7,M9001898,2025-08-30 13:33:38,107.4,215.0
orphan_transaction,f4ea782baf7d5a516111c12e79a7081d,M9001899,2025-04-29 10:54:40,65.19,114.0
orphan_transaction,216a20708399506b4a21b292a445e00e,M9001900,2025-12-06 12:26:45,70.67,163.0
orphan_transaction,18f4250b815dbc28b412327439213ab2,M9001901,2025-09-07 20:19:27,144.66,333.0
orphan_transaction,2232efdaf14eaeb0fdd00e57ed6b6009,M9001902,2026-04-12 20:13:56,37.63,75.0
orphan_transaction,f0b07f1c01ef3653dcdc9dc717fa5e2e,M9001903,2026-04-02 00:00:00,23.0,46.0
orphan_transaction,bd4d47df4367e337cd1f12da1dbe9cb7,M9001904,2025-02-07 07:57:14,74.45,171.0
orphan_transaction,4a289027ec12948cfe0e3fba26f6a100,M9001905,2025-06-25 16:06:58,47.47,83.0
orphan_transaction,2811c88f85c7666e4656cc1b009bc589,M9001906,2025-06-05 17:15:20,45.53,91.0
orphan_transaction,b0afc6a11b5c616a5f8a884b6976eda7,M9001907,2025-01-22 11:51:57,48.11,111.0
orphan_transaction,4317e226a0a732746f2d656c3bbdb38d,M9001908,2026-01-27 17:38:48,59.14,136.0
orphan_transaction,34b97453bea6deb05fea23dfdb2a2311,M9001909,2025-02-21 01:12:21,48.77,112.0
orphan_transaction,8195ebcb20a1d1d8f9d7189b58f6223b,M9001910,2026-04-11 04:37:28,34.46,60.0
orphan_transaction,3ec092f126706ad745d2f857a38ba477,M9001911,2025-09-01 04:47:51,28.35,65.0
orphan_transaction,58fa3b6437b781ec9b06f058752b650a,M9001912,2025-02-24 19:46:57,38.69,68.0
orphan_transaction,d5a7e575deb44f583618f4002f0e4d5d,M9001913,2026-01-04 20:24:28,34.61,61.0
orphan_transaction,10dacf76c26489426a64a799bae7d89c,M9001915,2025-12-02 04:50:49,46.39,107.0
orphan_transaction,197f6dd3755cba38dcd0601206417d14,M9001916,2025-08-08 23:09:18,47.23,109.0
orphan_transaction,8cdb0488c21f1e087b873a6fb87d3398,M9001917,2025-09-23 00:31:25,79.3,182.0
orphan_transaction,d25967a852a843059d2fb87602f06e2d,M9001918,2026-03-12 14:43:56,124.48,286.0
orphan_transaction,8fa612871083898df24e17403fd22e09,M9001919,2026-02-01 07:26:42,33.4,67.0
orphan_transaction,08114fd405ae536e52e3efc1b55476a6,M9001920,2025-12-22 23:55:16,62.17,124.0
orphan_transaction,9266ea58bf0f2f8fcbf12680fa146e16,M9001921,2025-03-10 06:50:13,42.0,84.0
orphan_transaction,b60331bfe822953418575afeeb5d6fbb,M9001922,2026-05-24 04:48:07,48.88,112.0
orphan_transaction,7d1c795914bb07a0361894b88d874ec9,M9001923,2025-07-28 22:40:39,62.49,125.0
orphan_transaction,7fcb44796648f06a04c87ed8e8b7366c,M9001924,2026-04-24 09:53:07,69.59,122.0
orphan_transaction,ffecf0e9f8ef7cc77e713577bb6aaa4b,M9001925,2025-11-22 20:55:44,94.88,218.0
orphan_transaction,11acdbc166c103e431d06a9644128aa0,M9001926,2025-11-30 12:34:03,71.06,163.0
orphan_transaction,e80b2edb89bafe7bf0cab567eb299bd7,M9001927,2025-07-31 00:54:20,22.91,46.0
orphan_transaction,e79e4d3cc72a26a947745ec7ddf887c6,M9001929,2025-11-25 18:47:48,87.34,153.0
orphan_transaction,c4eb1e88054b4ad2f9d1cc436ae2f2dc,M9001930,2026-03-05 09:10:13,28.0,56.0
orphan_transaction,72a129dcb1acdd1ba9476111049e6fb1,M9001931,2025-07-04 02:37:02,73.87,129.0
orphan_transaction,c9bfa3282c1b3ba46819c6518845b5d6,M9001932,2026-04-08 17:53:15,57.01,114.0
orphan_transaction,625231c73fbea39a84a2a813cb801b77,M9001933,2026-05-23 11:32:41,30.24,70.0
orphan_transaction,85347e22826e1f40ecbfb8656510ca17,M9001934,2026-04-09 17:28:58,15.61,36.0
orphan_transaction,b0322826bdda00e9abcc62043cb3d278,M9001935,2025-05-05 08:28:34,91.55,160.0
orphan_transaction,80d674f629fae34034a89d647c727ca2,M9001936,2025-04-29 00:10:03,29.43,68.0
orphan_transaction,f09481cbe72d4f9b2bf681e8c0d1aba1,M9001937,2025-02-20 19:33:40,100.0,230.0
orphan_transaction,15d1c596901fbd468f825e3f3820c8a3,M9001938,2026-01-22 12:47:27,28.27,57.0
orphan_transaction,10c618961d47f2a499aba498dcb5f602,M9001939,2026-05-01 07:38:28,36.65,73.0
orphan_transaction,a29732ae6b3ef28ed2f6a3d880dbe48f,M9001940,2025-06-23 02:38:51,44.77,90.0
orphan_transaction,2cdbb003209c3d9acb6367d5e7bc07ce,M9001941,2025-02-09 08:08:35,27.96,56.0
orphan_transaction,86c32769dc4193444b49b05f73d40eaf,M9001942,2026-01-01 02:00:12,78.69,181.0
orphan_transaction,5cf221b3323766cdbd065ff6c29d9f70,M9001943,2025-07-15 19:49:27,25.19,58.0
orphan_transaction,37f4883296c48a287c7250e79bbe382f,M9001944,2026-05-07 13:17:42,232.93,466.0
orphan_transaction,c2ea636b8f2d44134e9cd5f23f623fc2,M9001945,2025-04-19 03:07:55,54.53,95.0
orphan_transaction,e73d70668c603463486bc00688c47f4d,M9001946,2026-03-28 23:29:05,57.79,101.0
orphan_transaction,17773edc7e86e62024462840cde01034,M9001947,2025-01-24 09:16:44,106.65,187.0
orphan_transaction,b090c200de9bbee6db29e630de7aa247,M9001948,2025-11-23 00:00:00,45.61,105.0
orphan_transaction,d8a70cf214b8fd581802470872ff14f5,M9001949,2026-04-15 11:21:44,48.96,113.0
orphan_transaction,a304bd739370bc9eefb5d91dd8eec071,M9001950,2025-01-02 13:07:26,109.06,251.0
orphan_transaction,41ed905c7ed8fd33e22f95524f4f3ed8,M9001951,2025-03-22 06:32:54,84.52,194.0
orphan_transaction,0f7b9adf4cde2a227f79ad0b81adfc30,M9001952,2026-04-30 09:36:02,68.59,158.0
orphan_transaction,ecf722c8405e79b7e6a240672a370a2c,M9001953,2026-02-07 04:41:03,30.63,70.0
orphan_transaction,6a320fdabc278908e76cbacc1795ad06,M9001954,2025-09-28 17:58:21,77.3,155.0
orphan_transaction,0a73d831e939b071527c90a6f93d4130,M9001955,2026-06-04 11:38:16,246.75,494.0
orphan_transaction,38c97d2faa08bd49de94f27c29638c61,M9001956,2025-11-04 08:51:08,25.01,44.0
orphan_transaction,5c7e07f2fbd1cb5dc166197adbcaf8a0,M9001957,2025-04-01 23:30:26,33.27,77.0
orphan_transaction,4b9189a547af5ff385c741bec966cb62,M9001958,2025-07-02 08:49:30,55.12,127.0
orphan_transaction,853f596d8873fea6698735ec6a21d4f6,M9001959,2025-08-06 05:27:13,147.19,294.0
orphan_transaction,5420505a8c82421d90f4960496b41d88,M9001960,2025-09-27 14:15:28,31.44,55.0
orphan_transaction,1447cecf42042551869aefc1b6d67a23,M9001961,2025-05-03 16:41:35,56.08,112.0
orphan_transaction,86b1bda4a18965d5ebe27b9d17982337,M9001962,2025-08-16 17:12:33,187.91,432.0
orphan_transaction,807b227b86607340726f1923777b819e,M9001963,2025-05-16 00:22:57,31.58,55.0
orphan_transaction,be5f60f4dcd140f6524de7ee5e2282ee,M9001964,2025-04-16 04:57:19,37.51,75.0
orphan_transaction,5e1e6cf17a62963cf021c2663359232d,M9001965,2025-08-15 22:44:05,54.2,108.0
orphan_transaction,4ca629d02fcf2c0b5304023acb42ebf7,M9001966,2025-07-20 08:46:32,125.84,252.0
orphan_transaction,c00ca6ce843bca2f8f0bebf58f76b321,M9001967,2025-10-03 21:55:52,20.39,47.0
orphan_transaction,4b1af36768ff5daa3b5091be4aa78cbf,M9001968,2025-03-08 07:14:58,62.22,124.0
orphan_transaction,fb2f32d8f41588ba4ec89753f5a407ae,M9001969,2025-11-13 16:21:54,63.37,127.0
orphan_transaction,c7fdd5b00899e21fb565c1d115af59fb,M9001970,2026-03-31 14:53:02,52.01,120.0
orphan_transaction,342003b14634887a51eeabd3ef7811e8,M9001971,2025-03-01 22:44:28,52.2,91.0
orphan_transaction,fe5cfe06cb8947d400ec2e3b8338b40f,M9001972,2025-01-12 15:06:13,47.69,95.0
orphan_transaction,c921eb914f2f6030b956f760565da483,M9001973,2025-06-28 22:07:52,69.34,139.0
orphan_transaction,77b5db0dec0c8c5fa943cb0bb5f06932,M9001974,2026-05-27 20:13:55,88.92,205.0
orphan_transaction,2b51799a89b9374c32d418f408b9533a,M9001975,2025-08-30 10:11:28,63.26,145.0
orphan_transaction,3e1d4bcfe8085f3775861ff47731b21a,M9001976,2026-01-18 05:59:45,37.92,76.0
orphan_transaction,d4da7ccdbbdfdb5dd9def8df6b0a8a46,M9001977,2025-06-30 07:15:26,31.73,56.0
orphan_transaction,c1838235df941b9cf166bb3638901ffb,M9001978,2025-12-19 03:32:48,26.47,46.0
orphan_transaction,ae3e2134af4238650ddf17f47790042a,M9001979,2025-12-26 16:32:59,13.98,24.0
orphan_transaction,31613d97526fd65d6a04147112f4793d,M9001980,2026-01-05 01:56:04,31.84,64.0
orphan_transaction,e933ee6fae6ef9ffe3b39b99c4448611,M9001981,2025-05-21 19:57:37,31.73,63.0
orphan_transaction,7f54780bceb3b398a615c25410e3c144,M9001982,2025-11-16 20:33:43,92.99,214.0
orphan_transaction,b542c446e8e9ca86ef7de3dd417eac6e,M9001983,2026-02-19 06:28:36,163.88,377.0
orphan_transaction,fd911e3295141c065d57cf8e35bb8876,M9001984,2026-02-13 02:39:17,59.76,120.0
orphan_transaction,eb78b14fddd42867525057234b058010,M9001985,2025-01-12 01:16:08,51.16,118.0
orphan_transaction,fa56c3b011cd7f4204172964c8682a09,M9001986,2025-01-10 00:41:38,102.69,205.0
orphan_transaction,293006962c75d8654f0a717e57c21061,M9001987,2025-01-16 11:43:17,118.8,208.0
orphan_transaction,22ed87dbcde6c58332d739cf3537a588,M9001988,2025-01-14 04:41:13,28.76,58.0
orphan_transaction,6b843cd907b9ce329d07f138e29e46c8,M9001989,2026-06-29 20:25:02,59.78,120.0
orphan_transaction,7666fd7122006fe4e64bec91e9e421ab,M9001990,2026-03-28 17:24:22,39.56,79.0
orphan_transaction,d2038caec8c96048afdc16c4f093317d,M9001991,2026-06-22 10:09:23,34.69,69.0
orphan_transaction,8987e7b56fa6a5a6e4817f23903d87cb,M9001992,2026-04-17 20:50:56,97.67,171.0
orphan_transaction,7209308c05c4f23a0a354001c8faadc9,M9001993,2025-06-29 00:57:51,63.61,127.0
orphan_transaction,4ab0edae1c53109fb382a1032799b898,M9001994,2025-07-02 08:37:35,170.91,342.0
orphan_transaction,ae15f626081946b47b4c14fccdbc9840,M9001995,2025-01-04 05:48:16,57.13,114.0
orphan_transaction,c7d153874fc3f035675e880ef76071da,M9001996,2025-06-23 23:17:59,40.14,92.0
orphan_transaction,954c5bf30d534833a110b16cd16edb00,M9001997,2026-02-16 20:46:53,44.0,101.0
orphan_transaction,bb7c53be34257db838ef2d170c068cb7,M9001998,2025-11-30 08:51:36,26.04,46.0
orphan_transaction,46844f88aa6e5e5011d1dcfc5b939d35,M9001999,2025-07-08 01:25:15,33.06,76.0
orphan_transaction,dd89b4d320a620914fd3311fb9f7759d,M9002000,2025-12-09 19:38:21,41.3,83.0
orphan_transaction,aa7e916ba68815a052597f6e51517891,M9002001,2025-03-31 00:41:58,120.7,211.0
orphan_transaction,cccf817289172baa2dc5b6a0308e408f,M9002002,2025-01-04 22:55:15,85.7,197.0
orphan_transaction,bb0cf92c9f4afa226d0ba5afcf64d160,M9002003,2025-02-09 10:37:18,40.37,81.0
orphan_transaction,42ad7dd87762e6fdc51550dabbee898d,M9002004,2025-06-09 00:28:52,39.18,69.0
orphan_transaction,5c97f7e27a37612d359f676024db1bbb,M9002005,2025-07-18 01:48:34,54.73,109.0
orphan_transaction,b04a174b31460b280127fbc1db8a530c,M9002006,2025-10-13 16:35:07,71.16,125.0
orphan_transaction,697c7ccd86f4c9ff8b0b536d83446ad5,M9002007,2025-11-13 17:01:47,78.23,180.0
orphan_transaction,50d00f03bd303faeb64a3546d2a139ac,M9002008,2025-03-02 12:58:27,62.03,124.0
orphan_transaction,5db034050c002efebf94f0a4e76543e0,M9002009,2025-09-07 19:36:34,47.08,82.0
orphan_transaction,4e8d51460de49541ae770b045536f6a0,M9002010,2025-05-30 10:35:34,33.96,78.0
orphan_transaction,a41a6ca0b4a8a27ec12c0d8b131b96fd,M9002011,2026-03-17 11:48:00,45.8,80.0
orphan_transaction,c227e19c06ab8288888b9ac53d97e77e,M9002012,2026-01-06 04:44:38,101.51,178.0
orphan_transaction,1993cf170698cd16cfe11dfc78792863,M9002013,2025-02-11 13:35:49,49.15,113.0
orphan_transaction,4f394459667be8941ecb25a895069240,M9002014,2025-04-06 04:46:03,59.03,118.0
orphan_transaction,0d13cd6c3fb3c534a35c0d87e8cf125c,M9002015,2025-01-06 07:12:37,178.52,411.0
orphan_transaction,d8e18df296ebffb311f1cfcf02a10775,M9002016,2025-06-02 05:13:49,32.41,57.0
orphan_transaction,af3f6cc78a1dbdbfca814c74aded369c,M9002017,2025-06-29 13:57:01,110.52,254.0
orphan_transaction,2a00306dc4b4f66db71bb7b55b208ad8,M9002018,2025-04-04 22:07:40,20.22,40.0
orphan_transaction,45eebd8c8fdf13cb4e53cce103691f53,M9002019,2026-05-20 23:32:43,19.51,39.0
orphan_transaction,fc7a71f5d7ff327b02b9e6bebf34b1b5,M9002020,2025-02-19 21:20:28,54.6,109.0
orphan_transaction,0c2ce86dd31ac447f21453ed080a178a,M9002021,2025-10-15 06:55:06,49.3,99.0
orphan_transaction,8198de69a0281ad6dc12bfdb21ffdbb4,M9002022,2025-08-17 09:18:29,85.58,150.0
orphan_transaction,ad005c7a07f5b88d60dab8ea30584405,M9002023,2026-01-09 11:25:31,97.45,224.0
orphan_transaction,1da3ea670697408d0c8e53932f867198,M9002024,2025-12-09 09:04:58,100.31,201.0
orphan_transaction,b31541210758d4e6dbb7000b52c9a61d,M9002025,2025-04-05 17:41:13,41.43,95.0
orphan_transaction,a3d2a3b5cc073d2b7938889ae11158e0,M9002026,2026-01-13 14:45:16,41.85,96.0
orphan_transaction,ece4384d74e25d66126128604bc3126c,M9002027,2026-05-11 05:31:42,20.88,42.0
orphan_transaction,3651a6df82066e75ece007fb0704f8a5,M9002028,2026-01-10 03:49:38,56.02,98.0
orphan_transaction,357a247363193c9985a8464501882b54,M9002029,2025-08-21 19:09:48,35.16,62.0
orphan_transaction,83426f77440198e3fad1e5b0ad627a7c,M9002030,2025-10-24 12:54:36,101.26,233.0
orphan_transaction,6cac97f6d0125227509ce6e91895aef7,M9002031,2025-03-26 23:06:11,16.68,29.0
orphan_transaction,31afbd8643f7cc6848b9ad8ad92c9ffd,M9002032,2025-02-14 06:56:23,44.01,77.0
orphan_transaction,4a4ea2473fe17bff87d82d93576fd2fc,M9002033,2025-09-18 23:45:10,91.82,211.0
orphan_transaction,09621df425cc88a5b4380b163946b012,M9002034,2025-03-31 13:27:55,91.71,211.0
orphan_transaction,942a239a08ce515de0d9647918f0a410,M9002035,2025-12-07 03:42:38,123.21,246.0
orphan_transaction,9cf3b3f836bd3712ed16fa1661ed94a0,M9002036,2025-12-26 14:10:47,126.9,254.0
orphan_transaction,0d399ac6c1d5d1a90dda6d63ca873c62,M9002037,2025-08-28 00:48:19,26.71,47.0
orphan_transaction,b15d1d22be392233ef39fa8915232922,M9002038,2025-08-18 20:28:05,55.7,128.0
orphan_transaction,2237b9b3e222aaae0ee6cc14988f8059,M9002039,2025-09-11 18:29:22,24.13,55.0
orphan_transaction,8b978003de75c7627f6457cf126a16bc,M9002040,2025-12-19 11:55:49,47.01,108.0
orphan_transaction,10a145e50cdbda001a4637a464b1671a,M9002041,2025-10-07 15:36:51,46.08,106.0
orphan_transaction,421abca13b98d77f722a9a973653b43a,M9002042,2025-02-11 05:09:23,36.46,73.0
orphan_transaction,2e1fd02a4c3b1b3146fa0386db47fbfc,M9002043,2025-04-16 06:45:46,145.9,255.0
orphan_transaction,49ad1de17e852b458c5ee0bf65fa702c,M9002044,2025-08-29 17:24:55,211.3,486.0
orphan_transaction,1f8d825e132429a9781bba41dc8ee254,M9002045,2025-12-31 00:00:00,63.27,146.0
orphan_transaction,710329c641719d7eef75c0f230d41f8e,M9002046,2026-02-25 12:26:00,84.8,148.0
orphan_transaction,aebc44f3629597afc7137422a9c123ae,M9002047,2025-12-22 00:17:28,36.79,64.0
orphan_transaction,fec975aa8fe31d90a7a16fa43a4a0fba,M9002048,2026-06-14 19:12:54,39.57,79.0
orphan_transaction,6feaaaf0910e651a788641bbc3ee027b,M9002049,2025-06-10 21:52:08,25.94,52.0
orphan_transaction,46fe08fcb1cc5a53c93e03c137211118,M9002050,2025-04-08 17:27:14,53.2,122.0
orphan_transaction,8d352fae10868053574169919b4f7606,M9002051,2025-10-22 15:08:47,23.31,47.0
orphan_transaction,a3f48119876aaa44392c134023f460e2,M9002052,2025-08-23 08:08:19,41.33,83.0
orphan_transaction,1d92b7eb33617f43fdb3fd38dbb1b34c,M9002053,2025-03-31 04:19:09,44.57,103.0
orphan_transaction,7834f16ff48820db76a67f3272fc7b56,M9002054,2026-03-23 14:58:35,154.44,270.0
orphan_transaction,efb7b76a36f6b7eaa94695e21bbbcee2,M9002055,2025-08-02 12:31:47,54.44,109.0
orphan_transaction,9f3cf647bc63f8e5cc3db828c4991ffc,M9002056,2026-01-24 08:24:02,63.29,111.0
orphan_transaction,cc4b990cdf7300a7702d4fe23c426b41,M9002057,2025-10-07 00:20:11,29.05,58.0
orphan_transaction,8074660af8d2ce1ea23a5fc4907f6ca6,M9002058,2025-03-10 16:47:56,29.31,67.0
orphan_transaction,4b423cbf8eeab1c32e6c6c78401dbf82,M9002059,2025-01-23 23:58:50,180.17,315.0
orphan_transaction,e9c13418ef724033408a25cdd83f89a0,M9002060,2025-10-19 02:47:12,32.33,57.0
orphan_transaction,89c6a3fce06b53ebcb523083ef3a8a6f,M9002061,2025-02-07 00:35:14,38.64,77.0
orphan_transaction,9bfdcf4a97c69e6c2b4e3f4e22536cbc,M9002062,2025-09-07 15:10:32,72.9,168.0
orphan_transaction,776399d80deaf0aec107434e80c4a39e,M9002063,2025-07-26 00:00:00,34.57,69.0
orphan_transaction,9e7e7b3a27c51076d31fce25e7fcc812,M9002064,2025-05-17 22:01:54,52.42,92.0
orphan_transaction,b018c8bc1491c4df0215d762c8dbfa7d,M9002065,2025-01-11 13:39:17,51.64,119.0
orphan_transaction,7ae87422b776af296d7612891753dbff,M9002066,2025-01-10 08:42:55,34.89,70.0
orphan_transaction,b65184defa36c013beeb4607b829d9d8,M9002067,2025-01-03 17:11:30,69.62,139.0
orphan_transaction,d7e86b86e09fc2ac1a1bf4e891024528,M9002068,2025-07-07 07:52:08,136.39,273.0
orphan_transaction,2788c0e58bd04ad37aac32a6aaf00f4c,M9002069,2025-07-13 09:50:46,72.62,127.0
orphan_transaction,b88fdc0d3800c2e31a671dd132e16bb1,M9002070,2025-08-01 14:03:46,83.04,145.0
orphan_transaction,78c5208ca000ff43ecd3c5476f90a780,M9002071,2025-08-29 09:49:17,33.97,59.0
orphan_transaction,6078dfa71c8d3cc61308ced60ac9e035,M9002072,2025-08-08 06:50:49,62.61,144.0
orphan_transaction,6078ef9728471240b3515f5dd3ece4bb,M9002073,2025-02-16 12:08:28,79.23,182.0
orphan_transaction,cf882325b21986c7f8542b57b90637cc,M9002074,2025-12-04 00:00:00,278.41,557.0
orphan_transaction,1fe28a78feece56009d68192416b0c78,M9002075,2025-10-07 16:56:59,58.92,103.0
orphan_transaction,1504544043bfa8c230fd51b148ac47f6,M9002076,2025-10-06 09:53:47,54.0,108.0
orphan_transaction,1a3938193436aca40627670c53163643,M9002077,2026-05-20 23:29:41,101.24,233.0
orphan_transaction,14cbd0f49cee7f210f4232c090c4665e,M9002078,2025-04-17 00:01:42,46.21,106.0
orphan_transaction,658c0486ec294318ea69912397707e92,M9002079,2025-11-05 16:47:43,17.69,35.0
orphan_transaction,b57a3955c054d89b1e8ba28013177d44,M9002080,2025-02-06 16:56:29,51.07,102.0
orphan_transaction,55a8a9053bd644aae3f2585a846185ee,M9002081,2026-04-24 08:55:07,50.0,88.0
orphan_transaction,41310e369bcea0de5b6bd0dd5773be3b,M9002082,2026-04-08 09:46:00,104.36,209.0
orphan_transaction,c4ecd151a9f2c898e2dd3a3b1e0dcbaa,M9002083,2026-03-01 20:34:33,71.59,165.0
orphan_transaction,a62860322951f16f7102a7e736b2c7b6,M9002084,2026-02-14 23:37:30,74.33,149.0
orphan_transaction,b5e20270526d9b36e59c71dcbe41ffe2,M9002085,2025-01-07 08:55:36,60.33,106.0
orphan_transaction,5815545badd7f69c13cdf416c66f07da,M9002086,2025-09-20 20:18:35,59.94,105.0
orphan_transaction,743fbf5427aa6df3fb357693b0d45273,M9002087,2025-06-02 08:58:59,62.99,110.0
orphan_transaction,c3c42216615ae4c19340832c50db0e86,M9002088,2025-07-30 13:57:32,33.79,78.0
orphan_transaction,dc26022f90032929406c6c4dcd035880,M9002089,2026-01-27 05:41:34,26.99,54.0
orphan_transaction,e5650a2e048e57cc88491ebe0ebe750a,M9002090,2026-04-01 04:39:18,51.83,104.0
orphan_transaction,734550d7b413fb7dd35d33f266284550,M9002091,2026-06-01 03:19:09,34.01,78.0
orphan_transaction,e70cd03eb6850715db1db05ee72a5de0,M9002092,2026-03-10 23:30:29,76.09,175.0
orphan_transaction,3f421494f35d93602142295b530fa279,M9002093,2025-02-21 11:12:24,51.51,103.0
orphan_transaction,262884ff1e26b3f3bc2b2ed30a7d54db,M9002094,2025-05-27 20:22:15,22.57,45.0
orphan_transaction,bfb103fe3f0d6c4996cd6babedc96dd1,M9002095,2025-07-21 05:28:49,32.24,56.0
orphan_transaction,6b296d5dd022660690514cc059fea74f,M9002096,2026-04-28 15:54:16,104.51,183.0
orphan_transaction,c3fe97b878e39cc0d36aeee3505f6bcc,M9002097,2026-03-29 17:03:10,87.18,153.0
orphan_transaction,4afb1465ddf192f5def58e09c2144ba7,M9002098,2026-03-06 00:21:42,53.46,107.0
orphan_transaction,c36e160d7d75c147591c03e6c71637fe,M9002099,2025-04-08 22:58:25,136.22,272.0
orphan_transaction,8c08cccb6ec6e2a0b4198c8ee6724a34,M9002100,2025-10-18 13:22:23,185.58,371.0
orphan_transaction,bcd60bea2ae8b5b8e69f5c7872d21431,M9002101,2025-06-15 23:41:40,39.49,79.0
orphan_transaction,093310704b5b5034f63f8ab34f7a0b6e,M9002102,2026-04-08 13:17:05,61.11,122.0
orphan_transaction,649e854168c6a0812a9c8fbdf8bba58f,M9002103,2025-09-22 22:03:19,25.84,52.0
orphan_transaction,6045c71059836c1c7b6c7271c088392a,M9002104,2025-06-28 14:02:59,72.36,127.0
orphan_transaction,1b0806df35f2b36ad68c82480f7b3063,M9002105,2025-08-29 16:56:02,26.75,54.0
orphan_transaction,b38e84fd73d89c9bee06666d65e4ee55,M9002106,2025-06-10 03:15:43,39.12,90.0
orphan_transaction,4d27c61c06810616a7ff1ca6eaa42252,M9002107,2025-01-07 12:12:19,33.51,67.0
orphan_transaction,38d4449a7ad7cd48e2d69fdb2b2c2154,M9002108,2026-02-20 10:11:42,51.21,90.0
orphan_transaction,afcac84a0956c1d1858faf207523711f,M9002109,2026-01-26 20:50:04,21.1,42.0
orphan_transaction,89dd02724f139b26cf3bb1f20e2b1b57,M9002110,2026-03-09 13:25:44,35.98,83.0
orphan_transaction,f4711c6b115658a76534b7e315486eb4,M9002111,2025-05-26 23:42:35,23.15,46.0
orphan_transaction,f0c5b90ad220550f4d7850c48e26c5fc,M9002112,2025-03-07 20:36:37,146.29,336.0
orphan_transaction,53421459d595570eabbef88e95a5cd06,M9002113,2026-05-28 15:49:15,30.11,53.0
orphan_transaction,027585c9666079646cf132b7980538e6,M9002114,2026-04-30 12:57:12,39.22,69.0
orphan_transaction,6777df0a13cb125d811763d51c730ff8,M9002115,2026-04-29 00:32:21,19.89,46.0
orphan_transaction,e24befddea15352b3b9c02df38f70e77,M9002116,2025-06-23 21:30:37,41.23,82.0
orphan_transaction,a35e2fbbb12c033a735baf1e1aa39086,M9002117,2025-05-18 06:33:42,75.02,131.0
orphan_transaction,7ea38d69835808f13535ee0f29f9ff2a,M9002118,2025-10-27 02:35:39,43.78,101.0
orphan_transaction,9cda300446e018d17eaa10fee8e39e92,M9002119,2026-04-20 08:21:01,14.07,32.0
orphan_transaction,835122936dc729df01eb477c2567c46d,M9002120,2026-05-08 01:41:07,85.91,150.0
orphan_transaction,fea0da14e266a89477cbce201a9b8638,M9002121,2025-12-17 11:16:51,213.51,427.0
orphan_transaction,37687267c177d5bc8d07a0c4b040dca4,M9002122,2025-05-01 20:59:39,19.42,34.0
orphan_transaction,46ebb948ad95d645f13d27406fd134a9,M9002123,2025-03-12 23:01:38,27.74,55.0
orphan_transaction,1732c8434162585bf45dc3c736130785,M9002124,2025-06-22 22:09:24,69.65,122.0
orphan_transaction,197df90a8dc94d23122ea89c2473a92a,M9002125,2025-05-21 18:17:17,73.47,147.0
orphan_transaction,646d07941dc1e5e6ebe722710b5b6dec,M9002126,2025-04-06 14:39:23,91.81,184.0
orphan_transaction,c0f6c70129dd6b931478cf9eca4a46a2,M9002127,2025-08-10 05:28:57,47.25,94.0
orphan_transaction,cb7ac7103535437483fb4b1383130404,M9002128,2026-02-19 22:40:54,165.15,380.0
orphan_transaction,fa1d9c9c5be0ab1336e3cd2377a4671e,M9002129,2026-02-07 19:21:04,141.54,326.0
orphan_transaction,48f6af00b2d1484c3b636b36737515a2,M9002130,2025-03-03 16:07:09,48.85,85.0
orphan_transaction,b6763136b90dfd24c89f3eb6df4eef3b,M9002131,2026-02-06 20:02:05,55.77,112.0
orphan_transaction,370e039ddb749a166ac88f011eeb036a,M9002132,2025-05-20 01:49:10,74.08,148.0
orphan_transaction,ad66cb37181463b08ea8f8ce04faa8e9,M9002133,2025-05-18 16:25:06,58.83,118.0
orphan_transaction,8a977b5be8ee7d32571ffb1ecae0f0cf,M9002134,2025-02-16 07:42:35,36.24,83.0
orphan_transaction,b224eae4ba01164ce3ebbbf7b5c1c1d8,M9002135,2026-04-28 01:21:31,76.34,176.0
orphan_transaction,139b7737a7896749a90f3cc22f76a156,M9002136,2025-11-11 16:09:22,17.7,41.0
orphan_transaction,d3d22e32047a9a16e0498fd2d6776db5,M9002137,2025-08-22 10:31:40,47.4,95.0
orphan_transaction,06e9369dd330cd530ead70e422415f3c,M9002138,2025-06-18 11:53:02,16.78,34.0
orphan_transaction,bee13a18d2d3ee4872eb6dc0465e3e4b,M9002139,2025-04-09 00:35:48,108.57,250.0
orphan_transaction,07760f7ecc8662612245c35c9ffc8739,M9002140,2025-02-17 21:58:28,68.01,136.0
orphan_transaction,bd8401c5b86734ef7e15bacb0eb22fa4,M9002141,2025-03-22 21:19:18,92.05,184.0
orphan_transaction,a1449dfd890eea2e8d8875d93296bde5,M9002142,2025-09-04 13:20:50,31.73,56.0
orphan_transaction,3acc90d421877d6d3dc26e0166f8a7a6,M9002143,2025-02-03 11:06:23,104.39,183.0
orphan_transaction,500806cdcb779dedaeaa9e48e5615ab5,M9002144,2025-01-27 23:56:35,86.91,200.0
orphan_transaction,d94a79f1b733ad0eda7302bf18eb435a,M9002145,2025-05-04 04:31:46,51.93,104.0
orphan_transaction,06290d007e26e459b34f2c403db85266,M9002146,2025-10-05 11:50:14,52.97,122.0
orphan_transaction,9bee40ca49aafb5504b655c4e81fad3c,M9002147,2025-10-16 19:29:20,86.63,152.0
orphan_transaction,1bc776a209c654079981fb3ace2f493b,M9002148,2026-04-19 21:12:15,58.12,134.0
orphan_transaction,8fbb9b12a0443a87187910ea1bbfb026,M9002149,2025-03-26 04:24:10,22.32,51.0
orphan_transaction,39115d7a6e5a807a3b09e1a3b79f509a,M9002150,2025-11-17 20:23:13,45.02,90.0
orphan_transaction,f21ac3e16a8c4a16f9e415fe1ac4062f,M9002151,2025-10-13 03:24:50,56.04,129.0
orphan_transaction,51d769c177591d9c4171906444e6b87f,M9002152,2025-01-19 02:32:34,41.31,83.0
orphan_transaction,615809aabbc87a55c730f382a8b9c507,M9002153,2025-11-23 07:22:19,95.25,167.0
orphan_transaction,f99a3ed965eea29646c59133c3f5d264,M9002154,2025-10-10 23:29:30,170.08,298.0
orphan_transaction,0a5689afa9c0aa3747ce8ca410f4bdd9,M9002155,2025-11-22 05:49:13,39.55,91.0
orphan_transaction,b3cc183d468a57ccd810ed2d84d303e9,M9002156,2025-12-16 21:55:55,17.91,41.0
orphan_transaction,c594ff3ff141c9f2c44770f808a541c9,M9002157,2026-01-08 16:28:55,18.37,42.0
orphan_transaction,c605ab131f2a03cc2abb7bd646030aa4,M9002158,2026-03-31 08:41:42,126.67,222.0
orphan_transaction,7c0f001b7230fdb18ccce531c6af959d,M9002159,2025-11-02 11:45:26,66.26,152.0
orphan_transaction,6f3c13221e760766c184968f0785ed95,M9002160,2025-01-10 10:34:15,40.4,93.0
orphan_transaction,a568a3f0839397f661f1ea633e8b2a46,M9002161,2025-03-18 12:39:07,51.58,103.0
orphan_transaction,cd36f08302a9b18f18579d1ce3abb097,M9002162,2025-08-21 11:22:49,53.93,94.0
orphan_transaction,49a15d9b854363ac68bea8654b85ccd1,M9002163,2026-02-06 19:16:30,137.46,275.0
orphan_transaction,e6da3145c76d0423cb0c396fd4b81e43,M9002164,2025-01-10 06:51:19,92.2,184.0
orphan_transaction,690d4c8708514971e4633a13c3978dca,M9002165,2026-04-20 04:48:48,114.57,264.0
orphan_transaction,21b91967b90a042e4ab1e84ed06448bf,M9002166,2025-05-12 13:16:53,78.19,180.0
orphan_transaction,3b4d0e57abece2fd3d9b8477ef040e7c,M9002167,2025-11-20 15:11:50,260.83,600.0
orphan_transaction,4f07d73a96ea842aefe56198955b101e,M9002168,2025-10-17 17:16:40,118.87,238.0
orphan_transaction,f8c8b97198f124bf98a7b00bc9da953e,M9002169,2026-05-07 23:39:02,34.69,61.0
orphan_transaction,495d8fa040227da5a0117bb268bfb2b0,M9002170,2025-05-31 08:39:43,117.15,205.0
orphan_transaction,8c2e0c586cee83d2edf9b74435e9cadf,M9002171,2025-01-27 18:24:12,96.51,222.0
orphan_transaction,d2cd1444cd371c77bc9154859de894d8,M9002172,2025-07-26 02:19:26,33.99,68.0
orphan_transaction,73ded5d0a933c4581b3c13665a249a8e,M9002173,2026-05-17 19:58:43,58.55,117.0
orphan_transaction,aa0f0b42de8458025f7cba70f3552c01,M9002174,2026-03-07 05:15:35,31.65,63.0
orphan_transaction,2a13154593702e650ce695b7ce176433,M9002175,2025-10-16 09:13:06,53.92,124.0
orphan_transaction,8a0cb998c478bcd6fefe78922597d485,M9002176,2025-07-17 04:42:00,35.01,61.0
orphan_transaction,f1ece64e23194c58ccaa29defdd153d9,M9002177,2026-03-28 13:24:26,47.77,96.0
orphan_transaction,3604d112a03f868f7943ecf02a588340,M9002178,2025-11-22 21:07:09,24.96,57.0
orphan_transaction,cffd2d6f7fe5e9d629a97632922984b4,M9002179,2025-09-25 01:08:00,57.74,101.0
orphan_transaction,170fd7706853d80a7a5c24c9d799e324,M9002180,2025-09-29 22:03:38,39.88,92.0
orphan_transaction,82b817759d1a45ba9be90245f411faae,M9002181,2026-04-07 19:42:21,79.79,140.0
orphan_transaction,91e0f71bbcf3374fc015abd0c4251bf6,M9002182,2025-01-08 00:23:15,94.24,188.0
orphan_transaction,5d50038cb8ad2f82c46204883a7db303,M9002183,2025-01-26 13:58:29,56.74,99.0
orphan_transaction,064c1f0992f4926cffc96e3f9004bee6,M9002184,2025-12-24 07:36:19,40.35,93.0
orphan_transaction,224fccd4bcabcb4b64f8f5383d92e06e,M9002185,2025-11-02 10:28:00,110.54,254.0
orphan_transaction,0a48ed237f8d3e2721ff3edb2e6e469c,M9002186,2025-01-23 20:32:10,69.71,139.0
orphan_transaction,1855962bd2a4edaf13553e5bae70b7c4,M9002187,2026-05-27 05:19:45,67.15,134.0
orphan_transaction,e7d5ab62ba47392714c389516996a53b,M9002188,2026-06-05 12:36:19,58.61,117.0
orphan_transaction,e9209a282cc28645447280e55d805937,M9002189,2026-04-11 03:42:11,62.08,124.0
orphan_transaction,b4ea2c0cf0e0a30ed786cb8cb3386c78,M9002190,2025-05-27 09:55:20,73.17,128.0
orphan_transaction,82be07a297edbc21fcced70bf0c4cb0f,M9002191,2025-07-31 00:41:59,112.88,198.0
orphan_transaction,da3632c3cab7ca49ea429ec654c001df,M9002192,2025-05-08 13:32:24,46.86,94.0
orphan_transaction,8e8867ca562b9fff1d084f9b5aa72c58,M9002193,2025-04-24 17:00:14,97.63,225.0
orphan_transaction,aad2966c546ab7759f57e9e2bb478899,M9002194,2025-04-25 11:46:00,144.13,331.0
orphan_transaction,7e85ca8a44e628600986692fb8e28282,M9002195,2026-06-06 19:12:27,144.57,253.0
orphan_transaction,597a448c7a66609989114d268a7b272a,M9002196,2025-10-16 06:00:43,42.85,86.0
orphan_transaction,9ce4f4c0299db1dc5c9eb2b0d4e38234,M9002197,2025-05-14 17:19:42,21.04,42.0
orphan_transaction,1f83e979351e5ddff7dc717ef4c77b4c,M9002198,2025-07-02 06:31:13,74.6,131.0
orphan_transaction,b0168cd9512f3256b0b8762d63c51ef2,M9002199,2025-05-19 16:42:58,103.86,208.0
orphan_transaction,0aa496cb172b58341cd4c2faea2f1199,M9002200,2026-01-03 13:49:01,22.29,45.0
orphan_transaction,c08ee9ad62888623d6a326276b56d026,M9002201,2025-05-05 02:37:41,44.25,88.0
orphan_transaction,550f3fa5a1e8a56dabb703a0db0e18d8,M9002202,2025-05-03 07:52:23,36.39,64.0
orphan_transaction,e7bcd72f5ec6e0ed6c780ffd2011724b,M9002203,2025-06-05 17:03:31,134.33,309.0
orphan_transaction,9d0ded06fdb8547c3b8d40f0997f5b9b,M9002204,2026-05-20 03:36:13,43.41,100.0
orphan_transaction,76803dd17b5f07406044c7a5bc9a4a86,M9002205,2025-11-13 09:45:00,38.23,88.0
orphan_transaction,e0031487a14ab4bacbb66e356d400441,M9002206,2025-07-12 17:45:52,26.7,61.0
orphan_transaction,cfa82e039b792a68fdea999b3d5e5f63,M9002207,2025-03-25 09:09:30,137.09,240.0
orphan_transaction,2ef634bae49806877d1a42539691bd6d,M9002208,2026-05-22 18:44:22,33.53,59.0
orphan_transaction,39ec3ccef460b9f32d116a6c3bcbb269,M9002209,2025-07-22 11:13:26,195.2,390.0
orphan_transaction,07797b9886fb99f464873feac714429b,M9002210,2026-04-24 02:57:58,46.35,81.0
orphan_transaction,ebcc8a280cd5d3b555671d09bf30063c,M9002211,2026-01-08 00:25:07,39.75,70.0
orphan_transaction,367a2515888adec398e6f71e612eb1a6,M9002212,2025-01-05 03:03:37,57.43,101.0
orphan_transaction,9a91d92c82d139b85ea1b2941ce4f647,M9002213,2025-09-27 18:26:33,166.94,334.0
orphan_transaction,ab396b07e04f150a0170a051ed408ee9,M9002214,2025-09-13 10:18:48,32.15,64.0
orphan_transaction,ca7e0b078a8aa67b369bf2eac0fba901,M9002215,2025-01-09 21:40:24,48.44,97.0
orphan_transaction,d379ef367306397714b88f8db79c4cbc,M9002216,2025-03-03 13:02:10,92.57,162.0
orphan_transaction,b6e645c3a77853c2901ff2615841b4e7,M9002217,2025-03-04 23:12:33,77.4,155.0
orphan_transaction,cb9dfa0678ce2789f70d82cc898e926d,M9002218,2026-04-05 22:44:52,41.48,83.0
orphan_transaction,41ff980c7ee4f725d83a805057a1ffdd,M9002219,2025-10-01 19:36:30,12.82,22.0
orphan_transaction,3a5292a708f25d4467bbfae8bbee7aa3,M9002220,2025-10-15 22:50:14,31.62,63.0
orphan_transaction,bf1be1b567b232853a3d9aecd3dda44a,M9002221,2025-05-06 22:16:36,113.59,261.0
orphan_transaction,364d9ba987c862fdd5273bbe31d85161,M9002222,2025-11-01 07:58:28,122.21,244.0
orphan_transaction,e5dffe5e8b5db6aba1d8678848f06e00,M9002223,2025-05-26 11:29:23,85.31,196.0
orphan_transaction,8dc2c6dc5009a4171e02ac4cc92a6b69,M9002224,2025-12-21 14:40:01,103.63,181.0
orphan_transaction,5cf33296a3090de57cc5c8e911cfb026,M9002225,2025-08-17 01:23:44,20.26,35.0
orphan_transaction,5751a9975a7db690092a98c880f36e4c,M9002226,2025-12-11 02:49:33,11.97,28.0
orphan_transaction,74ce9691674426559f3c59867a467bc7,M9002227,2026-03-15 18:01:58,21.95,38.0
orphan_transaction,a9b929129433afeff31cd003b9f82dfc,M9002228,2026-05-07 02:20:03,43.96,88.0
orphan_transaction,5b1a4c3652837ace7ab0f2e6228e14de,M9002229,2025-07-28 18:04:57,29.54,68.0
orphan_transaction,f8f6cb27eae1c9a131c84b435296b57f,M9002230,2025-11-24 08:15:33,111.5,256.0
orphan_transaction,97f1b8aa5b2e1f3d5fd2924a374c63b4,M9002231,2025-07-29 06:36:37,237.18,415.0
orphan_transaction,4e51d19ec48d29a77288eb7f17a401ae,M9002232,2025-06-18 22:25:50,97.78,196.0
orphan_transaction,7826e4cc8f85660d0304c010d96a7cdf,M9002233,2026-05-15 07:33:36,50.14,88.0
orphan_transaction,4789f9a3b253e858b2d3a045c4b0f14c,M9002234,2025-05-09 18:42:16,22.43,45.0
orphan_transaction,98fc5bad77ca929f3b54252512280d37,M9002235,2025-01-20 21:37:36,83.06,145.0
orphan_transaction,ada4a754db6bc4b43544653d03fe680f,M9002236,2026-02-03 18:40:46,73.52,169.0
orphan_transaction,c3c3412f234e5f13b67dfb35b613431a,M9002237,2026-01-30 11:47:43,60.23,120.0
orphan_transaction,91f747e9222b0f59526f8fd81d0e49b5,M9002238,2025-05-29 07:19:46,37.2,74.0
orphan_transaction,1d494fb74758e7a0e7974f71e1c8e99e,M9002239,2026-05-29 10:12:11,38.17,67.0
orphan_transaction,9594ad5d477052b8600cce8780545a4c,M9002240,2026-04-17 16:34:51,133.46,307.0
orphan_transaction,8658bb224f3758062f71655f86b70d91,M9002241,2026-01-23 10:48:47,72.72,127.0
orphan_transaction,1e5aa5818a24d4758ccbbdf69d8a26d7,M9002242,2025-06-20 14:45:52,19.54,34.0
orphan_transaction,d5762da6a3b53905cae0cd24581c43cd,M9002243,2025-04-24 05:38:45,8.73,20.0
orphan_transaction,37528b2e90a8035c87485c2a06eccd06,M9002244,2025-11-28 10:10:59,26.12,52.0
orphan_transaction,a0d2da3f3a16da637625d5a6c6b2f873,M9002245,2025-12-19 10:31:14,33.18,76.0
orphan_transaction,d0f7591fa7b2debfa25a1e277cce0c92,M9002246,2025-12-08 00:00:00,55.52,128.0
orphan_transaction,e4c1e2b34c9e8f3ef810e6bdf07bce6e,M9002247,2025-01-14 10:19:27,69.67,139.0
orphan_transaction,1a3d6b43461b57f6fd4b5a91e0691ade,M9002248,2025-04-13 05:28:38,45.74,80.0
orphan_transaction,03619ee5b018e141ea24982a98bb1a21,M9002249,2025-04-01 21:18:37,108.2,189.0
orphan_transaction,6d6ecae1a679788400bf09d1dba0fce4,M9002250,2025-09-13 12:34:36,119.01,208.0
orphan_transaction,f6e2064459173a911f33d20012905451,M9002251,2025-08-14 12:29:05,59.43,119.0
orphan_transaction,755772ba4eddcc5cf68ae6b4a64bdc72,M9002252,2026-04-09 08:29:37,35.44,71.0
orphan_transaction,c4729bf8c1a86dcacea0e7c4f15be1e6,M9002253,2025-02-14 10:01:14,48.86,112.0
orphan_transaction,7c34f4d2c8941a2e1adfd95cb047fa2d,M9002254,2026-05-08 11:20:17,46.85,108.0
orphan_transaction,44f2801a1a15ef68dd98cc53ead0b9b6,M9002255,2025-06-03 22:30:39,81.94,188.0
orphan_transaction,0c8fa386b8797629a1ace64ade8c3bb1,M9002256,2026-05-11 00:43:22,20.0,35.0
orphan_transaction,665a6d1b543564a0c4f671180fea4ded,M9002257,2025-03-02 03:48:35,48.53,85.0
orphan_transaction,29e409fe221e4f65dc765d5cdf2eaee5,M9002258,2025-11-27 21:01:17,177.87,311.0
orphan_transaction,8090428a3348b54d860438bf7c50a1ec,M9002259,2025-11-25 00:00:00,62.34,125.0
orphan_transaction,98049467961eb29748649e2b69e4e8a7,M9002260,2026-03-23 00:59:20,75.35,173.0
orphan_transaction,7ef8f85e6c5e135c39220e2338283707,M9002261,2026-01-09 11:31:52,36.42,73.0
orphan_transaction,7fae40a0fe0ffdbc12d4a061df8574e1,M9002262,2025-12-13 07:07:40,118.65,208.0
orphan_transaction,f8ff340d3ff6d0ca4dbc5b2467b44361,M9002263,2025-09-20 12:50:00,54.31,95.0
orphan_transaction,4ffde3077a4cb0ee0544f5e432326310,M9002264,2025-03-23 00:10:32,104.95,210.0
orphan_transaction,23acc7732e1316605533be789fc40448,M9002265,2026-01-15 03:44:22,20.69,41.0
orphan_transaction,52bbee9f7b7fc423aa1a243b427d9e2f,M9002266,2025-01-05 04:35:04,246.26,493.0
orphan_transaction,73b0e76d61dd2a86ec3f7e34df0bbb16,M9002267,2025-09-08 05:45:01,120.01,210.0
orphan_transaction,59607222e77fefb729992675d071ef3c,M9002268,2026-04-13 15:48:29,62.56,144.0
orphan_transaction,894a97f8294dbe8eee41e2f02735293d,M9002269,2026-02-15 04:24:50,63.62,146.0
orphan_transaction,4e116c91807dd346a66e08e19088acda,M9002270,2026-01-27 09:47:50,79.37,139.0
orphan_transaction,5376229d5b3a27d33ca9e3bcfc5b656d,M9002271,2026-04-20 04:54:18,36.76,64.0
orphan_transaction,391d49aceec0280f62db3049fbfe4849,M9002272,2025-10-25 03:40:46,58.4,134.0
orphan_transaction,47f3a558c0e53331fe5ec87e2f2919b6,M9002273,2026-05-21 10:08:25,70.7,163.0
orphan_transaction,f8b6440471a45b8fa938f0fd297b4798,M9002274,2025-12-03 03:27:01,215.66,496.0
orphan_transaction,5953970d22ff70a405981315564a9c51,M9002275,2025-11-22 18:40:19,36.58,64.0
orphan_transaction,08c2fb6dd89780f05d8406992880ff88,M9002276,2025-03-17 02:01:51,3.83,7.0
orphan_transaction,2c6e548d072d8718a70e2b4343026749,M9002277,2026-06-26 20:40:19,68.15,136.0
orphan_transaction,19289c7b0f0b9cb5e037bb7dcf5f4bde,M9002278,2025-04-29 07:47:15,39.12,78.0
orphan_transaction,b4c51b5e263e9167cd81f61c3f580828,M9002279,2025-08-24 05:51:24,35.64,82.0
orphan_transaction,099c0c9405640a301bfbb5c1a2a4d1e4,M9002280,2026-03-22 19:13:05,50.86,117.0
orphan_transaction,d675ab1fac4cd7e5c9dd53add4355975,M9002281,2025-03-04 18:40:05,16.41,29.0
orphan_transaction,2bec25323404f449cfb914bdc2b28400,M9002282,2025-01-29 14:21:04,44.63,89.0
orphan_transaction,5edf7704a6231adefba9a32d1c5f0144,M9002283,2025-01-17 01:40:06,77.87,136.0
orphan_transaction,64284ce7f35a6cb1d64b0f0a3f45e268,M9002284,2026-03-31 09:44:35,111.14,222.0
orphan_transaction,6db3bb5393cb78042029aa6499773842,M9002285,2025-10-31 13:21:39,69.46,160.0
orphan_transaction,46016c4ab85e5529eab5bbaa0744588c,M9002286,2026-02-02 05:34:38,51.75,91.0
orphan_transaction,47fac808412764c4aca83ae3b362a5f2,M9002287,2025-11-17 09:03:09,36.81,74.0
orphan_transaction,ee15ea2f8d2835fb75a6d4daba359821,M9002288,2025-07-18 05:58:50,67.87,156.0
orphan_transaction,64efc9f7d506e543dbc5b5ba066d3017,M9002289,2026-06-23 07:21:14,39.88,70.0
orphan_transaction,21d0115c0865b46e056bd38747ef39f7,M9002290,2025-01-26 06:44:38,65.05,114.0
orphan_transaction,27146d7ea63222cc48f11abca664b344,M9002291,2025-06-27 15:18:41,52.82,106.0
orphan_transaction,ddd7990c8273b5c60d1e94963bfc531c,M9002292,2025-02-07 01:37:43,211.65,423.0
orphan_transaction,2d02261d824393b6563a2f4f7f40f383,M9002293,2025-10-25 02:22:44,32.87,66.0
orphan_transaction,9b6d8bb8fac27bdc8782fcc56ecdc4f9,M9002294,2025-11-25 03:59:10,63.54,111.0
orphan_transaction,7e4190aaa57b74f33dd24cf79ee580ae,M9002295,2026-02-16 06:55:23,45.19,90.0
orphan_transaction,8a8e1d09fb57ca55c6ab7a711802fa59,M9002296,2025-06-15 16:19:07,32.07,74.0
orphan_transaction,478f6be8dddc0c58555e9f098517ebb9,M9002297,2025-02-07 08:03:14,40.56,93.0
orphan_transaction,0d67da510855d26275e4747be1867e84,M9002298,2025-08-24 17:22:46,49.72,87.0
orphan_transaction,6b43de9ead54a45b81154324a5c483b7,M9002299,2025-03-08 15:07:30,43.96,88.0
orphan_transaction,5e6174efa489e0d70792e2b72a9496bf,M9002300,2025-10-11 01:24:50,26.25,52.0
orphan_transaction,775eb9a59fc30558e978b20f0d2a276a,M9002301,2025-06-27 09:02:01,79.65,159.0
orphan_transaction,f90f2e3a717b9fe79b5e73e674d56f9f,M9002302,2026-03-20 15:19:57,69.05,121.0
orphan_transaction,262007820c4efcc54a87a0a95d2976f4,M9002303,2025-03-21 04:57:55,97.74,195.0
orphan_transaction,78d117c52a68983a4ff90c7cda5ffba8,M9002304,2026-03-08 12:32:39,34.37,69.0
orphan_transaction,c6e60e68d99c5ff049a0436a4d123088,M9002305,2025-09-19 13:55:43,70.3,123.0
orphan_transaction,f3c3246f15bf7ad732c441ea9d7a32e2,M9002306,2025-08-10 17:36:55,25.36,58.0
orphan_transaction,fa3f5d71ee6b5ca04d48f629e1ba2c07,M9002307,2026-04-15 07:06:11,231.03,462.0
orphan_transaction,5f555aa3cb75ebee46fe7c97edcac20d,M9002308,2025-03-26 17:13:15,55.36,97.0
orphan_transaction,1fbac34d14c6a2dc007ce5ade4e26314,M9002309,2025-10-22 18:38:45,61.23,141.0
orphan_transaction,a9c89a7544c8ab7f0350b6d0df636f46,M9002310,2025-08-19 07:17:32,75.87,152.0
orphan_transaction,67fecd14abf70ceaf5dc12b5fc3045ae,M9002311,2025-03-19 17:38:11,49.84,87.0
orphan_transaction,d4db98762d4efa8409807bc77d99519a,M9002312,2026-01-05 13:50:39,61.38,141.0
orphan_transaction,0e1a0d62eedb96988292df4e42cbe7f5,M9002313,2025-05-01 11:08:02,15.69,31.0
orphan_transaction,2c554ca565a2e76de7e06e43676a2ac9,M9002314,2025-07-22 08:22:06,201.17,463.0
orphan_transaction,fa1e6d3c56568b3a3f598b01f20f59d0,M9002315,2026-03-30 02:14:09,32.33,74.0
orphan_transaction,5eca7dbfffdeb151aec765ba60c67a29,M9002316,2025-03-10 09:02:44,102.59,236.0
orphan_transaction,d31780b66e470923d305a277b3b58b6c,M9002317,2025-06-16 23:46:56,42.43,98.0
orphan_transaction,77b38402db2ec302b7cc84698e90a87b,M9002318,2025-08-14 14:46:52,68.99,159.0
orphan_transaction,90e7fc2f64d2c937cd375998e0a6ec90,M9002319,2025-07-13 11:13:00,36.94,74.0
orphan_transaction,65f34e199295b6e8be7a80748c54ac13,M9002320,2025-10-07 09:45:24,56.21,112.0
orphan_transaction,d16d05c5f749e7ba3c7b15d329949202,M9002321,2026-06-04 18:25:50,68.36,137.0
orphan_transaction,7b99f4f4a71454cde4469e4ff154bbbb,M9002322,2025-07-28 16:58:11,23.77,55.0
orphan_transaction,89617c5eeb2a12e09beebf719e6a3773,M9002323,2026-01-24 03:30:38,91.73,211.0
orphan_transaction,50529104ad846413d766753a99da3e9e,M9002324,2025-06-09 00:00:00,109.67,252.0
orphan_transaction,336c9acd6cc4985e49a5e3d12c4d82df,M9002325,2025-06-12 09:32:38,47.45,95.0
orphan_transaction,41b32872cf20b109ec77dead30525aa4,M9002326,2025-01-01 11:15:15,76.72,176.0
orphan_transaction,3075fa6b612c051109680f764a630691,M9002327,2025-11-09 17:41:00,166.58,333.0
orphan_transaction,242ecf623a8565e49fe01fb7f82287e9,M9002328,2025-05-19 17:25:20,32.83,57.0
orphan_transaction,8bc94b5c59af8885fd801f35cbb6cba1,M9002329,2026-04-07 20:38:25,36.96,65.0
orphan_transaction,5ed1fd4462cfd296251e8174cd87602a,M9002330,2026-02-13 10:28:14,74.78,172.0
orphan_transaction,3f48ddaf9a8807d3826dc06d5449f61c,M9002331,2025-06-24 00:00:00,39.06,78.0
orphan_transaction,62b0cdd60f84d5410a11f48acbfc5b67,M9002332,2026-03-11 12:01:12,119.01,238.0
orphan_transaction,5d4f0dc2efcf4b2ab4f1d92451b53633,M9002333,2025-08-23 20:08:39,74.73,149.0
orphan_transaction,1d6527a6f5d835cc3a1efd88fa64a5b3,M9002334,2026-04-05 05:42:58,27.4,63.0
orphan_transaction,cf6ccfe6b55fe66db9919ff338a751d8,M9002335,2025-07-30 14:38:00,75.01,173.0
orphan_transaction,d87eafde8305860de7c6c3424446b993,M9002336,2025-04-17 03:36:02,38.5,67.0
orphan_transaction,1d1d39b7aec1dae0626cd12d86c499f8,M9002337,2025-02-26 07:12:08,36.61,64.0
orphan_transaction,64959cd5fd53852b22ba7d9d6410a16c,M9002338,2026-02-13 14:14:59,66.11,132.0
orphan_transaction,a5b73f6c26c641b0c63ea2b95ce00462,M9002339,2025-07-23 20:48:41,62.34,143.0
orphan_transaction,f0f049eca18bb871a338df7c3be4ab8f,M9002340,2026-03-05 03:54:00,16.24,32.0
orphan_transaction,898a184bb28e0e4e6b977d908bc3d295,M9002341,2025-08-07 22:03:37,31.1,72.0
orphan_transaction,9bd6deffe510fb0b4b9cc12797b22048,M9002342,2025-08-08 20:44:53,44.91,79.0
orphan_transaction,40ba546116ff7dab0d650d4e5635f8b4,M9002343,2026-02-18 16:40:16,74.92,150.0
orphan_transaction,5c924589c2f70e334255aefb94580b2d,M9002344,2025-10-12 22:14:20,103.67,181.0
orphan_transaction,bbee53403d2e428b3d7b2903a869dd5b,M9002345,2025-09-21 01:55:44,82.79,190.0
orphan_transaction,20d625be07039138dd7c7f3a751425fc,M9002346,2026-05-31 17:57:11,104.86,241.0
orphan_transaction,8b9fc483513cabf559336096ff3f0236,M9002347,2025-12-25 06:34:51,147.61,258.0
orphan_transaction,99a203d3274c40f3ccfdf96595f97283,M9002348,2026-01-31 08:32:47,85.51,171.0
orphan_transaction,2429cc8aa18a3c6e5cc0f6da6d23b765,M9002349,2026-03-10 10:49:00,76.25,152.0
orphan_transaction,bd3f5e4183552d301f5195f8a89215e4,M9002350,2025-02-05 10:33:59,29.34,67.0
orphan_transaction,ae1dd501f28a872eb81e4c29fabf4dbf,M9002351,2025-08-05 13:08:59,51.88,91.0
orphan_transaction,65efa8c0d19d35f5f938ef72c27df1db,M9002352,2025-05-15 09:29:52,77.72,136.0
orphan_transaction,4a6f7c87e814adbc806ea361d294a393,M9002353,2025-02-12 13:40:21,19.44,39.0
orphan_transaction,ef357d6664837e85e0c8a1fe7f1e7382,M9002354,2025-02-17 01:28:52,21.68,50.0
orphan_transaction,c0dd836dd0c38a3f49dcb1fd0bc3fd5e,M9002355,2025-03-03 13:14:39,50.19,88.0
orphan_transaction,2328f364eaafc291c71cd98a378a97f4,M9002356,2026-01-08 03:38:21,67.76,136.0
orphan_transaction,6b78dfa7e265cd664d57992a7a466e16,M9002357,2025-09-29 09:44:16,107.1,187.0
orphan_transaction,20bae19dd8f3b6cd92288cdc5167874a,M9002358,2026-01-05 02:29:15,36.55,73.0
orphan_transaction,814af7ed6b48f0be27f3d1186b7f741a,M9002359,2026-06-04 06:56:33,44.93,79.0
orphan_transaction,9ccdf77b0d86a69f6cc6fac9383ab69f,M9002360,2026-06-11 07:23:21,62.93,110.0
orphan_transaction,4327cd2ed917e1c54d736987d665ba57,M9002361,2025-05-10 21:14:25,51.11,89.0
orphan_transaction,829eaf2f547e1b26208216b995f9091e,M9002362,2026-06-23 13:34:53,45.96,92.0
orphan_transaction,1af7c8b6c2cee232b7203a3702865c24,M9002363,2026-03-13 17:25:01,25.16,50.0
orphan_transaction,f013ea17f508e51b551e01dedc4089f6,M9002364,2025-10-06 20:59:05,50.22,100.0
orphan_transaction,fc4a5f6aeaad2f200196e745c2ee9f55,M9002365,2025-09-22 22:34:24,35.36,62.0
orphan_transaction,06af2f2af0a3df6df436a08bb1f32833,M9002366,2025-05-06 11:05:42,84.52,194.0
orphan_transaction,17f3000eee76428e504629d99c5466cb,M9002367,2025-03-17 17:26:43,49.98,87.0
orphan_transaction,311f6925f649b861ea9c0b09419ad2ae,M9002368,2026-04-08 02:00:28,79.27,139.0
orphan_transaction,6b96dbee71457df8d805dd36b56b21a7,M9002369,2026-06-07 22:39:48,87.81,176.0
orphan_transaction,9f677ad8f63cfd9138bb6cee1032b4dd,M9002370,2025-08-21 20:43:30,46.18,92.0
orphan_transaction,96450c1fa82686fab9500276bbdadc4b,M9002371,2025-01-06 20:31:48,17.44,35.0
orphan_transaction,d6763f2d49ac37278a46b3b7ef997e8a,M9002372,2025-12-22 17:28:21,37.71,87.0
orphan_transaction,0b814dfbdfd536749ecdba288fe423a0,M9002373,2025-12-13 14:43:21,44.35,89.0
orphan_transaction,746783795059008d4bf5c25325fca741,M9002374,2025-12-01 07:00:42,33.08,76.0
orphan_transaction,b2695de76021280094fc1567387c341d,M9002375,2026-01-12 05:10:24,85.99,172.0
orphan_transaction,def7e666cff18e901c18394eff25076b,M9002376,2025-10-15 14:49:19,96.4,169.0
orphan_transaction,34b7fac3bffbdcc3ffb24ca30ec74836,M9002377,2025-10-16 21:51:31,71.14,124.0
orphan_transaction,85a3ca99e4e9f37278b53377ef75dd64,M9002378,2025-07-08 00:54:32,37.28,86.0
orphan_transaction,aa383a0dd9b6cc5387382a651a56b2f5,M9002379,2026-02-27 02:34:59,65.25,130.0
orphan_transaction,615c9961eea6774782b9f28c712ff623,M9002380,2026-04-27 21:46:33,27.09,62.0
orphan_transaction,0d30ddf22a8aaad99559f8475d5d930e,M9002381,2025-04-25 02:16:28,79.87,160.0
orphan_transaction,fec6d836e0c2bed7a98f365b333bf436,M9002382,2025-02-04 09:05:49,36.86,65.0
orphan_transaction,a0d04337f3b727543aea6b97cedfb1b8,M9002383,2025-06-07 08:10:46,74.47,130.0
orphan_transaction,49038a0b50f4abc3163941762a3a0c38,M9002384,2025-12-08 17:01:12,48.23,84.0
orphan_transaction,510f1e62a39b1a6d1d80f94cb85ddffc,M9002385,2026-06-16 02:48:31,36.32,73.0
orphan_transaction,25f75bed2b7b72bdaf4430af29b39c58,M9002386,2026-01-21 23:10:45,103.03,237.0
orphan_transaction,4b88c68d813836503b430f0b025c5a37,M9002387,2025-11-28 21:33:20,71.33,164.0
orphan_transaction,44d7e4c9fd44ee987df6df14602dab2c,M9002388,2025-03-17 18:56:12,118.75,273.0
orphan_transaction,210c8584d479164e1b7ba5bd7a72164c,M9002389,2025-12-30 09:31:30,46.61,82.0
orphan_transaction,a09a49835d1c0af24361a12e4915d9ba,M9002390,2025-07-09 21:52:52,53.24,93.0
orphan_transaction,67643624c42821a3594e8e57a2cb046d,M9002391,2026-05-12 22:30:28,64.37,129.0
orphan_transaction,5cbb60119377a29dfadf22874d56f307,M9002392,2026-03-13 17:14:02,38.41,77.0
orphan_transaction,89cd25f5b023e78bba4bceee022f783e,M9002393,2025-03-11 08:27:34,55.1,110.0
orphan_transaction,dbcd840e325824128205beb6f8d7c235,M9002394,2026-05-04 12:06:07,48.44,97.0
orphan_transaction,0d2354207fd7015e61b25eee6f6669a9,M9002395,2025-09-29 22:29:27,43.21,99.0
orphan_transaction,3ace2a1f3d6feb78fe354c41eb687dde,M9002396,2025-05-11 08:13:56,65.2,114.0
orphan_transaction,929e9b1b6fec9f634ae17a012462bc99,M9002397,2025-01-04 17:39:04,116.3,233.0
orphan_transaction,20cf1fb59a38540340748fd0935c7b17,M9002398,2025-12-18 23:04:51,39.92,80.0
orphan_transaction,50b954616cbe11e1418682a6f10767d3,M9002399,2025-03-17 06:01:53,118.55,237.0
orphan_transaction,65c1cac0b6b362442406acf4d5ae9d2c,M9002400,2026-04-22 23:54:25,79.01,138.0
orphan_transaction,c2709cebae52aedea4c0b8eb3e5efb10,M9002401,2025-05-24 16:07:41,134.58,310.0
orphan_transaction,72430151f293e3e7d26e19fcb7d85568,M9002402,2025-04-23 01:15:46,35.79,72.0
orphan_transaction,71a75f52937b6780e55cf61785f1c756,M9002403,2026-06-25 07:07:41,23.75,55.0
orphan_transaction,c4eb80c8e728b78527537e4b7f09d6b4,M9002404,2025-01-14 07:44:27,90.69,209.0
orphan_transaction,c73ad4abde90a650616603bb58c88072,M9002405,2025-08-28 02:48:26,15.68,31.0
orphan_transaction,753b18e50b79e0a3e8bf09fd739a642c,M9002406,2025-11-13 14:49:02,208.04,364.0
orphan_transaction,eba46e50ffd87536131f6bdc04a583f3,M9002407,2026-02-16 10:20:08,47.73,84.0
orphan_transaction,5afe1f9ebb2ffab0287085ad1761db59,M9002408,2025-09-23 08:25:06,52.07,120.0
orphan_transaction,8c06edc5bf759ca7d77d1a537495d213,M9002409,2026-03-15 16:34:26,135.22,311.0
orphan_transaction,962b0502c2750228db90778b71b60c5d,M9002410,2025-03-22 02:43:09,78.26,157.0
orphan_transaction,7fa96baaa0a97f5aed121c304b0ce553,M9002411,2025-10-24 13:37:27,28.99,51.0
orphan_transaction,f3b9cd44381e0017f7668f13dbcc9229,M9002412,2025-08-02 04:48:01,62.23,109.0
orphan_transaction,b3623ed51289fec912d80018477202a1,M9002413,2026-05-31 13:17:09,33.19,76.0
orphan_transaction,a7e63369abebb26f37a5e15d1aae352b,M9002415,2025-01-12 01:06:42,33.36,77.0
orphan_transaction,97344046e74c2ae7ca7d4a226fff8702,M9002416,2025-09-28 07:04:34,26.33,61.0
orphan_transaction,bd1d29f3a4bbb22e11088138728c6c55,M9002417,2025-12-20 17:58:09,26.93,47.0
orphan_transaction,b0c812340278a8b047142de04a83cc9b,M9002418,2025-11-16 13:50:11,46.67,107.0
orphan_transaction,5ec2f4aa1991ccb8828040e51552a5bf,M9002419,2025-10-14 22:56:58,39.29,79.0
orphan_transaction,ac2c6ce177e9a86e4d8355ddd92e1ca4,M9002420,2026-03-03 10:57:52,59.58,137.0
orphan_transaction,3f4ee57f0c9d899f16d07340a6caa747,M9002421,2025-11-25 10:07:29,9.34,19.0
orphan_transaction,026b2c411704e17b235f0bfa1a29c852,M9002422,2025-01-10 04:55:30,124.65,218.0
orphan_transaction,40faddd2aaf035d0db213afed7cf7964,M9002423,2025-09-29 01:32:13,33.04,58.0
orphan_transaction,db9df0ee96a6a765615eadbf5d8af09a,M9002424,2025-08-08 15:51:56,76.02,175.0
orphan_transaction,3b651357d1221cd5dcb7eb8b01b3e46f,M9002425,2026-01-02 07:17:22,115.17,265.0
orphan_transaction,fd6fc606962a0302aa89130447699221,M9002426,2026-06-05 10:48:36,31.09,54.0
orphan_transaction,9cda7dcc54fe37a17a07e633367c6218,M9002427,2025-04-06 12:09:46,76.12,152.0
orphan_transaction,ceace3da182da672b1140423810e1457,M9002428,2026-02-11 20:20:25,69.09,121.0
orphan_transaction,c3c43fee533cfed8bae72e7607212f90,M9002429,2025-08-11 17:39:15,53.83,108.0
orphan_transaction,ee3c444a998b88bf7beebfe47357a655,M9002430,2025-03-14 03:03:31,99.47,174.0
orphan_transaction,5f00090cd2ad19e722961041abb579a8,M9002431,2026-06-15 14:31:27,112.12,258.0
orphan_transaction,1448e800674cc3a6806e8fb9c41da70e,M9002432,2025-10-28 05:47:07,36.21,72.0
orphan_transaction,c4e7abcd95b434a7c1168c912fd70755,M9002433,2026-06-26 22:34:04,81.42,142.0
orphan_transaction,2955670e308c3af8cb3d9cc15c429fdc,M9002434,2026-06-25 13:14:55,50.51,116.0
orphan_transaction,70e84c4d346b523974a35fc9d7eb101e,M9002435,2026-01-29 14:21:57,56.57,130.0
orphan_transaction,d4f1e4fa3c199cb51970eb5d8be45c53,M9002436,2025-06-12 15:08:29,87.02,174.0
orphan_transaction,1604b8fb80ba4b1172126f1d7b94c151,M9002437,2026-04-18 10:12:25,69.94,140.0
orphan_transaction,cc5d71634971a412d0e084fe7d607da1,M9002438,2026-03-28 19:48:51,40.03,80.0
orphan_transaction,3fa942637e2b4492df7247513efb72f8,M9002439,2025-10-16 23:11:56,25.36,44.0
orphan_transaction,c6ca20320ea6ced9301ec3f44b3b8453,M9002440,2026-01-19 19:15:59,124.51,218.0
orphan_transaction,6dfe8a42cb915b8b35e811badfded266,M9002441,2026-04-22 01:34:54,66.63,117.0
orphan_transaction,ace8f2504f5982bcf948883404a21556,M9002442,2025-07-02 05:36:28,83.93,193.0
orphan_transaction,0cfa75ecd67c023b70f581e778acdadc,M9002443,2026-01-08 00:11:21,25.48,59.0
orphan_transaction,46fb2f5652b77ba83adb8220ceca6ddc,M9002444,2026-01-30 14:31:38,35.98,63.0
orphan_transaction,cdf1a011b4e2ae064e4605f2668ebe42,M9002445,2025-06-22 13:24:30,81.01,162.0
orphan_transaction,c719be18d19ad0cbfd9d587772413a81,M9002446,2025-02-07 09:24:20,77.02,135.0
orphan_transaction,cc7293ccf4f8538a1d06fc104f4a9704,M9002447,2026-05-31 18:55:41,46.6,107.0
orphan_transaction,18e19b838b388dc5429b727251ac20fe,M9002448,2026-05-20 15:45:54,51.01,117.0
orphan_transaction,76492136ff196a6182ffc48a445593b9,M9002449,2025-03-24 00:42:00,65.29,114.0
orphan_transaction,7b9b5ba43d5889e4c3209d4b23f0e8b5,M9002450,2025-11-29 18:32:36,84.0,147.0
orphan_transaction,fd17d71da1b9437e3d9f5b62971668eb,M9002451,2026-04-22 09:56:21,88.68,177.0
orphan_transaction,891802cd6115b573bc2dae3fcf4f56b6,M9002452,2025-01-30 15:50:57,52.29,105.0
orphan_transaction,c09959acae24d318f4b20072afe2da04,M9002453,2025-12-20 07:53:05,18.29,37.0
orphan_transaction,0ff4f1d782444df47eec08ad7e4bb3c8,M9002454,2026-01-13 04:03:27,58.66,103.0
orphan_transaction,2b24d96b0b002802b6e0b4a520837d9c,M9002455,2025-12-30 06:28:12,34.35,79.0
orphan_transaction,536cff069e53d4ee66664eed6d8b0297,M9002456,2025-11-23 16:11:29,177.03,354.0
orphan_transaction,4b597039b734d39a31e205ea98871b8b,M9002457,2025-11-17 09:24:42,29.37,68.0
orphan_transaction,5e4e1f20be088ae8cde26cd477d8eca9,M9002458,2026-04-16 08:31:11,44.53,89.0
orphan_transaction,66d983525ff3a40ab17b4bb047803626,M9002459,2025-06-03 01:26:51,14.65,26.0
orphan_transaction,63c296123f83379dfd56834fef2cf128,M9002460,2026-04-11 06:55:33,29.59,68.0
orphan_transaction,37b93c823ab3abfaf4950975cff0cbc2,M9002461,2026-03-06 02:58:57,55.49,128.0
orphan_transaction,313920d9776c64e971a72c36f1d7ffdb,M9002462,2025-03-09 16:34:32,39.51,91.0
orphan_transaction,cff6b32c7d81c5e98ccc8a0af9b549b5,M9002463,2025-10-10 07:20:43,54.34,109.0
orphan_transaction,9ffaa51b5e3492ea6882e72fdba533c8,M9002464,2025-01-03 00:00:00,57.37,100.0
orphan_transaction,8a40f80a91df1b4794e7e1f50dff1c0c,M9002465,2026-03-09 00:47:27,52.24,120.0
orphan_transaction,af7fe21a0ded8f69035a4f88bf35dd26,M9002466,2025-02-02 21:10:09,29.44,52.0
orphan_transaction,4f73a9775bdd6fce144f28b386b5d854,M9002467,2026-03-29 20:12:27,90.91,209.0
orphan_transaction,9116024a10b8976abf2bea3115123de5,M9002468,2025-01-29 08:56:54,116.49,204.0
orphan_transaction,b850bbc28e141d78af57526d25809138,M9002469,2025-03-22 12:35:56,62.92,126.0
orphan_transaction,1a792b8e726f3b353704c9396168c882,M9002470,2026-01-20 08:05:27,36.87,74.0
orphan_transaction,feeff81f25473ba2f249feea48edf425,M9002471,2025-06-18 02:11:24,137.38,240.0
orphan_transaction,2d80770108d29c1911b508840c79a0bd,M9002472,2026-03-15 00:11:40,36.83,64.0
orphan_transaction,7fa81985488bb8f4cb8e091466509874,M9002473,2025-04-24 03:47:16,38.94,90.0
orphan_transaction,62f788eab535e013daa19b7187a3e246,M9002474,2026-03-15 21:42:46,47.24,83.0
orphan_transaction,f223fc1fd21366c49fef75232e1e5212,M9002475,2025-04-23 02:45:28,35.95,63.0
orphan_transaction,cf7f78e7fec2e7f5032036b86e0cbe39,M9002476,2025-04-03 05:34:31,191.57,441.0
orphan_transaction,6181bbce85c8b57e7c208e6afe83ae00,M9002477,2025-07-08 05:48:44,33.19,76.0
orphan_transaction,01760065611f9249d6af5abaed39eb66,M9002478,2025-05-21 15:29:03,44.22,88.0
orphan_transaction,a46b3dd9fdc88e38e8b4f46c77888007,M9002479,2025-05-07 16:16:43,38.56,67.0
orphan_transaction,e322613dc670c7406109d3c3acebaea6,M9002480,2025-05-20 09:13:12,46.3,93.0
orphan_transaction,a319f2a7f7ba8c7e3b9d60906330011f,M9002481,2025-04-07 04:45:42,45.49,80.0
orphan_transaction,0acc523d18fb1f73442fdfe6a7f2ad56,M9002482,2025-05-30 00:36:18,38.78,68.0
orphan_transaction,02cb2dd1c61bb3098b2f4ce3b4510cca,M9002483,2025-08-17 15:46:29,25.12,44.0
orphan_transaction,0aaad45c27bf338c387035ce1476839a,M9002484,2025-04-15 13:32:24,78.25,180.0
orphan_transaction,ce1ab3b798a7c4db363712af5b062419,M9002485,2025-10-25 08:35:14,75.47,132.0
orphan_transaction,a0568afcf48f075761d5eda25d79b74f,M9002486,2025-10-29 02:14:44,73.96,170.0
orphan_transaction,7a89bd3a27bbc35739c1204838ce265b,M9002487,2025-08-02 03:01:17,24.32,43.0
orphan_transaction,4de0abf56594f70927707376d7d7d98d,M9002488,2025-02-02 19:52:54,31.72,56.0
orphan_transaction,8d40d12f24acd40c69a82bf7492ac2c3,M9002489,2026-04-23 00:50:31,39.54,91.0
orphan_transaction,7567bfaab5186816664943fca0d966cc,M9002490,2025-01-13 21:49:26,71.67,143.0
orphan_transaction,212c98da200904f4372ebd1a74c9d8d0,M9002491,2025-07-21 00:45:08,18.56,37.0
orphan_transaction,8132ead674b4df1e4d92cb2c84c71171,M9002492,2026-06-29 04:45:23,30.92,62.0
orphan_transaction,03fa72dd1221d96fbd82ff8c786b4fdc,M9002493,2025-08-08 11:38:05,45.78,80.0
orphan_transaction,f5b83620f4c1c31ed701f7fb472ebfad,M9002494,2025-08-02 03:44:10,93.89,188.0
orphan_transaction,e8610ef163e48b4a5d82d93a091b3c47,M9002495,2025-02-28 08:06:55,68.5,158.0
orphan_transaction,aea768e3a9e555981410cc8a238dde80,M9002496,2025-10-27 09:49:06,217.66,501.0
orphan_transaction,5f26090b1998253f664097550b1d8d3e,M9002498,2025-02-10 12:48:46,31.9,73.0
orphan_transaction,b34b0ea07e86c32eda0449172f9f52fa,M9002499,2025-11-15 11:54:01,55.45,128.0
orphan_transaction,47702657209b378efa8ad2b88f3a8dba,M9002500,2025-12-31 00:00:00,87.34,201.0
orphan_transaction,9172f9554fdc93fcd2e42835023f4efc,M9002501,2025-04-22 12:47:50,67.88,156.0
orphan_transaction,44c8bc2fdb1714fe6dff580621bd69df,M9002502,2026-06-15 22:57:48,62.68,144.0
orphan_transaction,e5a603a981c915d414459bdb4e30cdfd,M9002503,2025-11-04 22:09:41,58.73,103.0
orphan_transaction,6d3ddd044e60ad8c27f942ae87f90c65,M9002504,2025-11-02 05:06:14,37.14,65.0
orphan_transaction,b278115d79a2f68e79297f3be932845b,M9002505,2025-06-16 14:23:55,124.83,250.0
orphan_transaction,ed04edc0d1781769bb8db6be198d517a,M9002506,2025-08-29 04:21:01,59.01,118.0
orphan_transaction,10aad48c24ff04e7f2a7a959249ef8da,M9002507,2025-05-07 12:05:28,60.78,140.0
orphan_transaction,5f80e4a92c6704a2aecdd4989f866c00,M9002508,2026-05-11 04:19:30,51.22,118.0
orphan_transaction,819c0477690ebcc88a059cda86fd3e54,M9002509,2025-05-21 11:38:52,49.82,87.0
orphan_transaction,35bd2d32ef7fa2bcf491f595acc50328,M9002510,2025-08-16 10:30:18,138.51,242.0
orphan_transaction,a3fe8bda74154e9f5ff976521f89749e,M9002511,2025-10-03 14:11:07,37.37,75.0
orphan_transaction,f4a79ea24ca7d88984d8604490fefbc6,M9002512,2025-03-14 05:09:47,48.22,96.0
orphan_transaction,06d9cd420933f90d50220d4068f390b8,M9002513,2025-01-11 14:48:41,29.16,58.0
orphan_transaction,674e3f23e3ac76489255318ba51f56b9,M9002514,2025-08-24 03:22:49,35.85,63.0
orphan_transaction,c83c148331f4160db807cbf61a18d0cf,M9002515,2025-03-27 22:38:56,30.91,71.0
orphan_transaction,f9891af66c331920c905ff7b632e8611,M9002516,2025-08-04 07:06:03,42.64,98.0
orphan_transaction,4aa98ec93fe783225b5a7a9d228ab948,M9002517,2025-11-18 01:29:04,35.75,82.0
orphan_transaction,f745301e5e59c144fd9ad938e303f36d,M9002518,2025-01-28 23:08:16,26.2,60.0
orphan_transaction,cc438c9ccdfb48ab9a1295a6081c366c,M9002519,2025-12-22 15:24:05,59.95,138.0
orphan_transaction,a878262f12b5425d10c00183315c057e,M9002520,2025-04-11 12:05:07,110.22,220.0
orphan_transaction,f3f68461a055bc2fb9a7d2003c1199f2,M9002521,2025-08-07 21:34:42,104.48,183.0
orphan_transaction,040b0d5100de031152e29190c40344e0,M9002522,2025-09-15 16:02:10,27.64,48.0
orphan_transaction,353a7850d1e3a5b2634b1c7b1e008058,M9002523,2025-08-04 22:33:56,73.63,147.0
orphan_transaction,76179525eae8b9cf3f1513b1787db170,M9002524,2026-06-09 08:28:44,44.86,90.0
orphan_transaction,bccfd0e704016e71f1848b3619692e48,M9002525,2025-06-28 06:20:06,32.64,75.0
orphan_transaction,f539bf51b6a6746cd3e91894a5f5c00f,M9002526,2026-03-22 13:26:31,67.54,135.0
orphan_transaction,acb3a300cb18e41a1047e57e7ca0054f,M9002527,2025-10-21 15:13:16,51.35,118.0
orphan_transaction,ee34c728e440e0ff73159fa1a479f3fe,M9002528,2025-09-28 23:29:49,177.26,355.0
orphan_transaction,d590fe96949e1f19b635bf233118c842,M9002529,2025-10-28 11:52:47,97.79,196.0
orphan_transaction,2a8ae791af3cdfcdb21810fb432d4c67,M9002530,2025-02-24 05:30:20,17.78,36.0
orphan_transaction,4eaf80b4b905fe0f42b8f9e40ff54abd,M9002531,2025-06-14 18:06:09,110.1,253.0
orphan_transaction,b93d7f7b5fd3e17b5eceaaeeeb596cc1,M9002532,2026-04-05 14:57:58,69.16,138.0
orphan_transaction,ba3f9c7f4a131829e1be740bc5254932,M9002533,2026-02-26 16:28:34,24.22,42.0
orphan_transaction,19b351221a41f6408ed2eafb54468ecb,M9002534,2025-09-04 20:47:49,37.74,66.0
orphan_transaction,b8b4661b86803a66adc535a1b1a6bce3,M9002535,2025-12-07 05:16:41,38.97,68.0
orphan_transaction,cbf1337aaa43e95dfd3d8d13ea116a94,M9002536,2026-01-10 07:12:59,46.77,108.0
orphan_transaction,7a8e7a00488a27a4045247a56adac458,M9002537,2025-10-13 11:30:54,124.86,219.0
orphan_transaction,4428dada5e8286d5278f93efc4d04195,M9002538,2025-06-27 07:26:36,39.49,79.0
orphan_transaction,b125443857be35f75d97779ab2712ae2,M9002539,2025-08-18 23:11:27,117.57,235.0
orphan_transaction,652c5642df85fa65793bbbd61573c241,M9002540,2026-01-19 18:36:50,51.96,91.0
orphan_transaction,76630b873e1dad0dcc11d94f09445b1f,M9002541,2025-10-09 12:40:51,78.7,138.0
orphan_transaction,19b388eb06c5e344e927b1d5d9f5c803,M9002542,2025-07-05 01:34:22,29.67,59.0
orphan_transaction,10b1f97da83eaf5d31a855c382f323e6,M9002543,2026-02-08 13:51:20,74.18,130.0
orphan_transaction,1a16233a19e4a5f4d81eff4e63087b57,M9002544,2026-05-06 18:09:11,29.48,52.0
orphan_transaction,88ade75f7f6141564857977b8816ded6,M9002545,2025-04-08 04:37:08,30.82,62.0
orphan_transaction,99e11b0b38dfa8b3a1bf2f6521079e13,M9002546,2025-03-11 18:31:10,48.16,84.0
orphan_transaction,9b686a3aded5084882e6615f5a5890ae,M9002547,2025-06-10 07:01:19,58.2,102.0
orphan_transaction,33c6d14040afff51ccd6599c4b2c097e,M9002548,2025-11-16 16:08:03,52.36,92.0
orphan_transaction,a3a714773488843d07e0f802163d316b,M9002549,2025-05-15 15:05:52,67.91,156.0
orphan_transaction,ec482195d064b4bde8069188151b6aa5,M9002550,2025-03-12 16:52:04,8.76,15.0
orphan_transaction,5bd32f63165ad985173c480580f6f3a2,M9002551,2026-05-03 02:17:37,29.03,67.0
orphan_transaction,9ca7fa71cbd48c1188fb8353f1913934,M9002552,2025-12-26 10:14:06,80.95,186.0
orphan_transaction,0a183084706e709d3377ca619ae5508b,M9002553,2025-07-28 15:03:23,79.09,158.0
orphan_transaction,fe65a40cedeab8477a4ffe30c1701f6e,M9002554,2025-01-07 13:14:15,124.96,287.0
orphan_transaction,96ab25477fa6519869bdcceb11f839ed,M9002555,2026-01-11 15:09:03,174.29,401.0
orphan_transaction,a483af5bc835d606d0f53e88a65f84dc,M9002556,2025-11-02 21:44:50,31.52,63.0
orphan_transaction,dddbee363952765a60b5548ec2314cd9,M9002557,2026-03-18 00:52:30,70.62,141.0
orphan_transaction,a76a19660647c1b58cbcb9894a771d26,M9002558,2025-04-24 02:07:46,45.77,105.0
orphan_transaction,a42fec545c9f26a4dc1b04e547be02bb,M9002559,2026-03-15 09:00:43,59.26,136.0
orphan_transaction,b083d4371e59f494ffc68a67a248e5d0,M9002560,2026-03-14 01:04:46,33.04,66.0
orphan_transaction,4739e15ebb3e7c727e828ba05322bfbb,M9002561,2025-01-06 01:13:21,17.05,34.0
orphan_transaction,b093324ac0d4dea60251d9db0138e161,M9002562,2025-01-16 22:42:42,84.12,168.0
orphan_transaction,e99dce8312beff9ffeb62ad8e6cf4f09,M9002563,2025-11-02 12:22:30,26.5,53.0
orphan_transaction,6b385dc4bbb0602b75f099ab5f19328b,M9002564,2025-07-31 03:46:05,63.86,128.0
orphan_transaction,3ef0a46f917770a044aa54584ea1e7d5,M9002565,2025-04-11 00:00:00,58.3,117.0
orphan_transaction,63018ee9b5058fb3157af5eb2d0d3771,M9002566,2026-04-03 12:18:22,27.91,49.0
orphan_transaction,89c390eee59337da74e3a1a379e662e4,M9002567,2025-05-06 14:41:04,62.6,125.0
orphan_transaction,1eb37157150a942b452cc2335dc83471,M9002568,2025-07-06 16:08:23,101.51,233.0
orphan_transaction,a527f71a68cf74d8a6c2df4b620f5b90,M9002569,2025-06-03 06:17:21,36.59,64.0
orphan_transaction,a5b3c7bb71e413d5903617246b3d8f67,M9002570,2025-05-03 16:00:58,38.2,88.0
orphan_transaction,578822ce56315ba7bab5253c10736caf,M9002571,2025-03-11 02:16:58,47.22,83.0
orphan_transaction,fb41f88d02bdc4e68f11b16634f0d3de,M9002572,2025-10-16 21:10:10,61.43,123.0
orphan_transaction,401a0f80ca92301d860224f671ae7d7a,M9002573,2025-01-24 17:39:09,14.77,26.0
orphan_transaction,ca37c77a315928b8a541811326f5404c,M9002574,2025-06-16 05:59:20,107.44,215.0
orphan_transaction,42dc5219c7189cad8812b49058175830,M9002575,2026-05-20 08:42:36,75.76,152.0
orphan_transaction,b3ea776cd07c68f14f0f34e838aefa60,M9002576,2025-10-24 15:07:47,65.36,114.0
orphan_transaction,6826b2430faec7fbfaf32d404c187b8d,M9002577,2025-06-07 17:13:44,16.19,32.0
orphan_transaction,4ac7c8fe5b67897d15bd33d74f407b4a,M9002578,2026-05-11 22:34:53,37.99,66.0
orphan_transaction,7c6a13a3381177f113895582544ca3b4,M9002579,2025-09-25 04:37:38,18.96,38.0
orphan_transaction,973fb2c984fa9544fe51c2cf7f4b306a,M9002580,2025-05-15 11:56:55,26.18,46.0
orphan_transaction,e9c7bba431de2e32a3bc9cbd21501137,M9002581,2026-05-22 14:02:25,45.85,92.0
orphan_transaction,9b97fd8082426ca84620e57000a82010,M9002582,2025-05-10 18:45:33,43.14,86.0
orphan_transaction,1f0c96885f3cf124631bde5ce806bff5,M9002583,2026-04-24 09:48:29,25.17,58.0
orphan_transaction,1af204fae43962ba1cb45045df223058,M9002584,2025-03-31 03:20:25,60.77,122.0
orphan_transaction,cd737ab4084c2b9b492ddb7c78443ecd,M9002585,2025-01-07 11:20:24,84.01,193.0
orphan_transaction,60a892fa88f0fc65726c2f78664e957c,M9002586,2025-01-05 03:22:00,89.7,206.0
orphan_transaction,88ba16a64b0ee2db0d6789195e47e858,M9002587,2025-06-19 19:40:37,113.01,198.0
orphan_transaction,d1fd916a75eb6eee50fd9df6e1142c7e,M9002588,2025-07-20 09:55:32,39.13,78.0
orphan_transaction,7f2be74beadd6c74dd37295c88a4f0f2,M9002589,2026-02-13 01:42:51,131.22,302.0
orphan_transaction,1761cc8b2e256f20a883d91bc8645f6f,M9002590,2025-08-09 03:26:44,15.86,32.0
orphan_transaction,996ff1aecda768faffe1597893a41eda,M9002591,2026-05-29 00:00:00,41.21,82.0
orphan_transaction,5d2dd30bbb2f9ddae3c490db864016c3,M9002592,2025-11-21 22:56:57,78.25,180.0
orphan_transaction,e6f17839900508f40461f7aa123ee080,M9002593,2025-06-09 20:02:28,89.0,178.0
orphan_transaction,a0fb4978b19fb45adb1d996d0cab13ce,M9002594,2025-01-26 17:27:45,75.08,173.0
orphan_transaction,399570581d540ebe28a6370ce2fa5f77,M9002595,2026-04-02 18:33:40,19.32,39.0
orphan_transaction,c30bef9060eb6fe3da8ec3a7942996f4,M9002596,2026-05-25 15:10:44,33.47,77.0
orphan_transaction,d25bc3ba1a5e196a319de6433147bd7f,M9002597,2026-04-19 21:47:52,40.78,82.0
orphan_transaction,47852de768215864c37ce360886eb8ab,M9002598,2025-10-11 01:14:57,95.11,190.0
orphan_transaction,51383626e6e15c233e9d52666ffe2fd0,M9002599,2025-11-16 21:03:19,39.56,79.0
orphan_transaction,1ececc9df9f3a395eb686942d61418a6,M9002600,2025-06-05 20:17:45,37.88,87.0
orphan_transaction,248859bcb681ded5fc752360424628b8,M9002601,2026-06-16 15:45:58,37.06,65.0
orphan_transaction,6aea88d59b2e599d1c97d1f524507b96,M9002602,2025-05-04 09:13:05,113.57,199.0
orphan_transaction,58b11c47bbf399e667586dd4c25ae3c6,M9002603,2026-04-06 05:29:07,98.67,227.0
orphan_transaction,fc6d456b71cdfc2ad450774c1486282f,M9002604,2025-06-28 17:19:51,31.83,56.0
orphan_transaction,3ae7cb98cc229575d30aef97a86da425,M9002605,2026-03-11 19:01:41,531.46,1222.0
orphan_transaction,3e8800ea43cb6e806b176fc913c99b98,M9002606,2025-09-23 11:39:04,15.08,26.0
orphan_transaction,6eba0512e19bbd0cf35ec7630f9b019f,M9002607,2025-01-20 12:55:47,53.28,93.0
orphan_transaction,2eca24802317204e2871c04c9b971f0f,M9002608,2025-12-23 12:11:45,25.41,51.0
orphan_transaction,6e175d7c78715b91c67cc186c314adbe,M9002609,2025-10-22 10:54:26,88.37,155.0
orphan_transaction,1010323bee61b8d15bb12a31dccd0657,M9002610,2026-03-03 16:25:08,61.94,124.0
orphan_transaction,c9c1db9b8dd9b3326f197918f513b44c,M9002611,2026-01-19 08:59:55,56.54,99.0
orphan_transaction,cbb513ac0f86444af996e579f040d751,M9002612,2026-04-19 22:03:38,103.72,239.0
orphan_transaction,6f1cea369932f859a7092e7c529db954,M9002613,2026-03-01 19:23:47,60.04,105.0
orphan_transaction,d8f9afe82b19826721c089b98c2427e7,M9002614,2025-04-21 20:41:13,35.58,82.0
orphan_transaction,d15203d047d274d2cbbaee7af21c71f4,M9002615,2026-04-13 14:17:43,50.14,88.0
orphan_transaction,0c625f02a9d8cbf0d856c58c2053db4f,M9002616,2025-02-10 19:02:48,50.12,88.0
orphan_transaction,0859deaa51b09e3e6d3102e6660236eb,M9002617,2025-01-30 03:48:33,203.0,355.0
orphan_transaction,6fde7973d21781204fbd73229a5c0f4e,M9002618,2025-05-01 02:38:57,56.22,112.0
orphan_transaction,c258f547e174a22f3e16ce227f7c5537,M9002619,2025-08-06 05:53:09,27.74,55.0
orphan_transaction,d953018c841f418729df831d2de0a6ea,M9002620,2025-09-06 04:08:24,35.38,81.0
orphan_transaction,708196047e0d9070aa6a09e8e45c292b,M9002621,2025-01-06 03:53:47,75.73,133.0
orphan_transaction,2587b92601496cf1897cebca295ff0df,M9002622,2026-05-19 21:27:30,43.28,100.0
orphan_transaction,68997ef548a5c1ab3ee3313f17c388b5,M9002623,2025-01-15 09:40:41,52.72,105.0
orphan_transaction,8020e3882168f72e80c9d4abedbaf9e5,M9002624,2025-09-15 18:24:46,89.4,156.0
orphan_transaction,ee7541ab3a1d9f6803047d0490d6a1ed,M9002625,2025-02-12 05:26:45,47.39,95.0
orphan_transaction,506cc7662e640e9a9fd0ea21333c88fb,M9002626,2025-12-06 12:53:26,51.64,90.0
orphan_transaction,a25669d8fe4e92d66149d832067b5b35,M9002627,2025-05-12 20:54:04,5.43,12.0
orphan_transaction,3d231c501a4be1db14bfefaf474b058f,M9002628,2025-08-29 03:50:39,73.33,128.0
orphan_transaction,0e886310af8d4d1ba6d83dd26c7586e7,M9002629,2026-04-24 13:20:27,71.18,125.0
orphan_transaction,2d286f9ed99244e394a76252de94f785,M9002630,2026-01-30 00:00:00,41.58,73.0
orphan_transaction,91cac88f9063556ae3ca7027a9658627,M9002631,2026-04-05 09:48:11,43.7,101.0
orphan_transaction,e1399b189bf2af7c336037c4e1b44163,M9002632,2025-07-07 21:33:50,99.3,174.0
orphan_transaction,db311f404206830b4e6dfe505724c079,M9002633,2025-01-24 11:50:04,47.12,94.0
orphan_transaction,d87c3166a76a0957c9ab917bf97419f9,M9002634,2026-01-27 10:48:54,99.81,200.0
orphan_transaction,a388a0731c42484ee16798045d35cbbd,M9002635,2025-02-12 14:09:12,234.1,468.0
orphan_transaction,2cd233811335fb3b8419a8ec135ed6e5,M9002636,2025-01-29 18:45:48,65.63,131.0
orphan_transaction,233b95e0b35cb6fa56f18e75fd1d2398,M9002637,2026-02-13 08:24:26,102.48,179.0
orphan_transaction,9e815c3ef332f82a958b86ab26d11ec1,M9002638,2026-03-18 20:10:30,99.44,229.0
orphan_transaction,9b5882947ce2de226a7d99983c877220,M9002639,2026-06-18 15:55:23,31.53,63.0
orphan_transaction,6d2f9a1d39e22eadda09a93ef79c643c,M9002640,2025-03-14 23:46:11,82.32,144.0
orphan_transaction,0d9a15c47a366ed43173cc6d9a49c90f,M9002641,2026-05-13 13:32:10,21.82,50.0
orphan_transaction,3affb1829d5a1869323d2c98cbd66e4f,M9002642,2025-03-06 18:47:23,41.96,84.0
orphan_transaction,fb40a9bca1f7a62d23dfca556ad65933,M9002643,2025-07-13 01:30:10,23.03,46.0
orphan_transaction,6b37057ee426e4f754fc47196503a9c1,M9002644,2026-02-12 09:19:15,70.86,124.0
orphan_transaction,0c244cb0f142500b86ec9e755cca9851,M9002646,2025-05-10 12:59:25,120.04,210.0
orphan_transaction,21716ed167e952feb0cb5ced25155da4,M9002647,2025-06-14 03:16:02,100.32,176.0
orphan_transaction,06d9e6ca73e054b49416e0100b4bf4ad,M9002648,2026-01-01 19:47:55,108.05,189.0
orphan_transaction,a7a786ca362cc67f75ffbe0c08a2279f,M9002649,2026-05-16 07:15:36,50.45,88.0
orphan_transaction,12d4dc5555c0a7b7b04138807cc62ab6,M9002650,2025-04-15 00:18:18,189.63,436.0
orphan_transaction,cc4547de2c847ee32c0060a032257137,M9002651,2026-02-22 13:46:16,28.07,65.0
orphan_transaction,4e88ee6dd641957f4ac95ae6a42c1b44,M9002652,2025-04-12 08:58:11,68.62,120.0
orphan_transaction,1fca56a04990dfec33ad1733f8a3435e,M9002653,2025-11-04 20:53:36,40.9,94.0
orphan_transaction,3d9b44a47d8ffb7b4cadeafd0f6abb43,M9002654,2025-05-16 20:52:39,59.45,104.0
orphan_transaction,57f9ee924a29f005230c8af3e046e029,M9002655,2026-02-06 02:15:58,58.52,135.0
orphan_transaction,b4165ac1217933ecd4530e109b764456,M9002656,2025-03-15 03:15:24,66.45,116.0
orphan_transaction,83a0c5bd158495962f87a34a5427da2f,M9002657,2025-05-06 21:40:09,85.12,149.0
orphan_transaction,58d96ed3f38de3b46a6f8bfab9636c5a,M9002658,2026-04-25 19:07:38,58.15,102.0
orphan_transaction,f49ccdb647914e58108212ccefaeb510,M9002659,2026-01-08 13:26:01,48.01,96.0
orphan_transaction,1c979811210b5d358982fd2bb13ca9ab,M9002660,2025-08-31 02:16:12,23.9,55.0
orphan_transaction,a8a990221ec923a478487eede13c541b,M9002661,2025-07-18 02:37:53,38.05,88.0
orphan_transaction,5a62026570908ea66d1fa5e1bc46780c,M9002662,2026-04-11 21:17:38,31.82,56.0
orphan_transaction,64f080bae1bc6f113810547a6811b34a,M9002663,2025-04-05 22:45:25,71.26,143.0
orphan_transaction,ea2b83f06361ad9e4629b283e2dadb66,M9002664,2025-08-26 04:38:32,63.12,110.0
orphan_transaction,725cb60d84bd80e96b4fc10db58e34d3,M9002665,2025-06-07 08:24:32,89.58,179.0
orphan_transaction,c664a0db777cc6dbc9ccc16530649417,M9002666,2026-06-23 01:01:12,65.26,114.0
orphan_transaction,4240e047320b500effb777c6b624e3b3,M9002667,2026-02-25 07:44:41,43.83,101.0
orphan_transaction,49856c82c3953a5052a3200bf2493358,M9002668,2025-01-25 01:48:18,47.31,95.0
orphan_transaction,d0b718ec88380922197dd3dc4b61573b,M9002669,2025-03-25 12:56:01,70.89,124.0
orphan_transaction,bf60d55f55f733eb19655eb37b1d642b,M9002670,2025-09-06 01:00:00,89.05,205.0
orphan_transaction,b9ada8a46ba657417e5c716ae76c3a94,M9002671,2025-01-09 23:01:31,73.19,128.0
orphan_transaction,8f56799e120e27cae0ade74260d0b487,M9002672,2025-01-14 00:07:35,113.05,260.0
orphan_transaction,8815a6584f2c4183ae58907097f1f472,M9002673,2026-04-10 17:15:23,99.7,174.0
orphan_transaction,a42c7e57c41c7929b2c71ca5275fda1b,M9002674,2025-05-04 05:38:13,36.04,63.0
orphan_transaction,64cdd375c8a257be3b3c5c94de505ac9,M9002675,2025-05-14 14:43:14,38.63,77.0
orphan_transaction,3971f3c60bb85939587f481d658cfb54,M9002676,2025-04-30 18:43:04,27.49,48.0
orphan_transaction,507769868449928b1ff2feb4380901fd,M9002677,2025-06-14 01:30:38,105.28,242.0
orphan_transaction,8a7ff5ed87391bab561bdd96d49fe957,M9002678,2025-07-06 10:25:57,99.83,230.0
orphan_transaction,f0103cb18c003952f0111c2f37921ed1,M9002679,2025-10-05 21:01:39,65.66,131.0
orphan_transaction,73f1ad2464d939689344444e886ae7aa,M9002680,2026-01-04 21:49:53,73.37,147.0
orphan_transaction,7fdb983a4ac9d03a533f2cf7294ffe27,M9002681,2026-02-19 14:14:58,65.71,115.0
orphan_transaction,dc55df9bf6a88a7958d1441d746ec62c,M9002682,2026-05-31 11:03:56,93.08,214.0
orphan_transaction,2c357fb6c5d4b314f3dcd55a58977aab,M9002683,2025-10-05 08:34:49,125.48,220.0
orphan_transaction,4eed4953c91eb68465bc7a88a51fdc69,M9002684,2025-04-17 21:20:39,78.41,157.0
orphan_transaction,7e16ab79064967c9a88f3542df2a9f6d,M9002685,2025-04-18 03:06:43,52.71,105.0
orphan_transaction,faf95807a1aba4ec5047ba66c84aa795,M9002686,2025-12-12 12:11:18,38.13,67.0
orphan_transaction,cd0073822ac2053c1c1b15a0006b79d2,M9002687,2026-02-24 23:12:36,37.79,87.0
orphan_transaction,3f497608392881f58bc112b439ad878c,M9002688,2025-02-13 23:12:07,141.07,282.0
orphan_transaction,a08bc1aac653eaf7c4b064c5a58f5035,M9002689,2025-08-18 19:31:43,30.29,53.0
orphan_transaction,cbaf984b2d7ba23594ab0d7f6991d1f7,M9002690,2026-06-26 14:08:35,39.49,69.0
orphan_transaction,b76cb79a0111670affd7dee8c19d54ab,M9002691,2025-09-01 21:49:29,54.16,95.0
orphan_transaction,5d1658dd4161d2481e33bf22b77999b2,M9002692,2025-07-14 13:56:33,86.56,173.0
orphan_transaction,61e47cef19508ba91feebcea8e337025,M9002693,2026-05-19 23:41:58,135.7,271.0
orphan_transaction,7d668a873d4382bdfccce985b4dc0c0b,M9002694,2026-03-08 18:32:54,46.76,94.0
orphan_transaction,fe9fdc9e204cc82858c485784b1323aa,M9002695,2026-01-09 12:43:35,53.6,94.0
orphan_transaction,c259ac546d0efa703af1573738a4d07c,M9002696,2025-04-20 02:32:08,27.9,49.0
orphan_transaction,41a33e7ac7850006b78ef20c8bbc285d,M9002697,2025-02-17 02:09:47,62.33,109.0
orphan_transaction,b4054d3fbb665518c789bc6d533fc8b1,M9002698,2026-02-24 13:59:11,69.74,160.0
orphan_transaction,7080114e4ccefe13a86ae88d46139282,M9002699,2025-03-01 21:46:05,33.64,77.0
orphan_transaction,8dc6a482199ad7bc7b950366ee66d992,M9002700,2026-06-26 08:17:16,38.74,68.0
orphan_transaction,f1adacfb0bea0b3d6002af3bd5016e53,M9002701,2026-02-25 10:43:00,37.78,66.0
orphan_transaction,d6d75600b0173b290838be8d0c262135,M9002702,2025-11-20 18:03:38,31.44,72.0
orphan_transaction,b5f8411a252c87d81392a91b034d9f65,M9002703,2025-07-19 07:41:55,79.75,140.0
orphan_transaction,715d1092ad9ad4ec48f8037e7c14b477,M9002704,2026-02-18 23:11:26,61.84,142.0
orphan_transaction,e3bdfc0f4972e1f0bd636e383498fd91,M9002705,2025-12-19 00:49:57,51.97,104.0
orphan_transaction,7c600ff35fbbddf4c4d2fb152da3d02e,M9002706,2025-11-28 07:17:22,94.88,190.0
orphan_transaction,7680d1ce6a9b9ded992978449fe7d8bd,M9002707,2026-06-10 15:21:04,22.91,46.0
orphan_transaction,93a95073c5fe382b54a92e9c8c5b1a26,M9002708,2025-05-20 07:47:30,21.03,48.0
orphan_transaction,354851be9a2310d7a0f92b673a2938e2,M9002709,2025-06-26 19:26:38,71.67,165.0
orphan_transaction,fe240aaea2b5e26b523ad57af1942c52,M9002710,2025-12-09 18:54:45,50.34,116.0
orphan_transaction,4b3362916c3bce389abb29916624b812,M9002711,2025-07-01 05:31:14,66.71,153.0
orphan_transaction,12051f9e6b14261afa903e10e95772bd,M9002712,2026-01-17 11:47:06,116.77,204.0
orphan_transaction,369bcdb20f27a0ab07139565ee8da3ad,M9002713,2026-06-03 23:39:00,24.39,43.0
orphan_transaction,938fd7dd470eaa8ab563be92e131158b,M9002714,2025-08-26 23:47:38,14.08,28.0
orphan_transaction,dc7fbf8ab2652a81c08d14b765c87bde,M9002715,2025-04-08 11:03:51,25.31,51.0
orphan_transaction,4cf4ea96a4d2541ac0403eb189736546,M9002716,2025-08-09 11:00:52,26.24,46.0
orphan_transaction,0c17d54b03503c27ba19b21cd8b1d706,M9002717,2025-01-02 19:12:11,35.71,82.0
orphan_transaction,95f84615ef470633e6be869e4cc80d69,M9002718,2026-01-28 04:07:46,57.2,100.0
orphan_transaction,dba4ed61edc29adb2666440d40ae380a,M9002719,2025-02-12 08:55:11,27.48,48.0
orphan_transaction,f782624e5477658a7461ffe807b794d6,M9002720,2025-08-25 08:46:46,62.44,109.0
orphan_transaction,9a0bcf251e804152a689c063efa53b20,M9002721,2026-04-05 14:00:05,55.01,96.0
orphan_transaction,8499136743076acb90e57b4ac6f205e0,M9002722,2026-06-19 18:48:52,45.51,105.0
orphan_transaction,7dd15be3668028b22884241bc7b5b1ac,M9002723,2025-02-18 22:26:39,40.33,93.0
orphan_transaction,2d0747c2c0a4db2afe72f2dab96d9d17,M9002724,2025-02-09 19:36:16,37.43,75.0
orphan_transaction,5ec42cdfdc6d5858e5c548fb6cee3fbc,M9002725,2025-04-20 10:34:51,29.45,59.0
orphan_transaction,8c68364bf92febdd0722b06306e18ac3,M9002726,2026-02-24 17:18:45,37.04,65.0
orphan_transaction,5c27b163dd8c82682990aaba32906e72,M9002727,2026-04-10 14:24:27,91.17,182.0
orphan_transaction,a6a00a335699d4d5121d8e6b20eac7f8,M9002728,2025-05-08 14:53:19,23.69,47.0
orphan_transaction,ef5eebe6a74117a31b600fcc3c612a4d,M9002729,2025-05-27 23:11:41,98.37,197.0
orphan_transaction,a4c1440e6741fa7654ccb0fddcd3c310,M9002730,2026-06-23 18:50:45,59.99,120.0
orphan_transaction,12c1c63da296b2914efbb5f2d7ae91dd,M9002731,2026-02-19 19:31:30,46.83,108.0
orphan_transaction,42e434dbbec30e2b8d16d61267b2157a,M9002732,2026-05-27 16:48:31,28.66,66.0
orphan_transaction,a378998c5379a992909f91f4aacb7e2b,M9002733,2026-01-17 15:58:09,155.97,273.0
orphan_transaction,fa56a5c23bcf931d84fb15711dae6baf,M9002734,2025-07-27 02:13:09,32.83,57.0
orphan_transaction,db766e4032a8bfea0c63abea53a057df,M9002735,2025-06-13 08:31:49,28.55,57.0
orphan_transaction,2c8a8ff076168271fac826f9506527ec,M9002736,2025-06-26 12:46:55,43.07,86.0
orphan_transaction,823c925da663b988beaab96b5121678a,M9002737,2025-09-18 23:48:22,33.24,76.0
orphan_transaction,85aaf532bcd3df7903756385479306a9,M9002738,2025-12-06 07:46:52,38.8,78.0
orphan_transaction,e5779e82258a47bc3fd11b4633ced3ce,M9002739,2026-03-13 18:38:45,146.06,336.0
orphan_transaction,4e57848cfb773d78d720e3741c986b85,M9002740,2025-03-01 16:30:53,40.46,71.0
orphan_transaction,3e834be2fe7a8d2760dd17ccfcfe1aaf,M9002741,2026-06-03 00:50:06,51.44,118.0
orphan_transaction,7b89a124690c72f4388632c4d4251687,M9002742,2026-02-16 17:10:49,73.8,148.0
orphan_transaction,8897ce7c6f277cd02eeff7388e0de697,M9002743,2025-01-31 21:04:12,43.31,100.0
orphan_transaction,c90c029efa5972d72cc1c27f55ddb08e,M9002744,2026-02-16 08:19:06,27.88,49.0
orphan_transaction,7772e3d3dc62ea229c1ecfb78c0676ba,M9002745,2026-01-15 06:02:47,99.06,198.0
orphan_transaction,0f84688548ada8bd65ab111a74b9444d,M9002746,2026-03-18 02:27:55,30.88,54.0
orphan_transaction,f1278d103a4b446029225125bd3e239e,M9002747,2025-04-06 07:52:25,161.77,372.0
orphan_transaction,e4a13967ef32d848d4ab99a2a7dc220d,M9002748,2026-06-09 23:09:29,71.22,125.0
orphan_transaction,5bc857d8890168d3a68fe4eaa6b7eb4d,M9002749,2026-02-14 22:08:42,41.31,83.0
orphan_transaction,2261a2138d7a06284d94f311f6c556b9,M9002750,2025-08-16 09:49:39,90.67,209.0
orphan_transaction,e68c4ba29574e0fcd7cd5bce2276e42b,M9002751,2025-12-07 02:42:33,51.7,119.0
orphan_transaction,9fcd2c041445d580f2cbb29e889de842,M9002752,2025-06-13 19:55:01,164.03,377.0
orphan_transaction,9117902a96a671d68052b34a676449f8,M9002754,2026-02-19 04:05:26,70.27,141.0
orphan_transaction,108410ecf48aca4ee76cacfc36e05096,M9002755,2025-06-23 22:57:40,52.42,92.0
orphan_transaction,3d857ab76d41bf4cdc9300fc56e322b4,M9002756,2025-01-25 14:02:24,26.25,60.0
orphan_transaction,1e479c2c4313e6004e6dcddc4a2b5fb2,M9002757,2025-12-12 19:37:55,55.03,96.0
orphan_transaction,73057c639cd2a2f7b86af9ed96690b4c,M9002758,2025-11-05 01:43:47,46.82,94.0
orphan_transaction,d63a353f6b638042e68eddf33752e299,M9002759,2026-06-09 03:27:30,126.67,222.0
orphan_transaction,7374eba91bd0689e9a3dded649d590b5,M9002760,2026-06-10 09:26:26,42.61,75.0
orphan_transaction,fac4a00488755d68d37ad7f56bd4d2a5,M9002761,2025-03-29 04:36:48,17.28,35.0
orphan_transaction,10c34e0a0ec35f41c9c374ad9e458490,M9002762,2025-11-06 11:43:45,58.43,117.0
orphan_transaction,156a8b5390538e435e7b7c3c7619d637,M9002763,2026-03-22 20:37:47,40.16,92.0
orphan_transaction,321f0561565f8dac150b49e58831a055,M9002764,2025-03-31 11:20:27,109.03,191.0
orphan_transaction,4daba8aea81ac5f70dcb7819c8a2714c,M9002765,2025-03-04 07:15:47,82.3,189.0
orphan_transaction,7f8b8da895ec0ae317107b0a9a740ba8,M9002766,2026-02-19 03:33:44,26.77,62.0
orphan_transaction,fb518d472c86040bed201ea98a383924,M9002767,2025-01-13 14:49:28,97.33,170.0
orphan_transaction,5122ed1d3a434fc198345548f2a8f080,M9002768,2026-05-16 11:44:45,81.15,162.0
orphan_transaction,ad79d5cd73e147f9b287c74cb240911a,M9002769,2025-06-27 22:23:01,44.1,101.0
orphan_transaction,fa9b4aac90a398db2ab9bdf64aac89b3,M9002770,2025-04-03 10:07:21,68.96,121.0
orphan_transaction,376ba4b51ccaef0e6eb7a24e4375b210,M9002771,2026-05-02 16:25:41,29.08,51.0
orphan_transaction,bdd2e685e138c55df8a34fb75b65308c,M9002772,2025-10-28 21:43:48,29.12,51.0
orphan_transaction,0fa07030e705ce4d16c62a39b480dd2f,M9002773,2026-05-19 21:31:40,49.61,87.0
orphan_transaction,62a07eaa6a4fe4f671a9ffb06141c4dc,M9002774,2025-02-03 11:02:37,56.16,98.0
orphan_transaction,1be7989e536375cc6604cc27059bbd21,M9002775,2026-06-14 13:40:21,69.51,160.0
orphan_transaction,39e64efc9f142dded081358195832f3b,M9002776,2025-01-05 03:04:58,143.82,288.0
orphan_transaction,b058a5beca11799b2fd15c3fdbb8ff34,M9002777,2026-04-09 00:00:00,47.91,84.0
orphan_transaction,ecd6efc8c757188fe5ba36153acc96a6,M9002778,2025-05-04 04:03:37,23.38,47.0
orphan_transaction,3ad1881dafe4286927666c642344a540,M9002779,2026-01-16 08:40:19,69.44,122.0
orphan_transaction,c2ce325b0287275c53e8bb55b40e9e2f,M9002780,2025-08-28 12:20:44,97.96,225.0
orphan_transaction,20b982290cec7579a0e1f77d7f76f5bb,M9002781,2025-11-16 11:51:34,47.69,110.0
orphan_transaction,18d7a72b1a423f1c60b14e8bec6b7703,M9002782,2026-04-02 23:07:20,50.81,102.0
orphan_transaction,880814874a42253e4be542790128588d,M9002783,2025-10-21 22:29:00,61.89,124.0
orphan_transaction,407a586ec99af298ca899b7cf213984d,M9002784,2026-06-22 19:04:54,31.89,64.0
orphan_transaction,3bb9f2563b80366d35494ecaf32cf36f,M9002785,2026-02-07 11:53:24,51.97,91.0
orphan_transaction,4dea58cea5e598dd2d88680192c285ec,M9002786,2026-03-18 03:32:14,23.61,54.0
orphan_transaction,897fd57f9d49b71095c8b4feb678449e,M9002787,2025-01-06 18:36:19,40.23,80.0
orphan_transaction,3eea1918d9af9982aa6b78d570797ba8,M9002788,2025-05-02 06:06:13,97.13,170.0
orphan_transaction,7f309e633eec0c6afdd45b387b8e8b71,M9002789,2025-02-25 00:36:38,35.39,71.0
orphan_transaction,69b9587cee629704f32411759f4116d0,M9002790,2025-04-28 02:31:33,89.17,178.0
orphan_transaction,29956895ac01c65d14ffa90c4e143fa9,M9002791,2026-06-05 12:07:51,35.34,81.0
orphan_transaction,98d56d595e1872c5f3d03def890d7990,M9002792,2025-03-16 17:58:58,120.83,211.0
orphan_transaction,d9a08e2aa7016d23376563601654b60b,M9002793,2025-03-18 02:19:54,43.87,88.0
orphan_transaction,723b6699a2ab513b6fb014e8c544def5,M9002794,2025-06-23 09:10:42,40.71,94.0
orphan_transaction,ddaa3537d12e01b9118866fb8cef5e54,M9002795,2025-01-28 20:54:19,37.21,65.0
orphan_transaction,bb435f6216c2c4600e30b2a29051e16d,M9002796,2025-06-09 03:47:53,176.92,407.0
orphan_transaction,e5813b4ee4eae6271e6cb2d6f5ae6c95,M9002797,2026-04-18 20:44:21,33.41,77.0
orphan_transaction,e4b1bf6b068872ba79ae5cb5543fd2e6,M9002798,2026-01-05 02:54:56,18.65,37.0
orphan_transaction,b726eac6e5e68be473590e950f1b8689,M9002799,2025-03-11 02:13:11,37.22,65.0
orphan_transaction,b2256e73d7e3666a896041ffaf40b989,M9002800,2025-04-25 20:54:58,45.83,80.0
orphan_transaction,9e24554088f5e442b80aad3227566965,M9002801,2025-09-23 15:01:24,56.15,112.0
orphan_transaction,a1f594e24588436d73f49b6bdc22070c,M9002802,2025-12-27 18:55:56,47.34,95.0
orphan_transaction,6ed39ab44216a7291b5ae4753e622421,M9002803,2025-09-08 01:48:41,36.74,64.0
orphan_transaction,7dbd996813960146d0c1f602601553c0,M9002804,2025-09-14 04:20:50,88.59,204.0
orphan_transaction,8145b6455d63c4a18dbd3c8adc80fe72,M9002805,2026-02-07 12:02:15,152.73,305.0
orphan_transaction,4657210314100f5aae048055c10e3288,M9002806,2026-06-19 23:24:23,42.63,75.0
orphan_transaction,49131a4ceb68de62da676976acbcafb1,M9002807,2026-02-18 20:23:39,54.26,95.0
orphan_transaction,2544c35d03d4821ba335f3842fa21b7a,M9002808,2025-08-14 22:38:32,13.3,23.0
orphan_transaction,259c246cf22f2924fa7f950572e8a849,M9002809,2026-01-09 10:17:25,70.68,124.0
orphan_transaction,56f3184bfac7d203fb60bb46b4952b4f,M9002810,2025-09-10 05:20:28,106.89,246.0
orphan_transaction,8c26da69752c52b61fad7972b6faf93e,M9002811,2025-11-03 13:03:23,58.37,117.0
orphan_transaction,11e49bf4ef4694dfa9944548447157d5,M9002812,2026-04-05 22:57:11,32.43,75.0
orphan_transaction,01dd5a659a7bc6cb6156e962a7ed085c,M9002813,2026-05-28 14:33:40,62.47,125.0
orphan_transaction,4993a3186800a280aa3ba4c3f4eb5a24,M9002814,2025-09-12 00:38:07,32.66,75.0
orphan_transaction,5382ce0036249faf4b4080be40558013,M9002815,2025-10-29 07:51:29,63.65,111.0
orphan_transaction,043abbc837facb4e595ebfb1e86ccb22,M9002816,2025-12-18 22:04:42,30.11,53.0
orphan_transaction,b6bd49b04d6926e1542fafd0661e9306,M9002817,2025-12-03 13:37:26,35.81,63.0
orphan_transaction,7ac4c61f5629f2a7cd152880ac885015,M9002818,2026-01-13 10:13:17,49.03,113.0
orphan_transaction,24adef91a31a8e5647119b07030c2978,M9002819,2025-12-31 13:50:33,96.09,168.0
orphan_transaction,134d4f99604478987903bcb05e61f84d,M9002820,2026-04-06 10:00:37,44.8,90.0
orphan_transaction,c67668b24cd5cd0bb8ffcd471ece9354,M9002821,2025-03-22 06:47:02,53.46,123.0
orphan_transaction,9df04bf1890dc080df6dd09015c05d71,M9002822,2025-07-21 08:30:03,45.73,80.0
orphan_transaction,fba104673ee2d1f538e07d451c3c37f3,M9002823,2025-07-27 11:28:01,19.04,44.0
orphan_transaction,d48c7e6b7ff6b1fa27b7b1c2c7ea276f,M9002824,2025-02-01 22:46:57,76.95,154.0
orphan_transaction,0c7caeaa53d7d024244a3ca51e7796ea,M9002825,2026-04-08 07:28:55,24.52,49.0
orphan_transaction,bbf11db99d7e027f22924a740ace27da,M9002826,2026-02-09 01:44:11,50.32,101.0
orphan_transaction,fa861490dadda4bd9898835183358817,M9002827,2026-04-13 15:02:42,105.21,242.0
orphan_transaction,8be1174ac4a470f6166336e9d71e6b7d,M9002828,2025-10-07 21:56:06,60.03,120.0
orphan_transaction,fea39f081ed8adf93ae0e7525be62083,M9002829,2026-01-06 05:58:47,36.48,84.0
orphan_transaction,3d29ca77f43696cc3566cdacc175318e,M9002830,2026-06-20 04:30:47,25.24,58.0
orphan_transaction,77e6e21e4ba231d22d65182df87f125c,M9002831,2025-02-08 12:37:15,63.48,127.0
orphan_transaction,7e270ca191025b6a8b13e959a7838fdb,M9002832,2025-03-17 14:06:02,75.53,151.0
orphan_transaction,acf1bef21268495edf7d2e4e8c0de583,M9002833,2025-07-18 12:36:45,35.39,62.0
orphan_transaction,95ebe7ac1c9013ec0af512ba61551ccc,M9002834,2025-04-09 04:58:25,74.95,172.0
orphan_transaction,339fcf07e568e1b2fc8392fb0b6f7704,M9002835,2025-03-14 15:47:52,36.88,65.0
orphan_transaction,dc1af1260161050dfe21a75d9b34c464,M9002836,2025-08-31 22:17:07,51.62,103.0
orphan_transaction,506a9f6b0b83e6327f2aca72e04151b5,M9002837,2025-05-09 17:18:06,89.35,179.0
orphan_transaction,c8898471f68481e8657670616f23bdd2,M9002838,2026-06-15 18:51:07,41.52,83.0
orphan_transaction,2f86b43e6c634532dc7306a37048196e,M9002839,2025-06-01 08:43:33,16.92,39.0
orphan_transaction,0a8b17b89cbfa2df92dfafcf86b95260,M9002840,2025-11-13 05:09:02,66.49,153.0
orphan_transaction,cd693796af1f253fcf9db2066aa814e8,M9002841,2026-06-27 22:34:25,44.52,89.0
orphan_transaction,fd6018beab8d2b2e8ab17fb8fb7e8432,M9002842,2026-03-26 03:09:48,40.17,80.0
orphan_transaction,323b60b9d9404fc9ff3c6dbb75371e27,M9002843,2026-03-08 14:20:07,57.79,101.0
orphan_transaction,aed02c366952c99ff29600eaf665951b,M9002844,2025-09-02 10:56:13,112.47,197.0
orphan_transaction,f854234a00c969b7e333398df4e1b8f5,M9002845,2025-04-20 20:28:44,69.58,122.0
orphan_transaction,0859007793a50ee7b5f944172ce66961,M9002846,2026-06-27 00:00:00,44.71,78.0
orphan_transaction,74270c4b1c1f17d34ebd79eef4e7b419,M9002847,2026-02-12 05:35:42,201.21,463.0
orphan_transaction,8e94a87276f56f612ff7c8e2d32b85f9,M9002848,2025-01-06 00:12:41,161.26,371.0
orphan_transaction,4f765fecc9e56ca3e2fa19798c14e838,M9002849,2025-01-20 23:07:13,75.2,132.0
orphan_transaction,e6742e89b08d364ef55641c123a8ac9a,M9002850,2025-10-21 06:27:05,89.47,157.0
orphan_transaction,614eca5b75092914f2a38b8184dacc20,M9002851,2025-01-08 01:56:23,29.69,52.0
orphan_transaction,8e7789b243e61d6ee5fa141dbdbc88d2,M9002852,2025-01-18 20:51:18,58.25,116.0
orphan_transaction,d9f3dc30f06c475fa545825ead901340,M9002853,2026-01-18 12:28:05,81.47,163.0
orphan_transaction,65ec24d52eec0f45a86c5cef257d6a54,M9002854,2025-04-19 20:32:49,27.41,55.0
orphan_transaction,ca815a28d8f6775aa5afa1d324c57d75,M9002855,2026-03-06 06:29:10,43.17,86.0
orphan_transaction,044ce91e3e0b86d40d384e394a4887b4,M9002856,2026-05-07 00:49:53,58.4,117.0
orphan_transaction,47ca33c444d91df1f1397eedbb3db729,M9002857,2026-02-20 09:38:55,49.85,87.0
orphan_transaction,d7757fce80b0b30cc37e3365ab728bd3,M9002858,2025-01-16 05:49:31,35.51,62.0
orphan_transaction,9f8ad89175c5b62a005c8250ba966a2e,M9002859,2025-02-11 12:48:59,41.96,73.0
orphan_transaction,e92ee08bbe6a1337f86b8c566ac7e284,M9002860,2026-06-06 03:50:35,81.31,187.0
orphan_transaction,41f422648c9af1eaf32accd50b46b819,M9002861,2025-07-13 18:40:15,117.48,270.0
orphan_transaction,509a669e6b3a3ed9e090f5adf034eb5d,M9002862,2026-03-24 22:14:54,43.48,100.0
orphan_transaction,29e6acbc5c4b80bd9a0947faf0873ad9,M9002863,2026-04-07 09:34:30,28.56,57.0
orphan_transaction,2e395a82462a6f3649a60109a7c5c3a4,M9002864,2025-06-06 01:07:02,25.61,51.0
orphan_transaction,676832423d3f769702c2e6bd966654ee,M9002865,2026-03-09 06:11:45,74.63,149.0
orphan_transaction,caec36ad7a1c2d4a346a1cdffc52cad2,M9002866,2025-07-19 11:12:15,29.79,60.0
orphan_transaction,01cd6babcde2b786b8d43188dcdf4c29,M9002867,2025-10-04 00:40:57,37.86,76.0
orphan_transaction,666807ac86e292e1c422b48e9f17371c,M9002868,2026-05-27 03:51:49,28.57,57.0
orphan_transaction,da7cb5d45b96a2927c588d959c0f11e0,M9002869,2025-12-20 20:12:18,24.87,44.0
orphan_transaction,0056019baa4f4689f99534fdf3b025c6,M9002870,2026-03-16 04:23:38,21.87,38.0
orphan_transaction,9247ba4ef719204124df9c0569224b60,M9002871,2025-03-15 22:53:50,43.37,87.0
orphan_transaction,1f5399c269f770ade7ec9755a9701039,M9002872,2025-02-21 01:49:22,57.46,132.0
orphan_transaction,324ba9e0dd8667a0578a84860415eb72,M9002873,2026-04-07 05:51:21,29.94,52.0
orphan_transaction,591e88e99708057d24bff7a44b6cb821,M9002874,2025-05-17 21:55:23,87.02,174.0
orphan_transaction,9877e0dd9c4d4287ba0d0c0bb6e6e8be,M9002875,2025-07-14 18:49:40,44.46,78.0
orphan_transaction,e63fabb2ddd807845ba965832aad6e4c,M9002876,2026-05-22 04:24:15,53.38,123.0
orphan_transaction,4f19d78eadba0d287bb09fd959bf5bfe,M9002877,2026-06-01 01:59:54,32.81,57.0
orphan_transaction,86a99c21b1937ccf7c0a255f35b615f7,M9002878,2025-04-01 06:45:42,55.59,111.0
orphan_transaction,e6b73d21e9201531aced65c22b5c2b5e,M9002879,2025-03-31 13:25:50,45.01,104.0
orphan_transaction,c5715eff1b5973d85e66f7ec24376931,M9002880,2025-09-10 00:29:20,17.07,34.0
orphan_transaction,25da6cdcc4a9cf19a867a45c422f8584,M9002881,2025-04-30 09:30:28,148.89,261.0
orphan_transaction,d050c0cd9beb84e3b7c55f8b4b5da20b,M9002882,2025-12-01 20:21:31,86.83,174.0
orphan_transaction,6d78f34c345aa461c249b8ac7b709692,M9002883,2025-10-25 18:34:55,44.92,103.0
orphan_transaction,35e62cc7a32245cb4ff24db0c9581706,M9002884,2025-07-24 21:41:03,45.94,80.0
orphan_transaction,549c20ee245b8ad07dba931b984d08a1,M9002885,2026-05-13 09:46:42,86.11,151.0
orphan_transaction,51bacf94d3783d4b106369df4f800f74,M9002886,2026-01-09 03:10:11,60.76,106.0
orphan_transaction,4cf500216c380495c1cad45eee5f00df,M9002887,2025-03-31 00:50:50,69.14,159.0
orphan_transaction,f48fe283a07a1cd9eb293b1b8595eb22,M9002888,2025-08-02 21:14:07,54.03,108.0
orphan_transaction,0b791630a0c4061cf9a78c2d7f2100be,M9002889,2026-03-18 08:15:03,169.02,296.0
orphan_transaction,a631eb8aa611c51aaa955512c645967b,M9002890,2025-05-13 18:41:26,27.9,49.0
orphan_transaction,050576ed619ef950ab5c0ec59d345fe1,M9002891,2025-12-17 05:08:41,53.22,106.0
orphan_transaction,ec3aa74ca5da17b358daa4bd4a7307a4,M9002892,2026-02-09 19:14:51,109.99,192.0
orphan_transaction,305e2bf47aa0cf2e422af4d4212bda64,M9002893,2026-01-19 03:58:24,14.31,29.0
orphan_transaction,14640b26bdf815be5a5f9ebda759e920,M9002894,2026-05-07 14:35:28,50.36,88.0
orphan_transaction,443a61e5a6d956420de92fe0b2b0a0b3,M9002895,2026-06-01 06:56:33,44.13,101.0
orphan_transaction,7d378ed41811a6ec4517fc65809ddfeb,M9002896,2025-01-13 10:14:59,114.93,201.0
orphan_transaction,401da1a8f0dfd8c230083e536f43b579,M9002897,2025-04-14 20:52:17,112.94,198.0
orphan_transaction,94149ed2b6109789cc3e9aa3847af19b,M9002898,2026-01-14 12:32:25,39.92,80.0
orphan_transaction,d1cb94aa5949f5f3a4a99331bb58c926,M9002899,2026-03-22 13:45:44,42.66,75.0
orphan_transaction,0be044acaeb3c05e24a2317b2e93dcc3,M9002900,2025-06-26 11:19:09,43.11,99.0
orphan_transaction,bc64099eac443a30b3c56f1930893e38,M9002901,2025-11-25 15:20:04,41.77,96.0
orphan_transaction,baf175049f966d473c0f5559e69dcf93,M9002902,2025-11-28 22:53:51,28.74,57.0
orphan_transaction,d3c3cad77f612a0d6a0a7eb0319c6baa,M9002903,2025-10-31 16:12:15,48.85,112.0
orphan_transaction,fad37b730c79ca370c6aa10c044846ab,M9002904,2026-02-20 10:32:28,24.82,57.0
orphan_transaction,5f91ccb767ff42a17580b2345d454a0e,M9002905,2025-11-16 23:57:07,189.28,331.0
orphan_transaction,9b452d41eed6eb77474e05e19e5b08e3,M9002906,2026-05-30 08:29:22,56.67,113.0
orphan_transaction,5f1d3892689c09a931e964a6556c4a65,M9002907,2026-03-15 00:32:27,60.49,106.0
orphan_transaction,4fe707b5cd8ceb95434f2ae2e983c28a,M9002908,2026-01-12 10:07:06,74.85,172.0
orphan_transaction,64e4e13c65b9e4c4d31e73cbdb622c74,M9002909,2025-04-15 08:02:48,91.24,182.0
orphan_transaction,be987f1dac369f88c66b5f9ac3b0b8ec,M9002910,2026-05-06 13:34:24,44.32,89.0
orphan_transaction,fe170e093a15d261fe6b9ea65e9a388c,M9002911,2025-12-04 19:44:08,15.13,26.0
orphan_transaction,486cba774b50a90f83e2ae8ffe04ff8d,M9002912,2025-10-11 18:26:20,300.41,526.0
orphan_transaction,164349028b61ae86c99e95b71aaa8ab0,M9002913,2026-05-25 10:15:42,25.98,45.0
orphan_transaction,20c7a9af930da0036083c10078948c81,M9002914,2025-08-19 10:27:44,122.76,282.0
orphan_transaction,bbf1629757d2ba09476943c6ca7d4748,M9002915,2025-06-23 17:12:30,86.83,200.0
orphan_transaction,470000c35ccd40e6e37aadb9e692c69f,M9002916,2025-11-17 04:46:17,51.66,119.0
orphan_transaction,bdd842a2013ded656d31e9b163397485,M9002917,2025-10-09 17:37:01,51.63,103.0
orphan_transaction,e33f06cab6394a78957c039400d1e616,M9002918,2025-09-28 14:53:08,115.21,265.0
orphan_transaction,0262c92d5464ed744b0b8ce839acbcb0,M9002919,2025-05-31 13:19:19,78.09,137.0
orphan_transaction,94bea7778479a0fb3aae4feaf6f7a148,M9002920,2025-03-03 01:17:13,30.33,53.0
orphan_transaction,e5ef7a3cfdd4f80ab5193dcfe41a030a,M9002921,2025-06-25 00:14:11,21.66,50.0
orphan_transaction,9e16cd2061184f70f3604070a9fef0ee,M9002922,2025-04-07 12:34:12,17.68,35.0
orphan_transaction,c3f806128543a475ecb83ec8d2ac2469,M9002923,2026-06-16 17:12:01,45.71,91.0
orphan_transaction,1623644b4a6aa9b00a44773c2a862d53,M9002924,2026-04-28 22:49:02,104.53,240.0
orphan_transaction,5754fac663d3739cb0fcf0da0424d129,M9002925,2025-02-16 15:52:39,19.35,34.0
orphan_transaction,561736b95eef3831c1999301a8a38f43,M9002926,2025-08-10 11:06:23,80.21,140.0
orphan_transaction,f1bbd5551c9a7b03411e0dbf0aa3095f,M9002927,2026-03-31 19:01:22,40.55,81.0
orphan_transaction,f26aee97ca109dc047896b726d9acaac,M9002928,2026-04-30 09:36:38,51.18,90.0
orphan_transaction,8eb9572eb21fe56faebe18715b9092bb,M9002929,2025-10-02 16:03:07,110.41,221.0
orphan_transaction,fec3647fe9a90671515b406ff8e85422,M9002930,2025-09-05 16:03:17,84.03,147.0
orphan_transaction,549650aa2442aac102fab4d430bf522c,M9002931,2026-04-10 04:11:28,17.39,35.0
orphan_transaction,9f7de2ee57c6a3c4580ac62d6586dd8c,M9002932,2025-07-20 10:48:48,20.31,41.0
orphan_transaction,cfc8801d49f0d810244659758deb6d2c,M9002933,2025-02-03 13:27:14,25.47,59.0
orphan_transaction,c8f83d8b272a1248c309400247f02f95,M9002934,2025-07-18 22:33:47,21.36,43.0
orphan_transaction,07f8a5685e1bf4116cbc403163331c4f,M9002935,2025-04-27 02:06:04,29.03,51.0
orphan_transaction,05b8e53faf1efd43741c4a95431380db,M9002936,2026-01-05 10:58:19,67.21,118.0
orphan_transaction,b468470e6eb775943767b34357e7cf01,M9002937,2026-06-14 20:11:00,52.5,105.0
orphan_transaction,834f1de0f0b7f8e9774d9c617506229f,M9002938,2026-06-24 12:02:35,33.34,58.0
orphan_transaction,52fc9f049af0847391ad57ba2d7f9fb0,M9002939,2025-02-22 05:29:22,90.02,158.0
orphan_transaction,7096ad993cd3889251bb5e9833df6658,M9002940,2026-02-03 06:33:56,99.37,229.0
orphan_transaction,6e8855bb178161fa002719f2630068e1,M9002941,2026-03-29 06:01:14,54.18,125.0
orphan_transaction,dc0a8a2d5fd349a639a83d2507f18980,M9002942,2025-09-02 06:51:30,75.76,133.0
orphan_transaction,657fa7b8b313e329bb84eed9b39ff525,M9002943,2025-05-30 12:02:11,18.31,32.0
orphan_transaction,d4ca13b12f2223a0976ae4a1ba0274cf,M9002944,2025-06-07 10:31:10,106.46,213.0
orphan_transaction,630664369a89911302f95a5908cc222c,M9002945,2025-03-21 15:02:02,75.33,151.0
orphan_transaction,2a1a68bae1566860748e88cdb0d8a00a,M9002946,2025-02-24 06:31:56,50.96,117.0
orphan_transaction,09d983bca7e5ddce99d270e98929a5f2,M9002947,2025-04-15 13:24:29,25.91,52.0
orphan_transaction,a13a0be7ac4e48da3528c28cd57fbcb1,M9002948,2025-09-28 23:06:19,19.58,45.0
orphan_transaction,70c477a0858c170e0bf779d4c3295dff,M9002949,2025-12-27 22:16:10,21.06,42.0
orphan_transaction,990cbf5392d36f5fe1408d5f3e1d443f,M9002950,2025-02-14 17:38:14,100.85,232.0
orphan_transaction,35e2118b2c7cd25fbae28fefa279d190,M9002951,2025-02-17 06:19:24,100.73,201.0
orphan_transaction,2f4cefc0180038214cad6460416acecd,M9002952,2025-05-24 22:54:00,36.48,64.0
orphan_transaction,72eca739ef6aa1ddaca8daef81c2d673,M9002953,2025-08-12 03:50:42,45.47,105.0
orphan_transaction,8ca8bf38652f3aab1fe358bf760071e5,M9002954,2025-06-17 21:07:07,43.92,88.0
orphan_transaction,c30d47402f921c21f1d9a1b9a93c146b,M9002955,2026-03-25 21:29:51,16.16,28.0
orphan_transaction,d7ff8dcd441a6f612dc90bf932281fe1,M9002956,2025-09-03 05:37:18,29.6,68.0
orphan_transaction,4d726f5ac743278b73f222e3258dd3a7,M9002957,2025-12-07 16:44:23,28.6,50.0
orphan_transaction,2580d31297a2b25919b28d4888679231,M9002958,2026-04-01 22:54:05,100.73,232.0
orphan_transaction,113c6f4cf2c05bea38934e1b4e7239bd,M9002959,2025-08-18 11:06:46,34.26,79.0
orphan_transaction,84283814cef70f3637a9835e9de1eb77,M9002960,2025-10-02 21:39:08,87.09,200.0
orphan_transaction,0133da8b4b3405188a7563f0f401f02f,M9002961,2025-10-11 20:11:48,89.71,179.0
orphan_transaction,e985431b7359297d2268ef19cf1269b6,M9002962,2026-05-24 20:52:09,46.04,81.0
orphan_transaction,809b30051f3da7a7a4a1ff1109280130,M9002963,2025-06-09 20:47:23,27.59,48.0
orphan_transaction,6b8ec1547d587e0bf4d9cf64274f659a,M9002964,2025-05-20 23:06:06,86.17,151.0
orphan_transaction,214661ca572d96f288412a026486a8a8,M9002965,2025-07-01 15:35:04,37.7,75.0
orphan_transaction,a4252cf80b3f498d0e016524fbd70f11,M9002966,2025-04-25 23:26:32,55.42,111.0
orphan_transaction,f9824e28518b49c64895ec9a077de723,M9002967,2025-09-12 17:49:56,48.17,84.0
orphan_transaction,e44f8f1e7e6233568a8808d266eda7bd,M9002968,2025-03-12 02:32:47,114.82,201.0
orphan_transaction,70ba81730b55b46a29e068e675d0eb5f,M9002969,2025-09-25 04:50:43,56.16,112.0
orphan_transaction,156669f4b382d5224f6f56bb1a51e2e7,M9002970,2025-04-12 17:14:57,134.63,310.0
orphan_transaction,f8483acfb2f391c78e6d0937626e0815,M9002971,2025-06-22 08:18:59,106.18,212.0
orphan_transaction,ac9f5f2255dd67c3d92e9602f22ea1a7,M9002972,2026-02-24 16:49:36,30.73,61.0
orphan_transaction,a9696ff66879df4d6ca2705b407131c7,M9002973,2025-09-29 21:47:48,59.54,119.0
orphan_transaction,9acba3a1d5dbab409d9ad55758e5b47b,M9002974,2025-03-22 01:03:37,65.28,150.0
orphan_transaction,5166aea968cda7b277cdfafe6d2a0fd1,M9002975,2025-01-20 08:40:54,30.27,53.0
orphan_transaction,1ae83deaaf444ff9dc5996e47768d10f,M9002976,2025-03-11 12:08:02,57.67,133.0
orphan_transaction,586a1fb57369163c133c957f624492aa,M9002977,2026-02-04 23:18:58,66.77,134.0
orphan_transaction,fe0a8ef45999bf3ef1cd2b2f0aa42e99,M9002978,2026-05-08 07:07:19,68.51,137.0
orphan_transaction,1de04eee1b573f5431f9334e7dddb8ce,M9002979,2026-01-08 19:57:54,88.54,177.0
orphan_transaction,476c47e33adc7180be42bd4bc2c5bde8,M9002980,2025-05-09 07:35:08,146.37,337.0
orphan_transaction,4aa97a216a538a1ffb67440d30ffe417,M9002981,2025-04-10 03:36:05,58.97,136.0
orphan_transaction,f0f2c207e7877ecd1ab147be94e6d9e2,M9002982,2025-10-02 09:13:32,66.17,152.0
orphan_transaction,65f4bb97f763d8e3e9c6c5ce1ea05384,M9002983,2025-06-19 16:38:54,48.15,96.0
orphan_transaction,5894f521e07411ece75997d4b165722b,M9002984,2025-03-28 04:30:42,237.4,546.0
orphan_transaction,906a40095c86bd3e4c3150fdf7715fc1,M9002985,2026-04-15 08:00:38,87.97,154.0
orphan_transaction,d396cc7a4a5193dff9e968526a32213f,M9002986,2025-12-12 16:01:26,28.44,50.0
orphan_transaction,114ba2779258c5c1ea8ef8e270670833,M9002987,2026-03-01 22:21:01,71.08,142.0
orphan_transaction,1a94c11925d94bf61edbb29876024bde,M9002988,2025-02-17 14:47:42,68.43,157.0
orphan_transaction,d21303897120a587df782b843b887f90,M9002989,2026-04-21 07:58:52,217.98,436.0
orphan_transaction,fec63716f4f8796323473b48ce44b29a,M9002990,2025-07-11 04:57:03,120.95,278.0
orphan_transaction,4ffd66da5f9a1cb6ed954fa7dad1c7ba,M9002991,2025-03-09 07:14:07,77.89,156.0
orphan_transaction,9e892e7833d3390c7df2e867f171313b,M9002992,2025-06-16 14:00:54,30.65,54.0
orphan_transaction,a3cddfc0462f62a618a5893343bf4752,M9002993,2026-05-30 14:06:31,24.87,44.0
orphan_transaction,2ffc8c16ab5e8d6c7ea2169339cbaefa,M9002994,2025-12-28 13:11:24,36.06,72.0
orphan_transaction,c32ae3c1237d951228526d7c90b4104d,M9002995,2025-10-21 04:26:32,31.44,72.0
orphan_transaction,6f5928d059b7b8e5bceac01b94b2cb22,M9002996,2025-05-31 04:01:49,73.63,147.0
orphan_transaction,9acc216a95e095b0e47f67014d58637a,M9002997,2025-12-04 05:09:07,44.93,103.0
orphan_transaction,367cd345e7ea29f14fe9365bae86fcee,M9002998,2025-06-15 03:58:52,282.08,564.0
orphan_transaction,3fbc0ca03952528c9bccfe12a0f535a2,M9002999,2026-02-28 07:32:55,59.83,120.0
